ideal_ligand,protein,native_ligand,CNN_pose,CNN_VS,RMSD
27J_min,1GWR,EST_redock_1GWR,0.7181,4.8911,inf
27J_min,4TUZ,36J_redock_4TUZ,0.7166,4.7162,1.4198
27J_min,3UUD,EST_redock_3UUD,0.6996,4.7174,inf
27J_min,6CBZ,EST_redock_6CBZ,0.6975,4.6609,inf
27J_min,4MG9,27K_redock_4MG9,0.6571,4.5060,2.0088
27J_min,4ZN7,DES_redock_4ZN7,0.6563,4.2751,inf
27J_min,3ERD,DES_redock_3ERD,0.6122,3.9326,inf
27J_min,4MG8,27J_redock_4MG8,0.6103,3.9176,1.4909
27J_min,4MGC,27M_redock_4MGC,0.6062,4.0048,inf
27J_min,1ERE,EST_redock_1ERE,0.5555,3.5479,inf
27J_min,1G50,EST_redock_1G50,0.4739,3.0418,inf
27J_min,3UU7,2OH_redock_3UU7,0.4592,3.0779,inf
27J_min,4MGA,27L_redock_4MGA,0.4318,2.6958,inf
27K_min,4ZN7,DES_redock_4ZN7,0.9421,5.5456,inf
27K_min,3UUD,EST_redock_3UUD,0.9279,5.4029,inf
27K_min,4MG9,27K_redock_4MG9,0.9252,5.1553,2.4534
27K_min,6CBZ,EST_redock_6CBZ,0.9211,5.4796,inf
27K_min,3ERD,DES_redock_3ERD,0.9184,5.2166,inf
27K_min,1GWR,EST_redock_1GWR,0.9141,5.0314,inf
27K_min,3UU7,2OH_redock_3UU7,0.9121,5.3711,inf
27K_min,1G50,EST_redock_1G50,0.9090,5.8026,inf
27K_min,4MGC,27M_redock_4MGC,0.8973,5.0679,inf
27K_min,4MG8,27J_redock_4MG8,0.8971,5.6694,inf
27K_min,1ERE,EST_redock_1ERE,0.8956,4.8320,inf
27K_min,4MGA,27L_redock_4MGA,0.8924,5.2636,inf
27K_min,4TUZ,36J_redock_4TUZ,0.8903,5.3230,inf
27L_min,3ERD,DES_redock_3ERD,0.9546,6.9257,inf
27L_min,4ZN7,DES_redock_4ZN7,0.9540,6.8003,inf
27L_min,3UUD,EST_redock_3UUD,0.9531,6.7656,inf
27L_min,4MGA,27L_redock_4MGA,0.9526,6.9066,2.8516
27L_min,1ERE,EST_redock_1ERE,0.9493,6.7934,inf
27L_min,3UU7,2OH_redock_3UU7,0.9458,6.7107,inf
27L_min,1G50,EST_redock_1G50,0.9310,6.8196,inf
27L_min,4MGC,27M_redock_4MGC,0.9263,6.3932,inf
27L_min,4MG9,27K_redock_4MG9,0.9250,6.3581,inf
27L_min,1GWR,EST_redock_1GWR,0.8996,6.1475,inf
27L_min,6CBZ,EST_redock_6CBZ,0.8972,6.2809,inf
27L_min,4TUZ,36J_redock_4TUZ,0.8902,6.2202,inf
27L_min,4MG8,27J_redock_4MG8,0.8878,5.6371,inf
27M_min,4ZN7,DES_redock_4ZN7,0.8751,5.2792,inf
27M_min,1GWR,EST_redock_1GWR,0.8742,5.1069,inf
27M_min,3ERD,DES_redock_3ERD,0.8557,4.8293,inf
27M_min,3UU7,2OH_redock_3UU7,0.8323,4.4093,inf
27M_min,4TUZ,36J_redock_4TUZ,0.8277,5.0583,inf
27M_min,4MGC,27M_redock_4MGC,0.8255,4.8109,2.2561
27M_min,4MG9,27K_redock_4MG9,0.8216,4.1545,inf
27M_min,6CBZ,EST_redock_6CBZ,0.8180,4.7329,inf
27M_min,3UUD,EST_redock_3UUD,0.8088,5.0044,inf
27M_min,4MGA,27L_redock_4MGA,0.8060,4.4579,inf
27M_min,4MG8,27J_redock_4MG8,0.7962,4.4115,inf
27M_min,1ERE,EST_redock_1ERE,0.7605,4.3775,inf
27M_min,1G50,EST_redock_1G50,0.7411,4.6725,inf
2OH_min,4ZN7,DES_redock_4ZN7,0.9181,6.5731,inf
2OH_min,4MGA,27L_redock_4MGA,0.9166,6.3624,inf
2OH_min,1GWR,EST_redock_1GWR,0.9015,6.3029,inf
2OH_min,3UU7,2OH_redock_3UU7,0.8928,6.5286,0.6088
2OH_min,1ERE,EST_redock_1ERE,0.8782,6.2405,inf
2OH_min,3ERD,DES_redock_3ERD,0.8717,6.0479,inf
2OH_min,6CBZ,EST_redock_6CBZ,0.8313,5.9759,inf
2OH_min,4MGC,27M_redock_4MGC,0.8211,5.6636,inf
2OH_min,1G50,EST_redock_1G50,0.8206,5.9616,inf
2OH_min,4MG9,27K_redock_4MG9,0.8088,5.2819,inf
2OH_min,3UUD,EST_redock_3UUD,0.8026,5.7927,inf
2OH_min,4TUZ,36J_redock_4TUZ,0.7726,5.5700,inf
2OH_min,4MG8,27J_redock_4MG8,0.7650,5.0223,inf
36J_min,4MG8,27J_redock_4MG8,0.9295,6.4932,0.4869
36J_min,4TUZ,36J_redock_4TUZ,0.8945,6.2088,0.5413
36J_min,3UUD,EST_redock_3UUD,0.8735,6.0179,inf
36J_min,1GWR,EST_redock_1GWR,0.8729,6.3103,inf
36J_min,4MGC,27M_redock_4MGC,0.8316,5.8665,inf
36J_min,1G50,EST_redock_1G50,0.8267,5.7832,inf
36J_min,3UU7,2OH_redock_3UU7,0.8187,5.7324,inf
36J_min,4MG9,27K_redock_4MG9,0.7985,5.2477,2.0990
36J_min,1ERE,EST_redock_1ERE,0.7972,5.4009,inf
36J_min,6CBZ,EST_redock_6CBZ,0.7926,5.5448,inf
36J_min,3ERD,DES_redock_3ERD,0.7733,5.2373,inf
36J_min,4MGA,27L_redock_4MGA,0.6685,4.4190,inf
36J_min,4ZN7,DES_redock_4ZN7,0.6440,4.3801,inf
Caffeine_min,4ZN7,DES_redock_4ZN7,0.7552,4.0611,inf
Caffeine_min,4MGC,27M_redock_4MGC,0.6804,3.6516,inf
Caffeine_min,3UUD,EST_redock_3UUD,0.6743,3.4597,inf
Caffeine_min,6CBZ,EST_redock_6CBZ,0.6644,3.3024,inf
Caffeine_min,1G50,EST_redock_1G50,0.6507,3.2288,inf
Caffeine_min,4MGA,27L_redock_4MGA,0.6213,3.1910,inf
Caffeine_min,3UU7,2OH_redock_3UU7,0.6038,3.1630,inf
Caffeine_min,3ERD,DES_redock_3ERD,0.5979,2.8703,inf
Caffeine_min,1GWR,EST_redock_1GWR,0.5858,2.7587,inf
Caffeine_min,1ERE,EST_redock_1ERE,0.5844,3.0135,inf
Caffeine_min,4TUZ,36J_redock_4TUZ,0.5542,2.7015,inf
Caffeine_min,4MG8,27J_redock_4MG8,0.5456,2.7882,inf
Caffeine_min,4MG9,27K_redock_4MG9,0.5318,2.5443,inf
DES_min,3ERD,DES_redock_3ERD,0.9885,8.2739,0.3510
DES_min,4ZN7,DES_redock_4ZN7,0.9840,8.3963,0.4677
DES_min,4MGC,27M_redock_4MGC,0.9596,7.8861,inf
DES_min,4MGA,27L_redock_4MGA,0.9583,7.5446,inf
DES_min,3UUD,EST_redock_3UUD,0.9467,7.6712,inf
DES_min,6CBZ,EST_redock_6CBZ,0.9392,7.6364,inf
DES_min,4MG8,27J_redock_4MG8,0.9279,7.3605,inf
DES_min,1G50,EST_redock_1G50,0.9254,7.5875,inf
DES_min,4TUZ,36J_redock_4TUZ,0.9190,7.4558,inf
DES_min,1ERE,EST_redock_1ERE,0.9186,7.5543,inf
DES_min,1GWR,EST_redock_1GWR,0.9081,7.2017,inf
DES_min,3UU7,2OH_redock_3UU7,0.8989,7.1107,inf
DES_min,4MG9,27K_redock_4MG9,0.8754,6.9190,inf
EE2_min,1ERE,EST_redock_1ERE,0.9558,8.1882,0.7314
EE2_min,4MG9,27K_redock_4MG9,0.9266,7.5236,inf
EE2_min,1GWR,EST_redock_1GWR,0.9230,7.7560,0.8461
EE2_min,6CBZ,EST_redock_6CBZ,0.8922,7.3047,0.8486
EE2_min,3UUD,EST_redock_3UUD,0.8895,7.2912,0.8209
EE2_min,3ERD,DES_redock_3ERD,0.8851,7.0307,inf
EE2_min,4ZN7,DES_redock_4ZN7,0.8767,7.2867,inf
EE2_min,4MG8,27J_redock_4MG8,0.8705,7.2609,inf
EE2_min,4TUZ,36J_redock_4TUZ,0.8450,7.0344,inf
EE2_min,1G50,EST_redock_1G50,0.8347,6.7741,1.0527
EE2_min,4MGC,27M_redock_4MGC,0.7943,6.2074,inf
EE2_min,4MGA,27L_redock_4MGA,0.7267,5.4937,inf
EE2_min,3UU7,2OH_redock_3UU7,0.6127,4.7404,inf
EST_min,3UUD,EST_redock_3UUD,0.9860,8.0865,0.6127
EST_min,6CBZ,EST_redock_6CBZ,0.9833,8.2554,0.5213
EST_min,1ERE,EST_redock_1ERE,0.9824,8.1945,0.5143
EST_min,4ZN7,DES_redock_4ZN7,0.9763,8.3095,inf
EST_min,1GWR,EST_redock_1GWR,0.9745,8.0174,0.5655
EST_min,4MG8,27J_redock_4MG8,0.9739,7.8377,inf
EST_min,3ERD,DES_redock_3ERD,0.9714,7.6719,inf
EST_min,4TUZ,36J_redock_4TUZ,0.9705,8.0251,inf
EST_min,1G50,EST_redock_1G50,0.9692,8.0906,0.8287
EST_min,4MGC,27M_redock_4MGC,0.9593,7.8159,inf
EST_min,3UU7,2OH_redock_3UU7,0.9157,7.3176,inf
EST_min,4MG9,27K_redock_4MG9,0.8965,6.8779,inf
EST_min,4MGA,27L_redock_4MGA,0.8808,7.0820,inf
Melatonin_min,4MGA,27L_redock_4MGA,0.7631,5.1309,inf
Melatonin_min,4MG8,27J_redock_4MG8,0.7310,4.9540,inf
Melatonin_min,4MGC,27M_redock_4MGC,0.6282,4.0009,inf
Melatonin_min,3ERD,DES_redock_3ERD,0.6218,4.0723,inf
Melatonin_min,1G50,EST_redock_1G50,0.6166,4.0690,inf
Melatonin_min,4ZN7,DES_redock_4ZN7,0.6162,3.9142,inf
Melatonin_min,1GWR,EST_redock_1GWR,0.5793,3.5796,inf
Melatonin_min,3UUD,EST_redock_3UUD,0.5611,3.5462,inf
Melatonin_min,4TUZ,36J_redock_4TUZ,0.5218,3.6095,inf
Melatonin_min,1ERE,EST_redock_1ERE,0.5194,3.4204,inf
Melatonin_min,6CBZ,EST_redock_6CBZ,0.5122,3.1509,inf
Melatonin_min,3UU7,2OH_redock_3UU7,0.4993,3.3154,inf
Melatonin_min,4MG9,27K_redock_4MG9,0.4207,2.6247,inf
Testosterone_min,4MGC,27M_redock_4MGC,0.9339,7.5010,inf
Testosterone_min,4TUZ,36J_redock_4TUZ,0.9078,7.2339,inf
Testosterone_min,3UUD,EST_redock_3UUD,0.9060,7.1973,0.6182
Testosterone_min,4MG8,27J_redock_4MG8,0.9058,7.2509,inf
Testosterone_min,6CBZ,EST_redock_6CBZ,0.9043,7.2466,0.6536
Testosterone_min,3ERD,DES_redock_3ERD,0.9030,6.9510,inf
Testosterone_min,3UU7,2OH_redock_3UU7,0.8875,7.0265,inf
Testosterone_min,1GWR,EST_redock_1GWR,0.8831,6.9432,0.6700
Testosterone_min,1G50,EST_redock_1G50,0.8829,7.0280,0.8846
Testosterone_min,1ERE,EST_redock_1ERE,0.8822,6.9683,0.7271
Testosterone_min,4MG9,27K_redock_4MG9,0.8739,6.6298,inf
Testosterone_min,4ZN7,DES_redock_4ZN7,0.8539,6.8480,inf
Testosterone_min,4MGA,27L_redock_4MGA,0.7815,6.1992,inf
decoy,3UU7,2OH_redock_3UU7,0.9507,6.7615,inf
decoy,4MGA,27L_redock_4MGA,0.9347,6.2636,inf
decoy,4MG9,27K_redock_4MG9,0.9079,6.4399,inf
decoy,4ZN7,DES_redock_4ZN7,0.8999,6.2031,inf
decoy,6CBZ,EST_redock_6CBZ,0.8979,6.1812,inf
decoy,3ERD,DES_redock_3ERD,0.8820,6.0291,inf
decoy,4MG8,27J_redock_4MG8,0.8812,5.8900,inf
decoy,4TUZ,36J_redock_4TUZ,0.8557,5.9868,inf
decoy,1GWR,EST_redock_1GWR,0.8489,5.8670,inf
decoy,3UUD,EST_redock_3UUD,0.8458,5.8092,inf
decoy,1G50,EST_redock_1G50,0.8328,5.8233,inf
decoy,4MGC,27M_redock_4MGC,0.8320,5.6358,inf
decoy,1ERE,EST_redock_1ERE,0.7570,5.2736,inf
decoy1,4ZN7,DES_redock_4ZN7,0.9628,6.8131,inf
decoy1,3ERD,DES_redock_3ERD,0.9547,6.4259,inf
decoy1,4MGA,27L_redock_4MGA,0.9543,6.2348,inf
decoy1,4MGC,27M_redock_4MGC,0.9245,6.0479,inf
decoy1,6CBZ,EST_redock_6CBZ,0.9235,6.3880,inf
decoy1,3UU7,2OH_redock_3UU7,0.9225,6.3245,inf
decoy1,1ERE,EST_redock_1ERE,0.9190,6.5978,inf
decoy1,1G50,EST_redock_1G50,0.9141,6.4445,inf
decoy1,4TUZ,36J_redock_4TUZ,0.9092,6.2155,inf
decoy1,4MG9,27K_redock_4MG9,0.8970,6.2846,inf
decoy1,3UUD,EST_redock_3UUD,0.8969,6.0888,inf
decoy1,4MG8,27J_redock_4MG8,0.8885,5.9273,inf
decoy1,1GWR,EST_redock_1GWR,0.8835,6.0919,inf
decoy10,4MGA,27L_redock_4MGA,0.7112,4.1587,inf
decoy10,3UU7,2OH_redock_3UU7,0.6545,4.6522,inf
decoy10,1G50,EST_redock_1G50,0.5807,3.8547,inf
decoy10,3ERD,DES_redock_3ERD,0.5324,3.6766,inf
decoy10,1GWR,EST_redock_1GWR,0.5201,2.9828,inf
decoy10,4ZN7,DES_redock_4ZN7,0.5121,3.7430,inf
decoy10,3UUD,EST_redock_3UUD,0.5120,3.4580,inf
decoy10,4MGC,27M_redock_4MGC,0.5098,2.7591,inf
decoy10,1ERE,EST_redock_1ERE,0.4996,3.3833,inf
decoy10,4MG8,27J_redock_4MG8,0.4518,2.9746,inf
decoy10,6CBZ,EST_redock_6CBZ,0.4348,2.8744,inf
decoy10,4MG9,27K_redock_4MG9,0.4278,2.8112,inf
decoy10,4TUZ,36J_redock_4TUZ,0.3665,2.5769,inf
decoy100,4MG9,27K_redock_4MG9,0.5736,3.9432,inf
decoy100,6CBZ,EST_redock_6CBZ,0.5399,3.6683,inf
decoy100,3UU7,2OH_redock_3UU7,0.5319,3.4800,inf
decoy100,4MGC,27M_redock_4MGC,0.4872,2.5959,inf
decoy100,4MG8,27J_redock_4MG8,0.4825,3.2969,inf
decoy100,1GWR,EST_redock_1GWR,0.4733,3.1278,inf
decoy100,3ERD,DES_redock_3ERD,0.4537,3.1044,inf
decoy100,4ZN7,DES_redock_4ZN7,0.4453,3.0066,inf
decoy100,4TUZ,36J_redock_4TUZ,0.4274,2.8455,inf
decoy100,4MGA,27L_redock_4MGA,0.3883,2.5576,inf
decoy100,3UUD,EST_redock_3UUD,0.3859,2.6786,inf
decoy100,1G50,EST_redock_1G50,0.3267,2.1882,inf
decoy100,1ERE,EST_redock_1ERE,0.3122,2.1809,inf
decoy101,4MG8,27J_redock_4MG8,0.9330,6.3044,inf
decoy101,4TUZ,36J_redock_4TUZ,0.8911,5.9023,inf
decoy101,4MGC,27M_redock_4MGC,0.8145,5.1620,inf
decoy101,4ZN7,DES_redock_4ZN7,0.7415,4.9950,inf
decoy101,6CBZ,EST_redock_6CBZ,0.7412,4.6852,inf
decoy101,4MG9,27K_redock_4MG9,0.6886,4.4229,inf
decoy101,1G50,EST_redock_1G50,0.6830,4.5322,inf
decoy101,1GWR,EST_redock_1GWR,0.6793,4.2546,inf
decoy101,1ERE,EST_redock_1ERE,0.6683,4.3036,inf
decoy101,3UUD,EST_redock_3UUD,0.6433,4.1429,inf
decoy101,3ERD,DES_redock_3ERD,0.6268,3.9592,inf
decoy101,4MGA,27L_redock_4MGA,0.6266,4.1681,inf
decoy101,3UU7,2OH_redock_3UU7,0.5413,3.5643,inf
decoy102,4TUZ,36J_redock_4TUZ,0.7637,5.3258,inf
decoy102,4ZN7,DES_redock_4ZN7,0.7263,5.0045,inf
decoy102,4MG8,27J_redock_4MG8,0.7098,4.4598,inf
decoy102,4MGA,27L_redock_4MGA,0.6733,4.8007,inf
decoy102,1GWR,EST_redock_1GWR,0.6582,4.1130,inf
decoy102,4MGC,27M_redock_4MGC,0.6568,4.4604,inf
decoy102,3UUD,EST_redock_3UUD,0.6349,3.7797,inf
decoy102,4MG9,27K_redock_4MG9,0.5933,3.9902,inf
decoy102,6CBZ,EST_redock_6CBZ,0.5834,4.0290,inf
decoy102,3ERD,DES_redock_3ERD,0.5767,3.9178,inf
decoy102,1ERE,EST_redock_1ERE,0.5361,3.5753,inf
decoy102,3UU7,2OH_redock_3UU7,0.5095,3.3958,inf
decoy102,1G50,EST_redock_1G50,0.4402,2.8446,inf
decoy103,4MG9,27K_redock_4MG9,0.7236,5.0933,inf
decoy103,1GWR,EST_redock_1GWR,0.5119,3.5635,inf
decoy103,3UU7,2OH_redock_3UU7,0.5011,3.4688,inf
decoy103,6CBZ,EST_redock_6CBZ,0.4960,3.4893,inf
decoy103,4TUZ,36J_redock_4TUZ,0.4923,3.5569,inf
decoy103,4ZN7,DES_redock_4ZN7,0.4910,3.3296,inf
decoy103,4MGA,27L_redock_4MGA,0.4608,2.8118,inf
decoy103,4MG8,27J_redock_4MG8,0.4487,3.1567,inf
decoy103,4MGC,27M_redock_4MGC,0.4453,3.0343,inf
decoy103,1G50,EST_redock_1G50,0.4023,2.5224,inf
decoy103,1ERE,EST_redock_1ERE,0.3969,2.7278,inf
decoy103,3UUD,EST_redock_3UUD,0.3965,2.6292,inf
decoy103,3ERD,DES_redock_3ERD,0.3156,1.8327,inf
decoy104,4MGC,27M_redock_4MGC,0.7641,5.6068,inf
decoy104,4ZN7,DES_redock_4ZN7,0.7260,5.2413,inf
decoy104,4MG8,27J_redock_4MG8,0.6522,4.2444,inf
decoy104,4MG9,27K_redock_4MG9,0.5762,3.6030,inf
decoy104,3UUD,EST_redock_3UUD,0.5648,3.7056,inf
decoy104,6CBZ,EST_redock_6CBZ,0.5608,3.7157,inf
decoy104,1GWR,EST_redock_1GWR,0.5438,3.6781,inf
decoy104,3UU7,2OH_redock_3UU7,0.5265,3.5657,inf
decoy104,3ERD,DES_redock_3ERD,0.5229,3.2501,inf
decoy104,4TUZ,36J_redock_4TUZ,0.5148,3.2125,inf
decoy104,4MGA,27L_redock_4MGA,0.4107,2.6420,inf
decoy104,1G50,EST_redock_1G50,0.4052,2.7950,inf
decoy104,1ERE,EST_redock_1ERE,0.3941,2.6962,inf
decoy105,4MG9,27K_redock_4MG9,0.6712,4.2334,inf
decoy105,1GWR,EST_redock_1GWR,0.6643,4.1289,inf
decoy105,4MG8,27J_redock_4MG8,0.6543,3.8409,inf
decoy105,4ZN7,DES_redock_4ZN7,0.6212,3.7759,inf
decoy105,6CBZ,EST_redock_6CBZ,0.6195,3.9298,inf
decoy105,4TUZ,36J_redock_4TUZ,0.6108,3.8418,inf
decoy105,3UU7,2OH_redock_3UU7,0.5946,3.7373,inf
decoy105,3ERD,DES_redock_3ERD,0.5751,3.4969,inf
decoy105,3UUD,EST_redock_3UUD,0.5685,3.4900,inf
decoy105,4MGA,27L_redock_4MGA,0.5375,3.3366,inf
decoy105,4MGC,27M_redock_4MGC,0.4927,2.8906,inf
decoy105,1G50,EST_redock_1G50,0.4875,3.0017,inf
decoy105,1ERE,EST_redock_1ERE,0.4741,2.9849,inf
decoy106,3UU7,2OH_redock_3UU7,0.6047,4.0907,inf
decoy106,1ERE,EST_redock_1ERE,0.5599,3.5791,inf
decoy106,4ZN7,DES_redock_4ZN7,0.4869,3.3137,inf
decoy106,3ERD,DES_redock_3ERD,0.4825,3.4052,inf
decoy106,4MGA,27L_redock_4MGA,0.4763,3.2770,inf
decoy106,4MGC,27M_redock_4MGC,0.4611,2.7498,inf
decoy106,6CBZ,EST_redock_6CBZ,0.3862,2.6921,inf
decoy106,1GWR,EST_redock_1GWR,0.3843,2.5119,inf
decoy106,4MG8,27J_redock_4MG8,0.3133,2.1297,inf
decoy106,4MG9,27K_redock_4MG9,0.2981,1.9691,inf
decoy106,4TUZ,36J_redock_4TUZ,0.2946,1.8189,inf
decoy106,3UUD,EST_redock_3UUD,0.2777,1.8818,inf
decoy106,1G50,EST_redock_1G50,0.2324,1.5502,inf
decoy107,6CBZ,EST_redock_6CBZ,0.7144,5.6760,inf
decoy107,1G50,EST_redock_1G50,0.6862,4.0757,inf
decoy107,3UUD,EST_redock_3UUD,0.6793,4.9647,inf
decoy107,4MG8,27J_redock_4MG8,0.6331,4.7991,inf
decoy107,1GWR,EST_redock_1GWR,0.6310,4.8185,inf
decoy107,4TUZ,36J_redock_4TUZ,0.6303,4.8431,inf
decoy107,4MGC,27M_redock_4MGC,0.6025,4.5288,inf
decoy107,4ZN7,DES_redock_4ZN7,0.5575,4.0120,inf
decoy107,4MG9,27K_redock_4MG9,0.5526,4.1002,inf
decoy107,3UU7,2OH_redock_3UU7,0.5286,3.8949,inf
decoy107,3ERD,DES_redock_3ERD,0.5223,3.9549,inf
decoy107,1ERE,EST_redock_1ERE,0.5108,3.8753,inf
decoy107,4MGA,27L_redock_4MGA,0.4933,3.5974,inf
decoy108,4MGC,27M_redock_4MGC,0.6162,3.9747,inf
decoy108,4MG8,27J_redock_4MG8,0.6124,4.0614,inf
decoy108,4ZN7,DES_redock_4ZN7,0.5587,3.4603,inf
decoy108,4TUZ,36J_redock_4TUZ,0.5540,3.4573,inf
decoy108,6CBZ,EST_redock_6CBZ,0.5362,3.4956,inf
decoy108,3UU7,2OH_redock_3UU7,0.5149,3.3832,inf
decoy108,3ERD,DES_redock_3ERD,0.4943,2.9396,inf
decoy108,3UUD,EST_redock_3UUD,0.4326,2.8240,inf
decoy108,4MG9,27K_redock_4MG9,0.4241,2.5414,inf
decoy108,1GWR,EST_redock_1GWR,0.3969,2.4690,inf
decoy108,4MGA,27L_redock_4MGA,0.3626,2.1807,inf
decoy108,1ERE,EST_redock_1ERE,0.3095,2.0643,inf
decoy108,1G50,EST_redock_1G50,0.2911,1.6234,inf
decoy109,1GWR,EST_redock_1GWR,0.7842,5.2107,inf
decoy109,4MG8,27J_redock_4MG8,0.7373,4.9945,inf
decoy109,4MGC,27M_redock_4MGC,0.7109,4.7503,inf
decoy109,4MGA,27L_redock_4MGA,0.6870,4.7873,inf
decoy109,4TUZ,36J_redock_4TUZ,0.6854,4.5835,inf
decoy109,4ZN7,DES_redock_4ZN7,0.6209,4.0599,inf
decoy109,3ERD,DES_redock_3ERD,0.6076,3.9526,inf
decoy109,1ERE,EST_redock_1ERE,0.5969,3.9180,inf
decoy109,3UUD,EST_redock_3UUD,0.5933,3.8692,inf
decoy109,4MG9,27K_redock_4MG9,0.5307,3.5924,inf
decoy109,3UU7,2OH_redock_3UU7,0.5279,3.8335,inf
decoy109,6CBZ,EST_redock_6CBZ,0.5171,3.3518,inf
decoy109,1G50,EST_redock_1G50,0.5132,3.5238,inf
decoy11,4TUZ,36J_redock_4TUZ,0.6149,4.2109,inf
decoy11,4MGC,27M_redock_4MGC,0.6005,4.1972,inf
decoy11,6CBZ,EST_redock_6CBZ,0.5939,4.0605,inf
decoy11,3ERD,DES_redock_3ERD,0.5650,3.4622,inf
decoy11,4MG9,27K_redock_4MG9,0.5640,3.6173,inf
decoy11,1G50,EST_redock_1G50,0.5590,3.7572,inf
decoy11,3UU7,2OH_redock_3UU7,0.5217,3.5229,inf
decoy11,4ZN7,DES_redock_4ZN7,0.5039,3.4880,inf
decoy11,1GWR,EST_redock_1GWR,0.4767,2.8279,inf
decoy11,1ERE,EST_redock_1ERE,0.4740,2.9545,inf
decoy11,3UUD,EST_redock_3UUD,0.4545,3.0802,inf
decoy11,4MG8,27J_redock_4MG8,0.4490,3.0347,inf
decoy11,4MGA,27L_redock_4MGA,0.4296,2.7057,inf
decoy110,1ERE,EST_redock_1ERE,0.6273,4.0549,inf
decoy110,4ZN7,DES_redock_4ZN7,0.5959,3.9629,inf
decoy110,3UUD,EST_redock_3UUD,0.5708,3.6790,inf
decoy110,4MG9,27K_redock_4MG9,0.5609,3.5549,inf
decoy110,4MGC,27M_redock_4MGC,0.5600,3.5346,inf
decoy110,6CBZ,EST_redock_6CBZ,0.5554,3.2483,inf
decoy110,1GWR,EST_redock_1GWR,0.5541,3.1712,inf
decoy110,1G50,EST_redock_1G50,0.5393,3.0643,inf
decoy110,4MG8,27J_redock_4MG8,0.4823,3.0877,inf
decoy110,4TUZ,36J_redock_4TUZ,0.3875,2.4509,inf
decoy110,3UU7,2OH_redock_3UU7,0.3462,2.1851,inf
decoy110,3ERD,DES_redock_3ERD,0.3461,2.1287,inf
decoy110,4MGA,27L_redock_4MGA,0.3278,1.9558,inf
decoy111,4MGC,27M_redock_4MGC,0.8983,6.2762,inf
decoy111,1ERE,EST_redock_1ERE,0.8031,5.4277,inf
decoy111,1GWR,EST_redock_1GWR,0.8011,5.1375,inf
decoy111,1G50,EST_redock_1G50,0.7889,5.3866,inf
decoy111,4MG8,27J_redock_4MG8,0.7743,5.1490,inf
decoy111,4TUZ,36J_redock_4TUZ,0.7449,4.7467,inf
decoy111,3UUD,EST_redock_3UUD,0.7354,4.7799,inf
decoy111,4MG9,27K_redock_4MG9,0.7344,4.7867,inf
decoy111,4ZN7,DES_redock_4ZN7,0.7277,4.6556,inf
decoy111,6CBZ,EST_redock_6CBZ,0.7164,4.4363,inf
decoy111,3ERD,DES_redock_3ERD,0.6342,4.1358,inf
decoy111,4MGA,27L_redock_4MGA,0.6254,4.2202,inf
decoy111,3UU7,2OH_redock_3UU7,0.5332,3.5556,inf
decoy112,4MG9,27K_redock_4MG9,0.7436,5.3539,inf
decoy112,3UUD,EST_redock_3UUD,0.7197,5.2840,inf
decoy112,3UU7,2OH_redock_3UU7,0.7116,4.8915,inf
decoy112,1ERE,EST_redock_1ERE,0.7096,5.2157,inf
decoy112,6CBZ,EST_redock_6CBZ,0.6978,5.0925,inf
decoy112,1GWR,EST_redock_1GWR,0.6903,4.9250,inf
decoy112,4MGC,27M_redock_4MGC,0.6300,4.2935,inf
decoy112,4MG8,27J_redock_4MG8,0.6297,4.4318,inf
decoy112,3ERD,DES_redock_3ERD,0.6230,4.3835,inf
decoy112,4ZN7,DES_redock_4ZN7,0.6100,4.3002,inf
decoy112,4TUZ,36J_redock_4TUZ,0.5683,3.9947,inf
decoy112,1G50,EST_redock_1G50,0.5557,4.0108,inf
decoy112,4MGA,27L_redock_4MGA,0.4376,2.9469,inf
decoy113,4MG9,27K_redock_4MG9,0.7013,5.1485,inf
decoy113,1GWR,EST_redock_1GWR,0.6418,4.6243,inf
decoy113,6CBZ,EST_redock_6CBZ,0.6174,4.4412,inf
decoy113,4ZN7,DES_redock_4ZN7,0.5953,4.2301,inf
decoy113,1ERE,EST_redock_1ERE,0.5622,3.9703,inf
decoy113,3ERD,DES_redock_3ERD,0.5609,3.7748,inf
decoy113,3UUD,EST_redock_3UUD,0.5485,3.8775,inf
decoy113,4MGC,27M_redock_4MGC,0.4552,3.1405,inf
decoy113,4TUZ,36J_redock_4TUZ,0.4462,3.1303,inf
decoy113,4MGA,27L_redock_4MGA,0.4326,2.8887,inf
decoy113,3UU7,2OH_redock_3UU7,0.4178,2.8198,inf
decoy113,1G50,EST_redock_1G50,0.4151,2.8763,inf
decoy113,4MG8,27J_redock_4MG8,0.3975,2.8196,inf
decoy114,4MGA,27L_redock_4MGA,0.7169,5.5339,inf
decoy114,1GWR,EST_redock_1GWR,0.6688,5.1808,inf
decoy114,4ZN7,DES_redock_4ZN7,0.6686,5.1115,inf
decoy114,6CBZ,EST_redock_6CBZ,0.6593,5.0232,inf
decoy114,4MGC,27M_redock_4MGC,0.6533,4.4680,inf
decoy114,3ERD,DES_redock_3ERD,0.6330,4.7585,inf
decoy114,3UUD,EST_redock_3UUD,0.6198,4.5321,inf
decoy114,3UU7,2OH_redock_3UU7,0.6127,4.6996,inf
decoy114,1ERE,EST_redock_1ERE,0.5901,4.3411,inf
decoy114,1G50,EST_redock_1G50,0.5884,4.1448,inf
decoy114,4TUZ,36J_redock_4TUZ,0.5595,4.2053,inf
decoy114,4MG8,27J_redock_4MG8,0.5459,3.9932,inf
decoy114,4MG9,27K_redock_4MG9,0.5401,4.0359,inf
decoy115,4MGC,27M_redock_4MGC,0.6578,4.5350,inf
decoy115,4MG8,27J_redock_4MG8,0.4519,2.9999,inf
decoy115,4MGA,27L_redock_4MGA,0.4393,2.8488,inf
decoy115,3UU7,2OH_redock_3UU7,0.4277,3.1211,inf
decoy115,3ERD,DES_redock_3ERD,0.4201,2.7983,inf
decoy115,1ERE,EST_redock_1ERE,0.3593,2.4202,inf
decoy115,4ZN7,DES_redock_4ZN7,0.3229,2.0840,inf
decoy115,3UUD,EST_redock_3UUD,0.3182,2.0313,inf
decoy115,1G50,EST_redock_1G50,0.3123,1.8496,inf
decoy115,6CBZ,EST_redock_6CBZ,0.3092,2.0809,inf
decoy115,4MG9,27K_redock_4MG9,0.3069,2.2872,inf
decoy115,4TUZ,36J_redock_4TUZ,0.2569,1.8897,inf
decoy115,1GWR,EST_redock_1GWR,0.2059,1.4939,inf
decoy116,4MG8,27J_redock_4MG8,0.9188,6.2957,inf
decoy116,4TUZ,36J_redock_4TUZ,0.9079,6.2356,inf
decoy116,4MG9,27K_redock_4MG9,0.8052,5.6448,inf
decoy116,3UUD,EST_redock_3UUD,0.7309,4.9431,inf
decoy116,4MGC,27M_redock_4MGC,0.7213,4.8980,inf
decoy116,3ERD,DES_redock_3ERD,0.7161,4.9132,inf
decoy116,4ZN7,DES_redock_4ZN7,0.7133,4.9271,inf
decoy116,4MGA,27L_redock_4MGA,0.6989,4.8439,inf
decoy116,1GWR,EST_redock_1GWR,0.6946,4.7079,inf
decoy116,6CBZ,EST_redock_6CBZ,0.6191,4.0592,inf
decoy116,1ERE,EST_redock_1ERE,0.5868,3.9186,inf
decoy116,1G50,EST_redock_1G50,0.5815,3.9556,inf
decoy116,3UU7,2OH_redock_3UU7,0.5604,3.8488,inf
decoy117,4MGC,27M_redock_4MGC,0.5612,3.8079,inf
decoy117,3UU7,2OH_redock_3UU7,0.5184,3.3965,inf
decoy117,6CBZ,EST_redock_6CBZ,0.4919,3.1742,inf
decoy117,4TUZ,36J_redock_4TUZ,0.4687,3.0702,inf
decoy117,3UUD,EST_redock_3UUD,0.4403,2.7492,inf
decoy117,3ERD,DES_redock_3ERD,0.4291,2.7583,inf
decoy117,1GWR,EST_redock_1GWR,0.4237,2.7499,inf
decoy117,4ZN7,DES_redock_4ZN7,0.4077,2.5467,inf
decoy117,4MG9,27K_redock_4MG9,0.3559,2.5534,inf
decoy117,4MG8,27J_redock_4MG8,0.3550,2.2969,inf
decoy117,1ERE,EST_redock_1ERE,0.3324,2.3663,inf
decoy117,4MGA,27L_redock_4MGA,0.3232,1.9427,inf
decoy117,1G50,EST_redock_1G50,0.3032,1.6980,inf
decoy118,4MG8,27J_redock_4MG8,0.8669,6.3365,inf
decoy118,4TUZ,36J_redock_4TUZ,0.7780,5.7582,inf
decoy118,6CBZ,EST_redock_6CBZ,0.7690,5.6924,inf
decoy118,1GWR,EST_redock_1GWR,0.7414,5.4668,inf
decoy118,1G50,EST_redock_1G50,0.6876,4.9702,inf
decoy118,3UUD,EST_redock_3UUD,0.6496,4.7124,inf
decoy118,3UU7,2OH_redock_3UU7,0.6340,4.5943,inf
decoy118,4MG9,27K_redock_4MG9,0.6119,4.4332,inf
decoy118,1ERE,EST_redock_1ERE,0.5941,4.2973,inf
decoy118,4MGC,27M_redock_4MGC,0.5933,4.3598,inf
decoy118,4MGA,27L_redock_4MGA,0.5167,3.7068,inf
decoy118,4ZN7,DES_redock_4ZN7,0.5014,3.6879,inf
decoy118,3ERD,DES_redock_3ERD,0.3854,2.6341,inf
decoy119,4TUZ,36J_redock_4TUZ,0.6590,3.9610,inf
decoy119,1G50,EST_redock_1G50,0.6181,3.6791,inf
decoy119,3UUD,EST_redock_3UUD,0.6125,4.0081,inf
decoy119,4MG8,27J_redock_4MG8,0.5573,3.7845,inf
decoy119,1ERE,EST_redock_1ERE,0.5462,3.4143,inf
decoy119,6CBZ,EST_redock_6CBZ,0.5337,3.0058,inf
decoy119,3ERD,DES_redock_3ERD,0.5336,3.2216,inf
decoy119,4MGA,27L_redock_4MGA,0.5293,3.2922,inf
decoy119,4ZN7,DES_redock_4ZN7,0.4983,3.1059,inf
decoy119,4MGC,27M_redock_4MGC,0.4661,2.8823,inf
decoy119,4MG9,27K_redock_4MG9,0.4459,2.6105,inf
decoy119,1GWR,EST_redock_1GWR,0.4394,2.5998,inf
decoy119,3UU7,2OH_redock_3UU7,0.4349,2.5916,inf
decoy12,1GWR,EST_redock_1GWR,0.7294,4.9549,inf
decoy12,6CBZ,EST_redock_6CBZ,0.6677,4.4961,inf
decoy12,4TUZ,36J_redock_4TUZ,0.6104,4.0334,inf
decoy12,3UUD,EST_redock_3UUD,0.5480,3.7375,inf
decoy12,4MG8,27J_redock_4MG8,0.5460,3.6896,inf
decoy12,4ZN7,DES_redock_4ZN7,0.5303,3.7821,inf
decoy12,4MG9,27K_redock_4MG9,0.4836,2.9447,inf
decoy12,4MGC,27M_redock_4MGC,0.4606,3.1526,inf
decoy12,1G50,EST_redock_1G50,0.4085,2.4989,inf
decoy12,1ERE,EST_redock_1ERE,0.4071,2.5857,inf
decoy12,3ERD,DES_redock_3ERD,0.3435,2.3006,inf
decoy12,3UU7,2OH_redock_3UU7,0.3351,2.3530,inf
decoy12,4MGA,27L_redock_4MGA,0.3164,2.0641,inf
decoy120,6CBZ,EST_redock_6CBZ,0.6452,4.5063,inf
decoy120,4TUZ,36J_redock_4TUZ,0.6371,4.4554,inf
decoy120,4MGC,27M_redock_4MGC,0.5866,4.0476,inf
decoy120,1G50,EST_redock_1G50,0.5840,4.1299,inf
decoy120,3UUD,EST_redock_3UUD,0.5647,3.8671,inf
decoy120,3ERD,DES_redock_3ERD,0.5448,3.6976,inf
decoy120,4ZN7,DES_redock_4ZN7,0.5317,3.6725,inf
decoy120,1GWR,EST_redock_1GWR,0.5198,3.6215,inf
decoy120,3UU7,2OH_redock_3UU7,0.4727,3.2372,inf
decoy120,4MGA,27L_redock_4MGA,0.4711,3.1947,inf
decoy120,4MG8,27J_redock_4MG8,0.4250,2.8787,inf
decoy120,4MG9,27K_redock_4MG9,0.4058,2.7928,inf
decoy120,1ERE,EST_redock_1ERE,0.3900,2.6093,inf
decoy121,1GWR,EST_redock_1GWR,0.8427,5.7781,inf
decoy121,4ZN7,DES_redock_4ZN7,0.8130,5.1198,inf
decoy121,4TUZ,36J_redock_4TUZ,0.8068,5.4258,inf
decoy121,3ERD,DES_redock_3ERD,0.7787,5.0301,inf
decoy121,3UUD,EST_redock_3UUD,0.7755,5.3045,inf
decoy121,4MGC,27M_redock_4MGC,0.7656,4.8096,inf
decoy121,1ERE,EST_redock_1ERE,0.7586,4.9702,inf
decoy121,3UU7,2OH_redock_3UU7,0.7554,5.2042,inf
decoy121,4MG8,27J_redock_4MG8,0.7496,4.9777,inf
decoy121,1G50,EST_redock_1G50,0.7352,4.7823,inf
decoy121,6CBZ,EST_redock_6CBZ,0.7258,4.8500,inf
decoy121,4MGA,27L_redock_4MGA,0.7230,4.4935,inf
decoy121,4MG9,27K_redock_4MG9,0.7212,4.3745,inf
decoy122,4MGC,27M_redock_4MGC,0.5274,3.7575,inf
decoy122,4ZN7,DES_redock_4ZN7,0.4974,3.5417,inf
decoy122,6CBZ,EST_redock_6CBZ,0.4369,3.0693,inf
decoy122,4MG9,27K_redock_4MG9,0.4324,2.9649,inf
decoy122,3ERD,DES_redock_3ERD,0.4305,2.9627,inf
decoy122,1GWR,EST_redock_1GWR,0.4173,2.9307,inf
decoy122,4MG8,27J_redock_4MG8,0.3614,2.5266,inf
decoy122,3UU7,2OH_redock_3UU7,0.3183,2.1571,inf
decoy122,4MGA,27L_redock_4MGA,0.2928,2.0437,inf
decoy122,1ERE,EST_redock_1ERE,0.2685,1.8291,inf
decoy122,4TUZ,36J_redock_4TUZ,0.2511,1.4719,inf
decoy122,1G50,EST_redock_1G50,0.1908,1.1781,inf
decoy122,3UUD,EST_redock_3UUD,0.1839,1.2191,inf
decoy123,1GWR,EST_redock_1GWR,0.9275,7.3783,inf
decoy123,1ERE,EST_redock_1ERE,0.9138,7.1782,inf
decoy123,3UUD,EST_redock_3UUD,0.9065,7.1995,inf
decoy123,1G50,EST_redock_1G50,0.9030,6.9087,inf
decoy123,6CBZ,EST_redock_6CBZ,0.8921,6.8749,inf
decoy123,4ZN7,DES_redock_4ZN7,0.8835,7.0678,inf
decoy123,4MG8,27J_redock_4MG8,0.8725,6.7277,inf
decoy123,3UU7,2OH_redock_3UU7,0.8323,6.6842,inf
decoy123,4TUZ,36J_redock_4TUZ,0.8093,6.1350,inf
decoy123,4MG9,27K_redock_4MG9,0.8046,6.3615,inf
decoy123,4MGA,27L_redock_4MGA,0.7495,5.6144,inf
decoy123,3ERD,DES_redock_3ERD,0.7476,5.7099,inf
decoy123,4MGC,27M_redock_4MGC,0.7395,5.6716,inf
decoy124,3UUD,EST_redock_3UUD,0.7000,4.7556,inf
decoy124,4MG8,27J_redock_4MG8,0.6177,4.1341,inf
decoy124,1GWR,EST_redock_1GWR,0.6142,4.0303,inf
decoy124,1G50,EST_redock_1G50,0.5804,3.8388,inf
decoy124,4TUZ,36J_redock_4TUZ,0.5667,3.7658,inf
decoy124,3ERD,DES_redock_3ERD,0.5014,3.2938,inf
decoy124,6CBZ,EST_redock_6CBZ,0.4783,3.1271,inf
decoy124,4ZN7,DES_redock_4ZN7,0.4775,3.0819,inf
decoy124,3UU7,2OH_redock_3UU7,0.4602,2.8259,inf
decoy124,1ERE,EST_redock_1ERE,0.4182,2.6416,inf
decoy124,4MGC,27M_redock_4MGC,0.4047,2.6016,inf
decoy124,4MGA,27L_redock_4MGA,0.4025,2.6074,inf
decoy124,4MG9,27K_redock_4MG9,0.3422,2.1891,inf
decoy125,4MG8,27J_redock_4MG8,0.6233,4.0573,inf
decoy125,6CBZ,EST_redock_6CBZ,0.5940,3.9560,inf
decoy125,4MG9,27K_redock_4MG9,0.5927,3.9052,inf
decoy125,4MGC,27M_redock_4MGC,0.5792,3.6654,inf
decoy125,3ERD,DES_redock_3ERD,0.5775,3.9366,inf
decoy125,4MGA,27L_redock_4MGA,0.5759,3.7342,inf
decoy125,3UU7,2OH_redock_3UU7,0.5631,3.5017,inf
decoy125,4ZN7,DES_redock_4ZN7,0.5547,3.8867,inf
decoy125,4TUZ,36J_redock_4TUZ,0.5266,3.7245,inf
decoy125,3UUD,EST_redock_3UUD,0.5041,3.5014,inf
decoy125,1GWR,EST_redock_1GWR,0.4959,3.3557,inf
decoy125,1ERE,EST_redock_1ERE,0.4759,3.3265,inf
decoy125,1G50,EST_redock_1G50,0.4543,3.1461,inf
decoy126,1GWR,EST_redock_1GWR,0.6848,4.9038,inf
decoy126,4MGC,27M_redock_4MGC,0.6368,3.9051,inf
decoy126,4MG8,27J_redock_4MG8,0.5372,3.9002,inf
decoy126,4TUZ,36J_redock_4TUZ,0.5177,3.5245,inf
decoy126,3UUD,EST_redock_3UUD,0.5077,3.3730,inf
decoy126,4MGA,27L_redock_4MGA,0.5061,3.1491,inf
decoy126,3ERD,DES_redock_3ERD,0.4775,2.7852,inf
decoy126,4ZN7,DES_redock_4ZN7,0.4401,2.6478,inf
decoy126,4MG9,27K_redock_4MG9,0.4297,2.7793,inf
decoy126,1G50,EST_redock_1G50,0.4208,2.9376,inf
decoy126,6CBZ,EST_redock_6CBZ,0.4109,2.6736,inf
decoy126,3UU7,2OH_redock_3UU7,0.4094,2.3416,inf
decoy126,1ERE,EST_redock_1ERE,0.3962,2.6375,inf
decoy127,1GWR,EST_redock_1GWR,0.4887,3.4727,inf
decoy127,4MGC,27M_redock_4MGC,0.4866,3.2130,inf
decoy127,4ZN7,DES_redock_4ZN7,0.4390,3.1250,inf
decoy127,3ERD,DES_redock_3ERD,0.4384,3.1199,inf
decoy127,4MG8,27J_redock_4MG8,0.3857,2.7717,inf
decoy127,1ERE,EST_redock_1ERE,0.3393,2.4568,inf
decoy127,3UUD,EST_redock_3UUD,0.3032,2.1667,inf
decoy127,1G50,EST_redock_1G50,0.2872,1.9302,inf
decoy127,3UU7,2OH_redock_3UU7,0.2444,1.6493,inf
decoy127,4TUZ,36J_redock_4TUZ,0.2281,1.5854,inf
decoy127,4MGA,27L_redock_4MGA,0.2241,1.5466,inf
decoy127,6CBZ,EST_redock_6CBZ,0.2041,1.4050,inf
decoy127,4MG9,27K_redock_4MG9,0.1897,1.3101,inf
decoy128,1G50,EST_redock_1G50,0.8871,6.1745,inf
decoy128,1ERE,EST_redock_1ERE,0.8823,6.3242,inf
decoy128,1GWR,EST_redock_1GWR,0.8491,5.7747,inf
decoy128,3UUD,EST_redock_3UUD,0.8463,5.9802,inf
decoy128,6CBZ,EST_redock_6CBZ,0.8421,5.9638,inf
decoy128,4ZN7,DES_redock_4ZN7,0.8384,5.8623,inf
decoy128,4MGC,27M_redock_4MGC,0.8214,5.6862,inf
decoy128,4TUZ,36J_redock_4TUZ,0.8121,5.5428,inf
decoy128,4MGA,27L_redock_4MGA,0.7451,5.2300,inf
decoy128,3ERD,DES_redock_3ERD,0.7331,5.2158,inf
decoy128,4MG8,27J_redock_4MG8,0.7005,4.8828,inf
decoy128,4MG9,27K_redock_4MG9,0.6521,4.3781,inf
decoy128,3UU7,2OH_redock_3UU7,0.4851,3.2912,inf
decoy129,4MG8,27J_redock_4MG8,0.6436,4.1191,inf
decoy129,4MGC,27M_redock_4MGC,0.6114,4.0047,inf
decoy129,4ZN7,DES_redock_4ZN7,0.5702,3.3059,inf
decoy129,1ERE,EST_redock_1ERE,0.5387,3.3324,inf
decoy129,4MG9,27K_redock_4MG9,0.5375,3.2437,inf
decoy129,3ERD,DES_redock_3ERD,0.5196,3.0503,inf
decoy129,3UUD,EST_redock_3UUD,0.5122,3.1848,inf
decoy129,4MGA,27L_redock_4MGA,0.4981,2.5754,inf
decoy129,4TUZ,36J_redock_4TUZ,0.4661,2.9022,inf
decoy129,1GWR,EST_redock_1GWR,0.4462,2.7452,inf
decoy129,3UU7,2OH_redock_3UU7,0.4245,2.3671,inf
decoy129,1G50,EST_redock_1G50,0.3662,2.2147,inf
decoy129,6CBZ,EST_redock_6CBZ,0.3654,2.2048,inf
decoy13,4MGA,27L_redock_4MGA,0.9485,6.7608,inf
decoy13,4ZN7,DES_redock_4ZN7,0.9448,7.0579,inf
decoy13,3ERD,DES_redock_3ERD,0.9439,6.7839,inf
decoy13,1G50,EST_redock_1G50,0.9430,7.3221,inf
decoy13,3UU7,2OH_redock_3UU7,0.9352,6.8956,inf
decoy13,6CBZ,EST_redock_6CBZ,0.9318,6.9474,inf
decoy13,1ERE,EST_redock_1ERE,0.9175,6.9067,inf
decoy13,4MG9,27K_redock_4MG9,0.9054,6.5643,inf
decoy13,3UUD,EST_redock_3UUD,0.8986,6.4065,inf
decoy13,4MG8,27J_redock_4MG8,0.8960,6.6027,inf
decoy13,1GWR,EST_redock_1GWR,0.8917,6.4862,inf
decoy13,4TUZ,36J_redock_4TUZ,0.8855,6.6234,inf
decoy13,4MGC,27M_redock_4MGC,0.8672,6.2389,inf
decoy130,4ZN7,DES_redock_4ZN7,0.8530,6.1397,inf
decoy130,4MG9,27K_redock_4MG9,0.8013,5.5567,inf
decoy130,3UU7,2OH_redock_3UU7,0.7990,5.6859,inf
decoy130,4MGA,27L_redock_4MGA,0.7791,5.3824,inf
decoy130,6CBZ,EST_redock_6CBZ,0.7730,5.3080,inf
decoy130,3ERD,DES_redock_3ERD,0.7531,5.1512,inf
decoy130,4MG8,27J_redock_4MG8,0.7526,5.1341,inf
decoy130,3UUD,EST_redock_3UUD,0.7503,5.1662,inf
decoy130,1G50,EST_redock_1G50,0.7430,5.2448,inf
decoy130,1GWR,EST_redock_1GWR,0.7318,5.1878,inf
decoy130,4TUZ,36J_redock_4TUZ,0.6918,4.7527,inf
decoy130,4MGC,27M_redock_4MGC,0.6749,4.3594,inf
decoy130,1ERE,EST_redock_1ERE,0.6557,4.5631,inf
decoy131,4MG8,27J_redock_4MG8,0.7672,5.1840,inf
decoy131,4MGC,27M_redock_4MGC,0.6612,4.0147,inf
decoy131,3UUD,EST_redock_3UUD,0.6483,4.3654,inf
decoy131,4MG9,27K_redock_4MG9,0.6286,4.0863,inf
decoy131,1ERE,EST_redock_1ERE,0.6252,4.1316,inf
decoy131,6CBZ,EST_redock_6CBZ,0.6247,4.1851,inf
decoy131,3UU7,2OH_redock_3UU7,0.6043,3.8483,inf
decoy131,4TUZ,36J_redock_4TUZ,0.5949,3.8612,inf
decoy131,4ZN7,DES_redock_4ZN7,0.5886,3.9624,inf
decoy131,1GWR,EST_redock_1GWR,0.5759,3.9461,inf
decoy131,3ERD,DES_redock_3ERD,0.5690,3.9649,inf
decoy131,4MGA,27L_redock_4MGA,0.5417,3.5221,inf
decoy131,1G50,EST_redock_1G50,0.5344,3.6873,inf
decoy132,4MGC,27M_redock_4MGC,0.8236,5.8148,inf
decoy132,3ERD,DES_redock_3ERD,0.8222,5.9769,inf
decoy132,1GWR,EST_redock_1GWR,0.8176,5.9334,inf
decoy132,4ZN7,DES_redock_4ZN7,0.8005,5.9747,inf
decoy132,4MGA,27L_redock_4MGA,0.7795,5.6618,inf
decoy132,3UUD,EST_redock_3UUD,0.7078,5.1330,inf
decoy132,4TUZ,36J_redock_4TUZ,0.7052,4.9132,inf
decoy132,4MG8,27J_redock_4MG8,0.6835,4.8342,inf
decoy132,1G50,EST_redock_1G50,0.6825,4.9524,inf
decoy132,6CBZ,EST_redock_6CBZ,0.6754,4.7338,inf
decoy132,4MG9,27K_redock_4MG9,0.5871,4.1506,inf
decoy132,1ERE,EST_redock_1ERE,0.5493,3.8862,inf
decoy132,3UU7,2OH_redock_3UU7,0.4834,3.2816,inf
decoy133,3ERD,DES_redock_3ERD,0.4695,3.1482,inf
decoy133,1GWR,EST_redock_1GWR,0.4240,2.6961,inf
decoy133,1G50,EST_redock_1G50,0.4206,2.7258,inf
decoy133,4MG9,27K_redock_4MG9,0.4204,2.6247,inf
decoy133,4ZN7,DES_redock_4ZN7,0.4175,2.7089,inf
decoy133,3UUD,EST_redock_3UUD,0.4104,2.5378,inf
decoy133,4MG8,27J_redock_4MG8,0.3921,2.5771,inf
decoy133,1ERE,EST_redock_1ERE,0.3839,2.3594,inf
decoy133,4MGA,27L_redock_4MGA,0.3513,2.1091,inf
decoy133,3UU7,2OH_redock_3UU7,0.3175,2.0792,inf
decoy133,4MGC,27M_redock_4MGC,0.3130,1.9971,inf
decoy133,4TUZ,36J_redock_4TUZ,0.3123,2.0557,inf
decoy133,6CBZ,EST_redock_6CBZ,0.3119,2.0305,inf
decoy134,4MGA,27L_redock_4MGA,0.6813,4.1525,inf
decoy134,4MGC,27M_redock_4MGC,0.6174,4.1337,inf
decoy134,3UU7,2OH_redock_3UU7,0.5960,3.8234,inf
decoy134,4MG8,27J_redock_4MG8,0.5931,3.1142,inf
decoy134,6CBZ,EST_redock_6CBZ,0.5502,3.0945,inf
decoy134,3ERD,DES_redock_3ERD,0.5495,3.0244,inf
decoy134,4ZN7,DES_redock_4ZN7,0.5160,3.2902,inf
decoy134,4MG9,27K_redock_4MG9,0.4380,2.7191,inf
decoy134,4TUZ,36J_redock_4TUZ,0.3951,2.3754,inf
decoy134,3UUD,EST_redock_3UUD,0.3793,2.3847,inf
decoy134,1G50,EST_redock_1G50,0.3635,2.1929,inf
decoy134,1ERE,EST_redock_1ERE,0.3500,2.2048,inf
decoy134,1GWR,EST_redock_1GWR,0.2454,1.4303,inf
decoy135,4MG9,27K_redock_4MG9,0.7479,5.5791,inf
decoy135,1GWR,EST_redock_1GWR,0.6756,5.0673,inf
decoy135,1G50,EST_redock_1G50,0.6041,4.4862,inf
decoy135,4TUZ,36J_redock_4TUZ,0.5941,4.2915,inf
decoy135,4MGC,27M_redock_4MGC,0.5777,3.9478,inf
decoy135,6CBZ,EST_redock_6CBZ,0.5392,3.9628,inf
decoy135,3UU7,2OH_redock_3UU7,0.5249,3.8021,inf
decoy135,1ERE,EST_redock_1ERE,0.4941,3.6024,inf
decoy135,4MG8,27J_redock_4MG8,0.4829,3.5321,inf
decoy135,3UUD,EST_redock_3UUD,0.4584,3.4139,inf
decoy135,4ZN7,DES_redock_4ZN7,0.4521,3.2502,inf
decoy135,3ERD,DES_redock_3ERD,0.4468,3.2757,inf
decoy135,4MGA,27L_redock_4MGA,0.3847,2.4296,inf
decoy136,1GWR,EST_redock_1GWR,0.5596,4.2434,inf
decoy136,4ZN7,DES_redock_4ZN7,0.5493,3.8698,inf
decoy136,4MGC,27M_redock_4MGC,0.5451,4.1128,inf
decoy136,4MGA,27L_redock_4MGA,0.5088,3.7210,inf
decoy136,4MG8,27J_redock_4MG8,0.5081,3.5353,inf
decoy136,4TUZ,36J_redock_4TUZ,0.4433,3.3268,inf
decoy136,1G50,EST_redock_1G50,0.3774,2.7735,inf
decoy136,3UU7,2OH_redock_3UU7,0.3613,2.6774,inf
decoy136,6CBZ,EST_redock_6CBZ,0.3386,2.2475,inf
decoy136,1ERE,EST_redock_1ERE,0.3209,2.3151,inf
decoy136,3UUD,EST_redock_3UUD,0.3070,2.1762,inf
decoy136,4MG9,27K_redock_4MG9,0.2871,2.0329,inf
decoy136,3ERD,DES_redock_3ERD,0.2253,1.6027,inf
decoy137,1G50,EST_redock_1G50,0.6189,3.8073,inf
decoy137,4TUZ,36J_redock_4TUZ,0.6018,3.6051,inf
decoy137,4MG8,27J_redock_4MG8,0.5322,3.2627,inf
decoy137,1GWR,EST_redock_1GWR,0.5081,3.1887,inf
decoy137,4MGC,27M_redock_4MGC,0.5052,3.3371,inf
decoy137,4MGA,27L_redock_4MGA,0.4843,3.4491,inf
decoy137,6CBZ,EST_redock_6CBZ,0.4385,2.6261,inf
decoy137,4MG9,27K_redock_4MG9,0.4280,2.7110,inf
decoy137,4ZN7,DES_redock_4ZN7,0.3844,2.5911,inf
decoy137,3UU7,2OH_redock_3UU7,0.3620,2.6318,inf
decoy137,1ERE,EST_redock_1ERE,0.3535,2.5001,inf
decoy137,3ERD,DES_redock_3ERD,0.3361,2.3137,inf
decoy137,3UUD,EST_redock_3UUD,0.2816,1.8249,inf
decoy138,4ZN7,DES_redock_4ZN7,0.5249,3.4214,inf
decoy138,1G50,EST_redock_1G50,0.4974,3.3727,inf
decoy138,4MGC,27M_redock_4MGC,0.4806,3.2878,inf
decoy138,4MG8,27J_redock_4MG8,0.4720,2.9985,inf
decoy138,3UU7,2OH_redock_3UU7,0.4678,3.2222,inf
decoy138,3ERD,DES_redock_3ERD,0.4561,2.6651,inf
decoy138,1GWR,EST_redock_1GWR,0.4326,2.8077,inf
decoy138,1ERE,EST_redock_1ERE,0.4215,2.8188,inf
decoy138,4TUZ,36J_redock_4TUZ,0.3922,2.6855,inf
decoy138,6CBZ,EST_redock_6CBZ,0.3742,2.2750,inf
decoy138,4MG9,27K_redock_4MG9,0.3216,2.0120,inf
decoy138,4MGA,27L_redock_4MGA,0.2666,1.8445,inf
decoy138,3UUD,EST_redock_3UUD,0.2665,1.7904,inf
decoy139,4MG9,27K_redock_4MG9,0.6732,4.8117,inf
decoy139,3ERD,DES_redock_3ERD,0.5145,3.5818,inf
decoy139,4ZN7,DES_redock_4ZN7,0.4775,3.4301,inf
decoy139,1GWR,EST_redock_1GWR,0.4764,3.1691,inf
decoy139,3UU7,2OH_redock_3UU7,0.4339,3.0198,inf
decoy139,4MGC,27M_redock_4MGC,0.4253,2.8641,inf
decoy139,1ERE,EST_redock_1ERE,0.4017,2.8352,inf
decoy139,4MGA,27L_redock_4MGA,0.3953,2.7963,inf
decoy139,1G50,EST_redock_1G50,0.3855,2.6069,inf
decoy139,4TUZ,36J_redock_4TUZ,0.3747,2.6107,inf
decoy139,4MG8,27J_redock_4MG8,0.3679,2.5544,inf
decoy139,6CBZ,EST_redock_6CBZ,0.3611,2.2422,inf
decoy139,3UUD,EST_redock_3UUD,0.2698,1.8166,inf
decoy14,1GWR,EST_redock_1GWR,0.6604,4.4956,inf
decoy14,6CBZ,EST_redock_6CBZ,0.5749,4.0157,inf
decoy14,3UUD,EST_redock_3UUD,0.5585,4.0150,inf
decoy14,4MG8,27J_redock_4MG8,0.5524,3.9363,inf
decoy14,4TUZ,36J_redock_4TUZ,0.5395,3.8089,inf
decoy14,4MG9,27K_redock_4MG9,0.5394,3.7483,inf
decoy14,4ZN7,DES_redock_4ZN7,0.5287,3.7170,inf
decoy14,4MGC,27M_redock_4MGC,0.5265,3.7017,inf
decoy14,3ERD,DES_redock_3ERD,0.5227,3.6823,inf
decoy14,1ERE,EST_redock_1ERE,0.4696,3.2005,inf
decoy14,4MGA,27L_redock_4MGA,0.4617,3.2160,inf
decoy14,3UU7,2OH_redock_3UU7,0.4132,2.9095,inf
decoy14,1G50,EST_redock_1G50,0.4100,2.7836,inf
decoy140,3UU7,2OH_redock_3UU7,0.6065,4.6962,inf
decoy140,6CBZ,EST_redock_6CBZ,0.6056,4.1114,inf
decoy140,4MGC,27M_redock_4MGC,0.5798,4.1699,inf
decoy140,1GWR,EST_redock_1GWR,0.4835,3.4492,inf
decoy140,4TUZ,36J_redock_4TUZ,0.4733,3.2839,inf
decoy140,3ERD,DES_redock_3ERD,0.4529,3.3898,inf
decoy140,4MG8,27J_redock_4MG8,0.4472,3.3219,inf
decoy140,4MG9,27K_redock_4MG9,0.4470,3.3383,inf
decoy140,3UUD,EST_redock_3UUD,0.4286,3.2371,inf
decoy140,4ZN7,DES_redock_4ZN7,0.4212,2.9718,inf
decoy140,1ERE,EST_redock_1ERE,0.3353,2.4635,inf
decoy140,1G50,EST_redock_1G50,0.3142,2.1458,inf
decoy140,4MGA,27L_redock_4MGA,0.2994,2.0379,inf
decoy141,4ZN7,DES_redock_4ZN7,0.7360,4.7804,inf
decoy141,6CBZ,EST_redock_6CBZ,0.5973,4.0145,inf
decoy141,4MG9,27K_redock_4MG9,0.5894,3.8574,inf
decoy141,1GWR,EST_redock_1GWR,0.5777,3.9204,inf
decoy141,3UU7,2OH_redock_3UU7,0.5578,3.5508,inf
decoy141,3UUD,EST_redock_3UUD,0.5498,3.3612,inf
decoy141,4MG8,27J_redock_4MG8,0.5476,3.5233,inf
decoy141,4TUZ,36J_redock_4TUZ,0.5229,3.1988,inf
decoy141,1ERE,EST_redock_1ERE,0.4293,2.8423,inf
decoy141,4MGC,27M_redock_4MGC,0.4245,2.8608,inf
decoy141,3ERD,DES_redock_3ERD,0.4067,2.7738,inf
decoy141,4MGA,27L_redock_4MGA,0.3996,2.3898,inf
decoy141,1G50,EST_redock_1G50,0.3468,2.0449,inf
decoy142,4MG8,27J_redock_4MG8,0.5478,3.5136,inf
decoy142,1GWR,EST_redock_1GWR,0.5432,3.6717,inf
decoy142,4ZN7,DES_redock_4ZN7,0.5199,3.5484,inf
decoy142,3ERD,DES_redock_3ERD,0.5084,3.1670,inf
decoy142,4MGA,27L_redock_4MGA,0.4871,2.9803,inf
decoy142,1G50,EST_redock_1G50,0.4769,3.0356,inf
decoy142,4MGC,27M_redock_4MGC,0.4351,2.7610,inf
decoy142,1ERE,EST_redock_1ERE,0.4030,2.8472,inf
decoy142,3UUD,EST_redock_3UUD,0.3814,2.6496,inf
decoy142,6CBZ,EST_redock_6CBZ,0.3625,2.4721,inf
decoy142,4TUZ,36J_redock_4TUZ,0.3587,2.1911,inf
decoy142,4MG9,27K_redock_4MG9,0.3058,2.0635,inf
decoy142,3UU7,2OH_redock_3UU7,0.2960,2.0207,inf
decoy143,1GWR,EST_redock_1GWR,0.5730,3.9100,inf
decoy143,4MGC,27M_redock_4MGC,0.5724,3.5885,inf
decoy143,4MGA,27L_redock_4MGA,0.5253,3.3371,inf
decoy143,6CBZ,EST_redock_6CBZ,0.5217,3.5879,inf
decoy143,3ERD,DES_redock_3ERD,0.5183,3.5852,inf
decoy143,3UUD,EST_redock_3UUD,0.4926,3.1361,inf
decoy143,4MG8,27J_redock_4MG8,0.4424,2.6626,inf
decoy143,4TUZ,36J_redock_4TUZ,0.4401,3.0950,inf
decoy143,3UU7,2OH_redock_3UU7,0.4172,2.8123,inf
decoy143,1ERE,EST_redock_1ERE,0.4107,2.9276,inf
decoy143,4ZN7,DES_redock_4ZN7,0.3309,2.3393,inf
decoy143,4MG9,27K_redock_4MG9,0.2885,1.8034,inf
decoy143,1G50,EST_redock_1G50,0.2524,1.7321,inf
decoy144,1GWR,EST_redock_1GWR,0.6864,5.2602,inf
decoy144,6CBZ,EST_redock_6CBZ,0.6842,5.1563,inf
decoy144,3ERD,DES_redock_3ERD,0.6549,4.8288,inf
decoy144,4MGC,27M_redock_4MGC,0.6452,4.7279,inf
decoy144,3UU7,2OH_redock_3UU7,0.6410,4.7049,inf
decoy144,4TUZ,36J_redock_4TUZ,0.6255,4.7478,inf
decoy144,4MG8,27J_redock_4MG8,0.6088,4.5857,inf
decoy144,4ZN7,DES_redock_4ZN7,0.5980,4.6621,inf
decoy144,3UUD,EST_redock_3UUD,0.5785,4.4423,inf
decoy144,4MGA,27L_redock_4MGA,0.5674,4.0805,inf
decoy144,1G50,EST_redock_1G50,0.5596,4.0305,inf
decoy144,4MG9,27K_redock_4MG9,0.5219,3.6532,inf
decoy144,1ERE,EST_redock_1ERE,0.4433,3.2774,inf
decoy145,4TUZ,36J_redock_4TUZ,0.7498,5.3257,inf
decoy145,4MG8,27J_redock_4MG8,0.7159,5.0525,inf
decoy145,4MGA,27L_redock_4MGA,0.6798,4.8371,inf
decoy145,1GWR,EST_redock_1GWR,0.6550,4.5655,inf
decoy145,6CBZ,EST_redock_6CBZ,0.6077,4.2053,inf
decoy145,4MGC,27M_redock_4MGC,0.5748,3.9843,inf
decoy145,4ZN7,DES_redock_4ZN7,0.5049,3.3963,inf
decoy145,3UU7,2OH_redock_3UU7,0.4900,3.4513,inf
decoy145,1G50,EST_redock_1G50,0.4310,2.9275,inf
decoy145,3UUD,EST_redock_3UUD,0.4043,2.8415,inf
decoy145,4MG9,27K_redock_4MG9,0.3904,2.3341,inf
decoy145,3ERD,DES_redock_3ERD,0.3404,2.2976,inf
decoy145,1ERE,EST_redock_1ERE,0.3099,2.1142,inf
decoy146,3UUD,EST_redock_3UUD,0.6695,4.6979,inf
decoy146,3ERD,DES_redock_3ERD,0.6056,3.6402,inf
decoy146,4MG9,27K_redock_4MG9,0.5857,3.9536,inf
decoy146,6CBZ,EST_redock_6CBZ,0.5654,3.9947,inf
decoy146,1GWR,EST_redock_1GWR,0.5615,3.7814,inf
decoy146,4MGC,27M_redock_4MGC,0.5603,3.7754,inf
decoy146,1G50,EST_redock_1G50,0.5506,3.7651,inf
decoy146,4ZN7,DES_redock_4ZN7,0.5435,3.7573,inf
decoy146,4MGA,27L_redock_4MGA,0.5420,3.9234,inf
decoy146,4MG8,27J_redock_4MG8,0.4887,3.4074,inf
decoy146,1ERE,EST_redock_1ERE,0.4884,3.4665,inf
decoy146,3UU7,2OH_redock_3UU7,0.4629,3.3094,inf
decoy146,4TUZ,36J_redock_4TUZ,0.4095,2.7403,inf
decoy147,4MGC,27M_redock_4MGC,0.7121,5.0556,inf
decoy147,4ZN7,DES_redock_4ZN7,0.6822,4.7663,inf
decoy147,1G50,EST_redock_1G50,0.6116,4.4310,inf
decoy147,4MGA,27L_redock_4MGA,0.5683,3.7746,inf
decoy147,4TUZ,36J_redock_4TUZ,0.5412,3.8768,inf
decoy147,4MG8,27J_redock_4MG8,0.5374,3.8989,inf
decoy147,1GWR,EST_redock_1GWR,0.5362,3.6692,inf
decoy147,3ERD,DES_redock_3ERD,0.5332,3.8015,inf
decoy147,3UU7,2OH_redock_3UU7,0.4744,3.2136,inf
decoy147,6CBZ,EST_redock_6CBZ,0.4511,3.2008,inf
decoy147,4MG9,27K_redock_4MG9,0.4244,2.9657,inf
decoy147,1ERE,EST_redock_1ERE,0.3709,2.6888,inf
decoy147,3UUD,EST_redock_3UUD,0.3654,2.6195,inf
decoy148,3UU7,2OH_redock_3UU7,0.6715,4.3218,inf
decoy148,4MGC,27M_redock_4MGC,0.6182,3.9730,inf
decoy148,4MG9,27K_redock_4MG9,0.5928,3.8614,inf
decoy148,4MGA,27L_redock_4MGA,0.4742,2.9627,inf
decoy148,4ZN7,DES_redock_4ZN7,0.4217,2.5904,inf
decoy148,6CBZ,EST_redock_6CBZ,0.4032,2.4245,inf
decoy148,1ERE,EST_redock_1ERE,0.3791,2.5249,inf
decoy148,3ERD,DES_redock_3ERD,0.3694,2.2299,inf
decoy148,3UUD,EST_redock_3UUD,0.3566,2.2489,inf
decoy148,4MG8,27J_redock_4MG8,0.3429,2.0042,inf
decoy148,4TUZ,36J_redock_4TUZ,0.3017,1.8495,inf
decoy148,1GWR,EST_redock_1GWR,0.2593,1.3613,inf
decoy148,1G50,EST_redock_1G50,0.2355,1.5200,inf
decoy149,3ERD,DES_redock_3ERD,0.5605,3.5159,inf
decoy149,4MG9,27K_redock_4MG9,0.5175,3.3160,inf
decoy149,4TUZ,36J_redock_4TUZ,0.4869,2.7830,inf
decoy149,1ERE,EST_redock_1ERE,0.4767,3.3131,inf
decoy149,4MG8,27J_redock_4MG8,0.4737,3.2932,inf
decoy149,4MGC,27M_redock_4MGC,0.4478,2.9349,inf
decoy149,1GWR,EST_redock_1GWR,0.4454,2.6861,inf
decoy149,4ZN7,DES_redock_4ZN7,0.3863,2.4639,inf
decoy149,3UU7,2OH_redock_3UU7,0.3303,2.0974,inf
decoy149,6CBZ,EST_redock_6CBZ,0.3209,1.6539,inf
decoy149,3UUD,EST_redock_3UUD,0.3179,2.0973,inf
decoy149,4MGA,27L_redock_4MGA,0.3017,1.8745,inf
decoy149,1G50,EST_redock_1G50,0.2382,1.1437,inf
decoy15,4MGA,27L_redock_4MGA,0.7945,5.0520,inf
decoy15,4MGC,27M_redock_4MGC,0.7933,4.9798,inf
decoy15,4MG9,27K_redock_4MG9,0.7697,5.0315,inf
decoy15,6CBZ,EST_redock_6CBZ,0.7582,4.9353,inf
decoy15,1GWR,EST_redock_1GWR,0.7496,4.8003,inf
decoy15,4MG8,27J_redock_4MG8,0.7402,4.4997,inf
decoy15,1ERE,EST_redock_1ERE,0.7374,4.7924,inf
decoy15,4ZN7,DES_redock_4ZN7,0.7196,4.6203,inf
decoy15,3UU7,2OH_redock_3UU7,0.7196,4.7053,inf
decoy15,4TUZ,36J_redock_4TUZ,0.7178,4.6711,inf
decoy15,1G50,EST_redock_1G50,0.7151,4.6113,inf
decoy15,3ERD,DES_redock_3ERD,0.6786,4.2679,inf
decoy15,3UUD,EST_redock_3UUD,0.6531,4.1244,inf
decoy150,1GWR,EST_redock_1GWR,0.8437,5.8759,inf
decoy150,4TUZ,36J_redock_4TUZ,0.7859,5.5621,inf
decoy150,3UU7,2OH_redock_3UU7,0.7498,5.5583,inf
decoy150,4MGC,27M_redock_4MGC,0.7097,4.9883,inf
decoy150,4MGA,27L_redock_4MGA,0.6942,5.0820,inf
decoy150,1G50,EST_redock_1G50,0.6860,4.9377,inf
decoy150,4MG8,27J_redock_4MG8,0.6473,4.5613,inf
decoy150,6CBZ,EST_redock_6CBZ,0.6306,4.4297,inf
decoy150,1ERE,EST_redock_1ERE,0.6112,4.4866,inf
decoy150,3UUD,EST_redock_3UUD,0.5711,3.9318,inf
decoy150,4ZN7,DES_redock_4ZN7,0.5662,4.0120,inf
decoy150,3ERD,DES_redock_3ERD,0.5519,4.0301,inf
decoy150,4MG9,27K_redock_4MG9,0.5189,3.6125,inf
decoy151,4ZN7,DES_redock_4ZN7,0.7921,5.7319,inf
decoy151,3ERD,DES_redock_3ERD,0.7624,5.1202,inf
decoy151,3UU7,2OH_redock_3UU7,0.7438,5.2853,inf
decoy151,1GWR,EST_redock_1GWR,0.7284,5.3282,inf
decoy151,3UUD,EST_redock_3UUD,0.7272,5.3281,inf
decoy151,6CBZ,EST_redock_6CBZ,0.7095,5.0208,inf
decoy151,4MGA,27L_redock_4MGA,0.6862,5.0940,inf
decoy151,4MG9,27K_redock_4MG9,0.6834,4.7461,inf
decoy151,1G50,EST_redock_1G50,0.6808,5.1736,inf
decoy151,4TUZ,36J_redock_4TUZ,0.6728,4.7707,inf
decoy151,1ERE,EST_redock_1ERE,0.6723,4.9552,inf
decoy151,4MG8,27J_redock_4MG8,0.6480,4.4903,inf
decoy151,4MGC,27M_redock_4MGC,0.6366,4.4011,inf
decoy152,4MG8,27J_redock_4MG8,0.6115,4.2341,inf
decoy152,4MG9,27K_redock_4MG9,0.5622,3.7326,inf
decoy152,6CBZ,EST_redock_6CBZ,0.5290,2.8835,inf
decoy152,4TUZ,36J_redock_4TUZ,0.4884,3.2132,inf
decoy152,4MGA,27L_redock_4MGA,0.4352,2.7813,inf
decoy152,4ZN7,DES_redock_4ZN7,0.3835,2.5310,inf
decoy152,3UU7,2OH_redock_3UU7,0.3732,2.2520,inf
decoy152,4MGC,27M_redock_4MGC,0.3554,2.3047,inf
decoy152,3ERD,DES_redock_3ERD,0.3390,2.2053,inf
decoy152,3UUD,EST_redock_3UUD,0.3348,2.2700,inf
decoy152,1ERE,EST_redock_1ERE,0.3095,2.1194,inf
decoy152,1GWR,EST_redock_1GWR,0.2747,1.7843,inf
decoy152,1G50,EST_redock_1G50,0.2357,1.3340,inf
decoy153,4MG8,27J_redock_4MG8,0.9129,6.6665,inf
decoy153,1GWR,EST_redock_1GWR,0.9013,6.4605,inf
decoy153,3UU7,2OH_redock_3UU7,0.8925,6.3747,inf
decoy153,6CBZ,EST_redock_6CBZ,0.8914,6.2970,inf
decoy153,4MGC,27M_redock_4MGC,0.8889,6.4151,inf
decoy153,4TUZ,36J_redock_4TUZ,0.8875,6.4943,inf
decoy153,3UUD,EST_redock_3UUD,0.8661,6.3000,inf
decoy153,4MG9,27K_redock_4MG9,0.8625,6.1592,inf
decoy153,1ERE,EST_redock_1ERE,0.8573,6.2288,inf
decoy153,4ZN7,DES_redock_4ZN7,0.8399,5.9755,inf
decoy153,1G50,EST_redock_1G50,0.8381,6.0045,inf
decoy153,3ERD,DES_redock_3ERD,0.7473,5.4128,inf
decoy153,4MGA,27L_redock_4MGA,0.6827,4.7202,inf
decoy154,4TUZ,36J_redock_4TUZ,0.7802,5.3685,inf
decoy154,4MG8,27J_redock_4MG8,0.7640,5.2957,inf
decoy154,1ERE,EST_redock_1ERE,0.7565,5.1125,inf
decoy154,3UUD,EST_redock_3UUD,0.7550,5.1880,inf
decoy154,4MG9,27K_redock_4MG9,0.7278,4.9837,inf
decoy154,3UU7,2OH_redock_3UU7,0.7134,4.8283,inf
decoy154,4ZN7,DES_redock_4ZN7,0.6681,4.7593,inf
decoy154,4MGC,27M_redock_4MGC,0.6632,4.4875,inf
decoy154,1G50,EST_redock_1G50,0.6579,4.4570,inf
decoy154,3ERD,DES_redock_3ERD,0.6050,4.1946,inf
decoy154,6CBZ,EST_redock_6CBZ,0.5943,3.8547,inf
decoy154,1GWR,EST_redock_1GWR,0.5886,3.7228,inf
decoy154,4MGA,27L_redock_4MGA,0.4851,3.3350,inf
decoy155,3ERD,DES_redock_3ERD,0.9290,7.1604,inf
decoy155,4MGC,27M_redock_4MGC,0.9170,6.9302,inf
decoy155,4TUZ,36J_redock_4TUZ,0.8906,6.6581,inf
decoy155,4ZN7,DES_redock_4ZN7,0.8879,6.6785,inf
decoy155,3UUD,EST_redock_3UUD,0.8859,6.7265,inf
decoy155,4MGA,27L_redock_4MGA,0.8795,6.7234,inf
decoy155,4MG9,27K_redock_4MG9,0.8670,6.7114,inf
decoy155,4MG8,27J_redock_4MG8,0.8478,6.4368,inf
decoy155,6CBZ,EST_redock_6CBZ,0.8376,6.2852,inf
decoy155,1GWR,EST_redock_1GWR,0.8299,6.1808,inf
decoy155,3UU7,2OH_redock_3UU7,0.8242,6.3821,inf
decoy155,1ERE,EST_redock_1ERE,0.8147,6.2216,inf
decoy155,1G50,EST_redock_1G50,0.7766,5.8057,inf
decoy156,4MG8,27J_redock_4MG8,0.8568,5.8286,inf
decoy156,4TUZ,36J_redock_4TUZ,0.8217,5.8077,inf
decoy156,1GWR,EST_redock_1GWR,0.8139,5.5579,inf
decoy156,3UUD,EST_redock_3UUD,0.8049,5.5578,inf
decoy156,6CBZ,EST_redock_6CBZ,0.8023,5.4967,inf
decoy156,4MGC,27M_redock_4MGC,0.7777,5.4602,inf
decoy156,4ZN7,DES_redock_4ZN7,0.7488,5.2669,inf
decoy156,3UU7,2OH_redock_3UU7,0.7307,4.9285,inf
decoy156,3ERD,DES_redock_3ERD,0.7107,4.8611,inf
decoy156,1G50,EST_redock_1G50,0.7092,4.7870,inf
decoy156,4MGA,27L_redock_4MGA,0.6970,4.8810,inf
decoy156,1ERE,EST_redock_1ERE,0.6782,4.7241,inf
decoy156,4MG9,27K_redock_4MG9,0.6436,4.4418,inf
decoy157,4MGC,27M_redock_4MGC,0.6719,4.8806,inf
decoy157,6CBZ,EST_redock_6CBZ,0.6453,4.5911,inf
decoy157,1GWR,EST_redock_1GWR,0.6114,4.2311,inf
decoy157,4MG9,27K_redock_4MG9,0.6092,4.3170,inf
decoy157,4MGA,27L_redock_4MGA,0.5867,4.2251,inf
decoy157,4MG8,27J_redock_4MG8,0.5843,4.1457,inf
decoy157,1G50,EST_redock_1G50,0.5827,4.1692,inf
decoy157,3UUD,EST_redock_3UUD,0.5651,4.0912,inf
decoy157,3UU7,2OH_redock_3UU7,0.5613,4.0572,inf
decoy157,1ERE,EST_redock_1ERE,0.5209,3.7116,inf
decoy157,3ERD,DES_redock_3ERD,0.5085,3.7389,inf
decoy157,4ZN7,DES_redock_4ZN7,0.5059,3.6897,inf
decoy157,4TUZ,36J_redock_4TUZ,0.4590,3.2011,inf
decoy158,3UUD,EST_redock_3UUD,0.7204,4.5590,inf
decoy158,4MG8,27J_redock_4MG8,0.6596,3.7443,inf
decoy158,4TUZ,36J_redock_4TUZ,0.6495,3.6828,inf
decoy158,1GWR,EST_redock_1GWR,0.5820,3.4993,inf
decoy158,3ERD,DES_redock_3ERD,0.5722,3.1864,inf
decoy158,4MGA,27L_redock_4MGA,0.5318,2.8094,inf
decoy158,4ZN7,DES_redock_4ZN7,0.5289,2.9351,inf
decoy158,1ERE,EST_redock_1ERE,0.5108,2.9844,inf
decoy158,6CBZ,EST_redock_6CBZ,0.4660,2.7120,inf
decoy158,4MGC,27M_redock_4MGC,0.4606,2.3442,inf
decoy158,3UU7,2OH_redock_3UU7,0.4606,2.7515,inf
decoy158,4MG9,27K_redock_4MG9,0.4553,2.6505,inf
decoy158,1G50,EST_redock_1G50,0.4157,2.6829,inf
decoy159,1GWR,EST_redock_1GWR,0.7029,5.2681,inf
decoy159,3ERD,DES_redock_3ERD,0.6547,4.9731,inf
decoy159,4ZN7,DES_redock_4ZN7,0.6506,4.9445,inf
decoy159,3UU7,2OH_redock_3UU7,0.6448,4.7564,inf
decoy159,4MG9,27K_redock_4MG9,0.6087,4.6771,inf
decoy159,1ERE,EST_redock_1ERE,0.5816,4.1824,inf
decoy159,3UUD,EST_redock_3UUD,0.5589,4.0889,inf
decoy159,4MGC,27M_redock_4MGC,0.5454,3.3803,inf
decoy159,6CBZ,EST_redock_6CBZ,0.5430,3.9830,inf
decoy159,4TUZ,36J_redock_4TUZ,0.5424,4.0086,inf
decoy159,4MGA,27L_redock_4MGA,0.5394,4.0391,inf
decoy159,1G50,EST_redock_1G50,0.5140,3.5129,inf
decoy159,4MG8,27J_redock_4MG8,0.4004,2.9616,inf
decoy16,4MGC,27M_redock_4MGC,0.6377,4.6174,inf
decoy16,3UUD,EST_redock_3UUD,0.6223,4.5503,inf
decoy16,1GWR,EST_redock_1GWR,0.6153,4.3256,inf
decoy16,1G50,EST_redock_1G50,0.6117,4.4394,inf
decoy16,4MGA,27L_redock_4MGA,0.5724,4.2774,inf
decoy16,3UU7,2OH_redock_3UU7,0.5693,4.1252,inf
decoy16,4ZN7,DES_redock_4ZN7,0.5676,4.0077,inf
decoy16,6CBZ,EST_redock_6CBZ,0.5315,3.8179,inf
decoy16,3ERD,DES_redock_3ERD,0.5206,3.7738,inf
decoy16,1ERE,EST_redock_1ERE,0.4484,3.1989,inf
decoy16,4TUZ,36J_redock_4TUZ,0.4389,3.0904,inf
decoy16,4MG8,27J_redock_4MG8,0.4186,2.9232,inf
decoy16,4MG9,27K_redock_4MG9,0.3826,2.7525,inf
decoy160,4TUZ,36J_redock_4TUZ,0.9210,6.8450,inf
decoy160,4MG8,27J_redock_4MG8,0.9057,6.7882,inf
decoy160,3UUD,EST_redock_3UUD,0.8115,6.0312,inf
decoy160,1GWR,EST_redock_1GWR,0.7607,5.5080,inf
decoy160,4MGC,27M_redock_4MGC,0.7288,5.4337,inf
decoy160,6CBZ,EST_redock_6CBZ,0.6704,4.7540,inf
decoy160,3ERD,DES_redock_3ERD,0.6124,4.4454,inf
decoy160,4ZN7,DES_redock_4ZN7,0.6052,4.3707,inf
decoy160,1G50,EST_redock_1G50,0.5952,4.2367,inf
decoy160,3UU7,2OH_redock_3UU7,0.5875,4.3024,inf
decoy160,1ERE,EST_redock_1ERE,0.5540,4.0373,inf
decoy160,4MG9,27K_redock_4MG9,0.5374,3.8630,inf
decoy160,4MGA,27L_redock_4MGA,0.4211,2.9606,inf
decoy161,4MGA,27L_redock_4MGA,0.4911,3.2024,inf
decoy161,1G50,EST_redock_1G50,0.4521,2.9136,inf
decoy161,3ERD,DES_redock_3ERD,0.3914,2.4688,inf
decoy161,4MG8,27J_redock_4MG8,0.3301,1.6112,inf
decoy161,1GWR,EST_redock_1GWR,0.3171,1.9419,inf
decoy161,4TUZ,36J_redock_4TUZ,0.3119,2.0149,inf
decoy161,4ZN7,DES_redock_4ZN7,0.2990,2.0279,inf
decoy161,1ERE,EST_redock_1ERE,0.2701,1.7386,inf
decoy161,6CBZ,EST_redock_6CBZ,0.2606,1.2605,inf
decoy161,3UU7,2OH_redock_3UU7,0.2437,1.3935,inf
decoy161,3UUD,EST_redock_3UUD,0.2304,1.4904,inf
decoy161,4MG9,27K_redock_4MG9,0.2083,1.1547,inf
decoy161,4MGC,27M_redock_4MGC,0.2028,1.3445,inf
decoy162,1GWR,EST_redock_1GWR,0.7451,4.4765,inf
decoy162,3UU7,2OH_redock_3UU7,0.6353,3.8911,inf
decoy162,3UUD,EST_redock_3UUD,0.6346,3.6112,inf
decoy162,1G50,EST_redock_1G50,0.6338,3.9316,inf
decoy162,4MG8,27J_redock_4MG8,0.6015,3.6196,inf
decoy162,4TUZ,36J_redock_4TUZ,0.5982,3.9583,inf
decoy162,4ZN7,DES_redock_4ZN7,0.5953,4.1673,inf
decoy162,4MGA,27L_redock_4MGA,0.5464,3.0677,inf
decoy162,3ERD,DES_redock_3ERD,0.5289,3.7632,inf
decoy162,1ERE,EST_redock_1ERE,0.5228,3.4749,inf
decoy162,6CBZ,EST_redock_6CBZ,0.5154,3.3435,inf
decoy162,4MG9,27K_redock_4MG9,0.5022,3.0404,inf
decoy162,4MGC,27M_redock_4MGC,0.4708,2.9335,inf
decoy163,4MG9,27K_redock_4MG9,0.6451,4.9854,inf
decoy163,4MGC,27M_redock_4MGC,0.6097,4.5512,inf
decoy163,1G50,EST_redock_1G50,0.5733,3.9016,inf
decoy163,4ZN7,DES_redock_4ZN7,0.5720,4.1543,inf
decoy163,3UU7,2OH_redock_3UU7,0.5564,4.0595,inf
decoy163,3ERD,DES_redock_3ERD,0.5422,3.9935,inf
decoy163,1GWR,EST_redock_1GWR,0.4738,3.4777,inf
decoy163,4MGA,27L_redock_4MGA,0.4716,3.4113,inf
decoy163,1ERE,EST_redock_1ERE,0.4709,3.3617,inf
decoy163,4TUZ,36J_redock_4TUZ,0.4644,3.2618,inf
decoy163,4MG8,27J_redock_4MG8,0.4508,3.4043,inf
decoy163,6CBZ,EST_redock_6CBZ,0.3733,2.3893,inf
decoy163,3UUD,EST_redock_3UUD,0.3573,2.4730,inf
decoy164,4MGC,27M_redock_4MGC,0.7354,4.8080,inf
decoy164,3UUD,EST_redock_3UUD,0.6516,4.2878,inf
decoy164,4MG8,27J_redock_4MG8,0.6149,3.9602,inf
decoy164,4MG9,27K_redock_4MG9,0.5900,3.7336,inf
decoy164,1G50,EST_redock_1G50,0.5817,3.8802,inf
decoy164,6CBZ,EST_redock_6CBZ,0.5761,3.6662,inf
decoy164,1GWR,EST_redock_1GWR,0.5515,3.7673,inf
decoy164,4TUZ,36J_redock_4TUZ,0.5426,3.2746,inf
decoy164,4MGA,27L_redock_4MGA,0.5318,3.3937,inf
decoy164,4ZN7,DES_redock_4ZN7,0.5133,3.5397,inf
decoy164,3ERD,DES_redock_3ERD,0.4930,3.0811,inf
decoy164,1ERE,EST_redock_1ERE,0.4721,3.1703,inf
decoy164,3UU7,2OH_redock_3UU7,0.4005,2.6425,inf
decoy165,3UU7,2OH_redock_3UU7,0.7351,4.6738,inf
decoy165,1GWR,EST_redock_1GWR,0.6757,3.9766,inf
decoy165,3UUD,EST_redock_3UUD,0.6650,4.1375,inf
decoy165,4MGC,27M_redock_4MGC,0.6608,4.0391,inf
decoy165,1G50,EST_redock_1G50,0.6470,3.9937,inf
decoy165,4TUZ,36J_redock_4TUZ,0.6302,3.9880,inf
decoy165,1ERE,EST_redock_1ERE,0.6262,3.6714,inf
decoy165,4MGA,27L_redock_4MGA,0.6040,3.8884,inf
decoy165,4MG8,27J_redock_4MG8,0.5393,3.3095,inf
decoy165,6CBZ,EST_redock_6CBZ,0.5345,3.2212,inf
decoy165,4ZN7,DES_redock_4ZN7,0.5216,3.0810,inf
decoy165,4MG9,27K_redock_4MG9,0.5016,3.0665,inf
decoy165,3ERD,DES_redock_3ERD,0.4731,2.8576,inf
decoy166,4TUZ,36J_redock_4TUZ,0.9640,7.7449,inf
decoy166,1GWR,EST_redock_1GWR,0.9631,7.6911,inf
decoy166,6CBZ,EST_redock_6CBZ,0.9618,7.7829,inf
decoy166,4MGC,27M_redock_4MGC,0.9571,7.6940,inf
decoy166,3UU7,2OH_redock_3UU7,0.9522,7.7008,inf
decoy166,1ERE,EST_redock_1ERE,0.9413,7.6732,inf
decoy166,3UUD,EST_redock_3UUD,0.9387,7.4541,inf
decoy166,1G50,EST_redock_1G50,0.9356,7.6159,inf
decoy166,4ZN7,DES_redock_4ZN7,0.9313,7.4512,inf
decoy166,4MG8,27J_redock_4MG8,0.9218,7.4468,inf
decoy166,4MG9,27K_redock_4MG9,0.9115,7.3570,inf
decoy166,3ERD,DES_redock_3ERD,0.9010,7.3041,inf
decoy166,4MGA,27L_redock_4MGA,0.8831,7.1194,inf
decoy167,6CBZ,EST_redock_6CBZ,0.6324,4.4227,inf
decoy167,4MGA,27L_redock_4MGA,0.5958,4.2369,inf
decoy167,1GWR,EST_redock_1GWR,0.5648,3.9488,inf
decoy167,4MG9,27K_redock_4MG9,0.5244,3.6612,inf
decoy167,1ERE,EST_redock_1ERE,0.4779,3.3823,inf
decoy167,4ZN7,DES_redock_4ZN7,0.4667,3.3386,inf
decoy167,1G50,EST_redock_1G50,0.4379,2.9960,inf
decoy167,3UUD,EST_redock_3UUD,0.4372,2.9864,inf
decoy167,3ERD,DES_redock_3ERD,0.4328,3.0604,inf
decoy167,4MG8,27J_redock_4MG8,0.4167,2.8957,inf
decoy167,4MGC,27M_redock_4MGC,0.3917,2.7113,inf
decoy167,4TUZ,36J_redock_4TUZ,0.3856,2.6635,inf
decoy167,3UU7,2OH_redock_3UU7,0.3545,2.4808,inf
decoy168,6CBZ,EST_redock_6CBZ,0.9538,7.1095,inf
decoy168,4MG9,27K_redock_4MG9,0.9062,6.8530,inf
decoy168,1GWR,EST_redock_1GWR,0.9015,6.7273,inf
decoy168,3UUD,EST_redock_3UUD,0.8788,6.6341,inf
decoy168,4MG8,27J_redock_4MG8,0.8604,6.4855,inf
decoy168,4MGC,27M_redock_4MGC,0.8474,6.4118,inf
decoy168,4TUZ,36J_redock_4TUZ,0.8350,6.2125,inf
decoy168,3UU7,2OH_redock_3UU7,0.8169,6.0550,inf
decoy168,3ERD,DES_redock_3ERD,0.8159,6.0909,inf
decoy168,1ERE,EST_redock_1ERE,0.8040,6.0783,inf
decoy168,4ZN7,DES_redock_4ZN7,0.7038,5.3410,inf
decoy168,4MGA,27L_redock_4MGA,0.6952,5.1198,inf
decoy168,1G50,EST_redock_1G50,0.6079,4.4845,inf
decoy169,3UU7,2OH_redock_3UU7,0.8325,5.4112,inf
decoy169,4MG9,27K_redock_4MG9,0.8288,5.2997,inf
decoy169,6CBZ,EST_redock_6CBZ,0.8032,5.2175,inf
decoy169,3UUD,EST_redock_3UUD,0.8019,5.1392,inf
decoy169,4MG8,27J_redock_4MG8,0.7958,4.9161,inf
decoy169,4TUZ,36J_redock_4TUZ,0.7665,5.0860,inf
decoy169,4ZN7,DES_redock_4ZN7,0.7576,4.8387,inf
decoy169,1GWR,EST_redock_1GWR,0.7348,4.7658,inf
decoy169,4MGA,27L_redock_4MGA,0.7047,4.4054,inf
decoy169,3ERD,DES_redock_3ERD,0.6885,4.3795,inf
decoy169,1ERE,EST_redock_1ERE,0.6769,4.2794,inf
decoy169,1G50,EST_redock_1G50,0.6067,3.7141,inf
decoy169,4MGC,27M_redock_4MGC,0.4351,2.6284,inf
decoy17,1ERE,EST_redock_1ERE,0.5216,3.7658,inf
decoy17,4MG8,27J_redock_4MG8,0.4982,2.9054,inf
decoy17,4ZN7,DES_redock_4ZN7,0.4877,3.5155,inf
decoy17,4MG9,27K_redock_4MG9,0.4420,2.7503,inf
decoy17,3UUD,EST_redock_3UUD,0.4409,3.0338,inf
decoy17,4MGA,27L_redock_4MGA,0.4173,2.7853,inf
decoy17,3ERD,DES_redock_3ERD,0.4026,2.7276,inf
decoy17,4MGC,27M_redock_4MGC,0.3987,2.3460,inf
decoy17,6CBZ,EST_redock_6CBZ,0.3810,2.4516,inf
decoy17,4TUZ,36J_redock_4TUZ,0.3720,2.4811,inf
decoy17,1G50,EST_redock_1G50,0.3496,2.3974,inf
decoy17,1GWR,EST_redock_1GWR,0.3439,2.3031,inf
decoy17,3UU7,2OH_redock_3UU7,0.2975,1.8647,inf
decoy170,3ERD,DES_redock_3ERD,0.7053,4.7412,inf
decoy170,3UUD,EST_redock_3UUD,0.5969,3.9627,inf
decoy170,1GWR,EST_redock_1GWR,0.5936,3.7269,inf
decoy170,4MGC,27M_redock_4MGC,0.5735,3.6486,inf
decoy170,4MG9,27K_redock_4MG9,0.5061,3.3422,inf
decoy170,4MG8,27J_redock_4MG8,0.4879,3.1646,inf
decoy170,3UU7,2OH_redock_3UU7,0.4817,3.3068,inf
decoy170,6CBZ,EST_redock_6CBZ,0.3598,2.4532,inf
decoy170,1ERE,EST_redock_1ERE,0.3536,2.2654,inf
decoy170,4ZN7,DES_redock_4ZN7,0.3525,2.1789,inf
decoy170,1G50,EST_redock_1G50,0.3483,2.2082,inf
decoy170,4TUZ,36J_redock_4TUZ,0.3452,2.2774,inf
decoy170,4MGA,27L_redock_4MGA,0.3352,1.7599,inf
decoy171,4MG8,27J_redock_4MG8,0.8244,4.9484,inf
decoy171,3ERD,DES_redock_3ERD,0.8218,4.8071,inf
decoy171,4ZN7,DES_redock_4ZN7,0.8208,4.8148,inf
decoy171,6CBZ,EST_redock_6CBZ,0.7957,4.8192,inf
decoy171,4MG9,27K_redock_4MG9,0.7931,4.7673,inf
decoy171,4MGC,27M_redock_4MGC,0.7899,4.7058,inf
decoy171,4TUZ,36J_redock_4TUZ,0.7727,4.7105,inf
decoy171,3UUD,EST_redock_3UUD,0.7686,4.7713,inf
decoy171,1GWR,EST_redock_1GWR,0.7606,4.3211,inf
decoy171,1ERE,EST_redock_1ERE,0.7517,4.7298,inf
decoy171,4MGA,27L_redock_4MGA,0.7415,4.4938,inf
decoy171,3UU7,2OH_redock_3UU7,0.6584,4.0491,inf
decoy171,1G50,EST_redock_1G50,0.6076,3.7170,inf
decoy172,1GWR,EST_redock_1GWR,0.8253,5.6241,inf
decoy172,4ZN7,DES_redock_4ZN7,0.6926,4.7385,inf
decoy172,6CBZ,EST_redock_6CBZ,0.6365,4.2878,inf
decoy172,3ERD,DES_redock_3ERD,0.6111,4.1438,inf
decoy172,3UUD,EST_redock_3UUD,0.6053,4.1140,inf
decoy172,4TUZ,36J_redock_4TUZ,0.5718,3.8458,inf
decoy172,1ERE,EST_redock_1ERE,0.5556,3.7991,inf
decoy172,1G50,EST_redock_1G50,0.5517,3.7779,inf
decoy172,4MG8,27J_redock_4MG8,0.5304,3.6061,inf
decoy172,3UU7,2OH_redock_3UU7,0.5259,3.6270,inf
decoy172,4MG9,27K_redock_4MG9,0.5068,3.3629,inf
decoy172,4MGA,27L_redock_4MGA,0.4996,3.0633,inf
decoy172,4MGC,27M_redock_4MGC,0.4981,3.3255,inf
decoy173,6CBZ,EST_redock_6CBZ,0.8999,6.7397,inf
decoy173,4MGC,27M_redock_4MGC,0.8996,6.3802,inf
decoy173,1G50,EST_redock_1G50,0.8937,6.2565,inf
decoy173,1GWR,EST_redock_1GWR,0.8750,5.8928,inf
decoy173,4MG8,27J_redock_4MG8,0.8723,6.0721,inf
decoy173,3UU7,2OH_redock_3UU7,0.8634,6.3359,inf
decoy173,4MGA,27L_redock_4MGA,0.8594,6.1098,inf
decoy173,3UUD,EST_redock_3UUD,0.8558,6.1316,inf
decoy173,1ERE,EST_redock_1ERE,0.8480,5.8727,inf
decoy173,4TUZ,36J_redock_4TUZ,0.8416,5.9756,inf
decoy173,4ZN7,DES_redock_4ZN7,0.8141,5.9874,inf
decoy173,3ERD,DES_redock_3ERD,0.8106,5.5744,inf
decoy173,4MG9,27K_redock_4MG9,0.8074,5.7623,inf
decoy174,1GWR,EST_redock_1GWR,0.9633,6.8855,inf
decoy174,4ZN7,DES_redock_4ZN7,0.9583,6.9294,inf
decoy174,3ERD,DES_redock_3ERD,0.9271,6.4267,inf
decoy174,4MGC,27M_redock_4MGC,0.9203,6.3862,inf
decoy174,4TUZ,36J_redock_4TUZ,0.9093,6.5343,inf
decoy174,6CBZ,EST_redock_6CBZ,0.9007,6.3357,inf
decoy174,4MG8,27J_redock_4MG8,0.8810,6.3491,inf
decoy174,3UUD,EST_redock_3UUD,0.8793,6.2732,inf
decoy174,1ERE,EST_redock_1ERE,0.8464,6.2389,inf
decoy174,1G50,EST_redock_1G50,0.8371,6.0335,inf
decoy174,3UU7,2OH_redock_3UU7,0.8318,5.6306,inf
decoy174,4MG9,27K_redock_4MG9,0.7972,5.5026,inf
decoy174,4MGA,27L_redock_4MGA,0.7810,5.4467,inf
decoy175,4TUZ,36J_redock_4TUZ,0.8145,5.6015,inf
decoy175,4MG8,27J_redock_4MG8,0.8093,5.6355,inf
decoy175,3UUD,EST_redock_3UUD,0.8027,5.4780,inf
decoy175,6CBZ,EST_redock_6CBZ,0.7938,5.3314,inf
decoy175,3ERD,DES_redock_3ERD,0.7937,5.3287,inf
decoy175,1GWR,EST_redock_1GWR,0.7834,5.2669,inf
decoy175,4MGC,27M_redock_4MGC,0.7749,5.1497,inf
decoy175,1ERE,EST_redock_1ERE,0.7032,4.7437,inf
decoy175,4MG9,27K_redock_4MG9,0.6839,4.3962,inf
decoy175,3UU7,2OH_redock_3UU7,0.6763,4.2162,inf
decoy175,4ZN7,DES_redock_4ZN7,0.6728,4.5001,inf
decoy175,4MGA,27L_redock_4MGA,0.6227,4.2584,inf
decoy175,1G50,EST_redock_1G50,0.5219,3.4661,inf
decoy176,1GWR,EST_redock_1GWR,0.8351,5.7753,inf
decoy176,6CBZ,EST_redock_6CBZ,0.7446,5.0786,inf
decoy176,4MGC,27M_redock_4MGC,0.6651,4.5842,inf
decoy176,4TUZ,36J_redock_4TUZ,0.6120,4.0687,inf
decoy176,4MG8,27J_redock_4MG8,0.6051,4.1040,inf
decoy176,4MG9,27K_redock_4MG9,0.5965,3.9786,inf
decoy176,3UUD,EST_redock_3UUD,0.5961,4.0977,inf
decoy176,1G50,EST_redock_1G50,0.5853,3.8485,inf
decoy176,3UU7,2OH_redock_3UU7,0.5551,4.0670,inf
decoy176,3ERD,DES_redock_3ERD,0.5315,3.7740,inf
decoy176,4ZN7,DES_redock_4ZN7,0.4880,3.3440,inf
decoy176,4MGA,27L_redock_4MGA,0.4839,3.4187,inf
decoy176,1ERE,EST_redock_1ERE,0.4748,2.5865,inf
decoy177,1G50,EST_redock_1G50,0.5729,2.9815,inf
decoy177,3ERD,DES_redock_3ERD,0.5646,3.2263,inf
decoy177,4MG8,27J_redock_4MG8,0.5618,3.2032,inf
decoy177,4TUZ,36J_redock_4TUZ,0.5045,2.4030,inf
decoy177,1GWR,EST_redock_1GWR,0.5002,3.2006,inf
decoy177,4ZN7,DES_redock_4ZN7,0.4806,3.0564,inf
decoy177,4MGA,27L_redock_4MGA,0.4725,2.6532,inf
decoy177,4MGC,27M_redock_4MGC,0.4482,2.5461,inf
decoy177,4MG9,27K_redock_4MG9,0.4405,2.7709,inf
decoy177,3UU7,2OH_redock_3UU7,0.4075,2.7098,inf
decoy177,6CBZ,EST_redock_6CBZ,0.3801,2.5009,inf
decoy177,3UUD,EST_redock_3UUD,0.3698,2.2993,inf
decoy177,1ERE,EST_redock_1ERE,0.2989,1.5840,inf
decoy178,1GWR,EST_redock_1GWR,0.8918,6.1855,inf
decoy178,4MGC,27M_redock_4MGC,0.8439,6.0403,inf
decoy178,4TUZ,36J_redock_4TUZ,0.8350,5.7501,inf
decoy178,3UU7,2OH_redock_3UU7,0.8173,5.6903,inf
decoy178,3ERD,DES_redock_3ERD,0.8134,5.5763,inf
decoy178,6CBZ,EST_redock_6CBZ,0.8074,5.6150,inf
decoy178,3UUD,EST_redock_3UUD,0.8008,5.4377,inf
decoy178,1ERE,EST_redock_1ERE,0.7807,5.3767,inf
decoy178,4MG8,27J_redock_4MG8,0.7689,5.1666,inf
decoy178,1G50,EST_redock_1G50,0.7635,5.4371,inf
decoy178,4ZN7,DES_redock_4ZN7,0.7276,5.1626,inf
decoy178,4MG9,27K_redock_4MG9,0.6507,4.2891,inf
decoy178,4MGA,27L_redock_4MGA,0.6038,4.0633,inf
decoy179,1GWR,EST_redock_1GWR,0.8559,6.2032,inf
decoy179,6CBZ,EST_redock_6CBZ,0.8490,6.2703,inf
decoy179,4MG8,27J_redock_4MG8,0.7335,5.1662,inf
decoy179,1ERE,EST_redock_1ERE,0.7121,5.1131,inf
decoy179,3UUD,EST_redock_3UUD,0.6823,4.9891,inf
decoy179,4TUZ,36J_redock_4TUZ,0.6223,4.4606,inf
decoy179,4MGC,27M_redock_4MGC,0.5844,4.2122,inf
decoy179,4MG9,27K_redock_4MG9,0.5559,3.9210,inf
decoy179,3UU7,2OH_redock_3UU7,0.5115,3.6267,inf
decoy179,3ERD,DES_redock_3ERD,0.5060,3.5892,inf
decoy179,1G50,EST_redock_1G50,0.4901,3.3877,inf
decoy179,4ZN7,DES_redock_4ZN7,0.4785,3.3003,inf
decoy179,4MGA,27L_redock_4MGA,0.3862,2.7499,inf
decoy18,6CBZ,EST_redock_6CBZ,0.9299,4.4002,inf
decoy18,4MG9,27K_redock_4MG9,0.9186,4.4284,inf
decoy18,4MGC,27M_redock_4MGC,0.9009,4.4263,inf
decoy18,4MG8,27J_redock_4MG8,0.8525,4.1118,inf
decoy18,4TUZ,36J_redock_4TUZ,0.8508,3.7779,inf
decoy18,4ZN7,DES_redock_4ZN7,0.8380,3.9786,inf
decoy18,4MGA,27L_redock_4MGA,0.8291,4.0556,inf
decoy18,1G50,EST_redock_1G50,0.8171,3.4950,inf
decoy18,3ERD,DES_redock_3ERD,0.8150,3.9379,inf
decoy18,1GWR,EST_redock_1GWR,0.8140,3.6342,inf
decoy18,3UUD,EST_redock_3UUD,0.8036,3.7978,inf
decoy18,3UU7,2OH_redock_3UU7,0.7962,4.0793,inf
decoy18,1ERE,EST_redock_1ERE,0.7881,3.6363,inf
decoy180,4MGC,27M_redock_4MGC,0.8852,6.2120,inf
decoy180,3UU7,2OH_redock_3UU7,0.8664,6.2292,inf
decoy180,1GWR,EST_redock_1GWR,0.8476,5.7916,inf
decoy180,6CBZ,EST_redock_6CBZ,0.8439,5.8512,inf
decoy180,4ZN7,DES_redock_4ZN7,0.7763,5.4329,inf
decoy180,1ERE,EST_redock_1ERE,0.7759,5.4378,inf
decoy180,3UUD,EST_redock_3UUD,0.7683,5.2673,inf
decoy180,4TUZ,36J_redock_4TUZ,0.7233,4.9481,inf
decoy180,1G50,EST_redock_1G50,0.7205,4.8664,inf
decoy180,4MG9,27K_redock_4MG9,0.6723,4.4506,inf
decoy180,3ERD,DES_redock_3ERD,0.6675,4.5387,inf
decoy180,4MG8,27J_redock_4MG8,0.5124,3.5732,inf
decoy180,4MGA,27L_redock_4MGA,0.5113,3.4768,inf
decoy181,1G50,EST_redock_1G50,0.5478,3.8080,inf
decoy181,1GWR,EST_redock_1GWR,0.4646,3.1752,inf
decoy181,4MGA,27L_redock_4MGA,0.4510,3.0661,inf
decoy181,4MGC,27M_redock_4MGC,0.4454,2.9981,inf
decoy181,3UU7,2OH_redock_3UU7,0.3535,2.3506,inf
decoy181,6CBZ,EST_redock_6CBZ,0.3316,2.3566,inf
decoy181,1ERE,EST_redock_1ERE,0.3112,2.1749,inf
decoy181,3ERD,DES_redock_3ERD,0.3072,2.0680,inf
decoy181,4TUZ,36J_redock_4TUZ,0.3034,2.1791,inf
decoy181,4MG9,27K_redock_4MG9,0.2810,1.9661,inf
decoy181,4ZN7,DES_redock_4ZN7,0.2781,1.8469,inf
decoy181,4MG8,27J_redock_4MG8,0.2703,1.9105,inf
decoy181,3UUD,EST_redock_3UUD,0.1318,0.8558,inf
decoy182,3ERD,DES_redock_3ERD,0.6609,4.3012,inf
decoy182,1GWR,EST_redock_1GWR,0.5724,3.0633,inf
decoy182,1ERE,EST_redock_1ERE,0.5241,3.1594,inf
decoy182,4MGA,27L_redock_4MGA,0.5003,2.6718,inf
decoy182,4MG9,27K_redock_4MG9,0.4915,2.9456,inf
decoy182,4MG8,27J_redock_4MG8,0.4543,2.9067,inf
decoy182,4TUZ,36J_redock_4TUZ,0.4360,2.8403,inf
decoy182,6CBZ,EST_redock_6CBZ,0.4281,2.2454,inf
decoy182,3UU7,2OH_redock_3UU7,0.4056,2.6183,inf
decoy182,1G50,EST_redock_1G50,0.3685,2.0857,inf
decoy182,3UUD,EST_redock_3UUD,0.3480,2.2460,inf
decoy182,4MGC,27M_redock_4MGC,0.3196,2.0130,inf
decoy182,4ZN7,DES_redock_4ZN7,0.3109,2.0286,inf
decoy183,4MGC,27M_redock_4MGC,0.8735,6.1874,inf
decoy183,4MGA,27L_redock_4MGA,0.8417,5.9469,inf
decoy183,4ZN7,DES_redock_4ZN7,0.8370,6.0308,inf
decoy183,1GWR,EST_redock_1GWR,0.8330,5.8127,inf
decoy183,3ERD,DES_redock_3ERD,0.8233,5.5347,inf
decoy183,3UUD,EST_redock_3UUD,0.8147,5.4568,inf
decoy183,1ERE,EST_redock_1ERE,0.7968,5.5578,inf
decoy183,4TUZ,36J_redock_4TUZ,0.7810,5.5381,inf
decoy183,4MG8,27J_redock_4MG8,0.7656,5.2206,inf
decoy183,6CBZ,EST_redock_6CBZ,0.7640,5.2405,inf
decoy183,3UU7,2OH_redock_3UU7,0.7308,4.8761,inf
decoy183,1G50,EST_redock_1G50,0.7207,5.2469,inf
decoy183,4MG9,27K_redock_4MG9,0.7145,4.6764,inf
decoy184,3UUD,EST_redock_3UUD,0.8165,5.8948,inf
decoy184,6CBZ,EST_redock_6CBZ,0.7884,5.6038,inf
decoy184,1ERE,EST_redock_1ERE,0.7807,5.6192,inf
decoy184,4TUZ,36J_redock_4TUZ,0.7720,5.4745,inf
decoy184,3UU7,2OH_redock_3UU7,0.7649,5.5194,inf
decoy184,4MGC,27M_redock_4MGC,0.7609,5.2789,inf
decoy184,1GWR,EST_redock_1GWR,0.7458,5.2739,inf
decoy184,1G50,EST_redock_1G50,0.7278,5.1121,inf
decoy184,3ERD,DES_redock_3ERD,0.7073,4.9781,inf
decoy184,4ZN7,DES_redock_4ZN7,0.7045,4.8346,inf
decoy184,4MG8,27J_redock_4MG8,0.6983,5.0106,inf
decoy184,4MGA,27L_redock_4MGA,0.6644,4.7062,inf
decoy184,4MG9,27K_redock_4MG9,0.6489,4.6015,inf
decoy185,6CBZ,EST_redock_6CBZ,0.9106,6.4362,inf
decoy185,4MG8,27J_redock_4MG8,0.8955,6.5762,inf
decoy185,4TUZ,36J_redock_4TUZ,0.8948,6.6220,inf
decoy185,1GWR,EST_redock_1GWR,0.8769,6.1145,inf
decoy185,1ERE,EST_redock_1ERE,0.8737,6.2371,inf
decoy185,3UUD,EST_redock_3UUD,0.8642,6.3479,inf
decoy185,4MGC,27M_redock_4MGC,0.8609,6.2356,inf
decoy185,4MG9,27K_redock_4MG9,0.7676,5.2921,inf
decoy185,3UU7,2OH_redock_3UU7,0.7638,5.5229,inf
decoy185,4ZN7,DES_redock_4ZN7,0.7403,5.2621,inf
decoy185,3ERD,DES_redock_3ERD,0.7367,5.3406,inf
decoy185,1G50,EST_redock_1G50,0.7260,5.1624,inf
decoy185,4MGA,27L_redock_4MGA,0.7179,5.0977,inf
decoy186,4MGC,27M_redock_4MGC,0.9085,6.7307,inf
decoy186,4ZN7,DES_redock_4ZN7,0.8800,6.6208,inf
decoy186,1ERE,EST_redock_1ERE,0.8795,6.5991,inf
decoy186,1G50,EST_redock_1G50,0.8595,6.2307,inf
decoy186,3UU7,2OH_redock_3UU7,0.8435,6.1712,inf
decoy186,4MG8,27J_redock_4MG8,0.8226,5.9305,inf
decoy186,3UUD,EST_redock_3UUD,0.7946,5.7628,inf
decoy186,1GWR,EST_redock_1GWR,0.7929,5.7572,inf
decoy186,4TUZ,36J_redock_4TUZ,0.7799,5.7122,inf
decoy186,6CBZ,EST_redock_6CBZ,0.7764,5.6291,inf
decoy186,3ERD,DES_redock_3ERD,0.7588,5.2775,inf
decoy186,4MG9,27K_redock_4MG9,0.7346,5.1461,inf
decoy186,4MGA,27L_redock_4MGA,0.7065,5.1152,inf
decoy187,4ZN7,DES_redock_4ZN7,0.9021,5.8822,inf
decoy187,4TUZ,36J_redock_4TUZ,0.8908,5.8510,inf
decoy187,3ERD,DES_redock_3ERD,0.8878,5.6769,inf
decoy187,6CBZ,EST_redock_6CBZ,0.8733,5.7004,inf
decoy187,4MG8,27J_redock_4MG8,0.8727,5.8527,inf
decoy187,4MG9,27K_redock_4MG9,0.8705,5.7029,inf
decoy187,3UUD,EST_redock_3UUD,0.8702,5.7594,inf
decoy187,4MGC,27M_redock_4MGC,0.8679,5.7170,inf
decoy187,3UU7,2OH_redock_3UU7,0.8662,5.8856,inf
decoy187,1GWR,EST_redock_1GWR,0.8592,5.6625,inf
decoy187,1ERE,EST_redock_1ERE,0.8200,5.4663,inf
decoy187,4MGA,27L_redock_4MGA,0.7987,5.1324,inf
decoy187,1G50,EST_redock_1G50,0.7598,4.9571,inf
decoy188,6CBZ,EST_redock_6CBZ,0.6209,4.4901,inf
decoy188,4MG8,27J_redock_4MG8,0.5497,3.6703,inf
decoy188,1ERE,EST_redock_1ERE,0.5403,3.8241,inf
decoy188,4MGC,27M_redock_4MGC,0.5277,3.5002,inf
decoy188,4MG9,27K_redock_4MG9,0.4366,2.9988,inf
decoy188,4TUZ,36J_redock_4TUZ,0.4157,2.8845,inf
decoy188,3UUD,EST_redock_3UUD,0.3997,2.5388,inf
decoy188,1GWR,EST_redock_1GWR,0.3950,2.7150,inf
decoy188,3ERD,DES_redock_3ERD,0.3859,2.3693,inf
decoy188,4ZN7,DES_redock_4ZN7,0.3690,2.5008,inf
decoy188,1G50,EST_redock_1G50,0.3352,1.9259,inf
decoy188,3UU7,2OH_redock_3UU7,0.3202,1.9614,inf
decoy188,4MGA,27L_redock_4MGA,0.2862,1.8757,inf
decoy189,3UU7,2OH_redock_3UU7,0.8957,6.5380,inf
decoy189,1ERE,EST_redock_1ERE,0.8821,6.2720,inf
decoy189,6CBZ,EST_redock_6CBZ,0.8552,6.0067,inf
decoy189,4MG8,27J_redock_4MG8,0.8531,6.1876,inf
decoy189,3UUD,EST_redock_3UUD,0.8474,6.1010,inf
decoy189,4MG9,27K_redock_4MG9,0.8192,5.8246,inf
decoy189,4MGA,27L_redock_4MGA,0.8107,5.7961,inf
decoy189,1GWR,EST_redock_1GWR,0.8077,5.7589,inf
decoy189,3ERD,DES_redock_3ERD,0.7827,5.5898,inf
decoy189,4TUZ,36J_redock_4TUZ,0.7506,5.3740,inf
decoy189,1G50,EST_redock_1G50,0.7487,5.5284,inf
decoy189,4ZN7,DES_redock_4ZN7,0.7279,5.1187,inf
decoy189,4MGC,27M_redock_4MGC,0.7124,5.0221,inf
decoy19,4MGA,27L_redock_4MGA,0.7972,4.9968,inf
decoy19,1GWR,EST_redock_1GWR,0.7957,4.7722,inf
decoy19,1ERE,EST_redock_1ERE,0.7518,4.6132,inf
decoy19,4MG9,27K_redock_4MG9,0.7080,4.3362,inf
decoy19,4MG8,27J_redock_4MG8,0.6753,4.0773,inf
decoy19,3UU7,2OH_redock_3UU7,0.6738,4.3069,inf
decoy19,3UUD,EST_redock_3UUD,0.6680,3.9912,inf
decoy19,4TUZ,36J_redock_4TUZ,0.6525,3.8001,inf
decoy19,4MGC,27M_redock_4MGC,0.6272,3.7443,inf
decoy19,6CBZ,EST_redock_6CBZ,0.6247,3.6837,inf
decoy19,4ZN7,DES_redock_4ZN7,0.6008,3.5648,inf
decoy19,1G50,EST_redock_1G50,0.5931,3.4817,inf
decoy19,3ERD,DES_redock_3ERD,0.5130,3.0528,inf
decoy190,6CBZ,EST_redock_6CBZ,0.9195,6.8832,inf
decoy190,1GWR,EST_redock_1GWR,0.9085,6.7264,inf
decoy190,4MGC,27M_redock_4MGC,0.9052,6.7190,inf
decoy190,4TUZ,36J_redock_4TUZ,0.9038,6.7240,inf
decoy190,4MG8,27J_redock_4MG8,0.9019,6.6777,inf
decoy190,3UUD,EST_redock_3UUD,0.8993,6.8318,inf
decoy190,1G50,EST_redock_1G50,0.8281,6.0782,inf
decoy190,3UU7,2OH_redock_3UU7,0.8211,6.0156,inf
decoy190,1ERE,EST_redock_1ERE,0.8201,6.0973,inf
decoy190,4MG9,27K_redock_4MG9,0.7655,5.4050,inf
decoy190,4MGA,27L_redock_4MGA,0.6877,5.0186,inf
decoy190,4ZN7,DES_redock_4ZN7,0.6858,4.9002,inf
decoy190,3ERD,DES_redock_3ERD,0.6800,4.8083,inf
decoy191,3UU7,2OH_redock_3UU7,0.7936,5.7254,inf
decoy191,1GWR,EST_redock_1GWR,0.7871,5.3535,inf
decoy191,4ZN7,DES_redock_4ZN7,0.7858,5.2547,inf
decoy191,4MGA,27L_redock_4MGA,0.7686,5.4120,inf
decoy191,6CBZ,EST_redock_6CBZ,0.7617,5.1976,inf
decoy191,4MGC,27M_redock_4MGC,0.7489,4.9907,inf
decoy191,4TUZ,36J_redock_4TUZ,0.7281,4.9333,inf
decoy191,3ERD,DES_redock_3ERD,0.6858,4.6495,inf
decoy191,1ERE,EST_redock_1ERE,0.6599,4.2494,inf
decoy191,4MG9,27K_redock_4MG9,0.6572,4.2693,inf
decoy191,4MG8,27J_redock_4MG8,0.6515,4.3659,inf
decoy191,1G50,EST_redock_1G50,0.6284,4.0248,inf
decoy191,3UUD,EST_redock_3UUD,0.5721,3.8073,inf
decoy192,3ERD,DES_redock_3ERD,0.6630,4.6591,inf
decoy192,4ZN7,DES_redock_4ZN7,0.6383,4.5788,inf
decoy192,3UUD,EST_redock_3UUD,0.5929,4.3138,inf
decoy192,4MGC,27M_redock_4MGC,0.5877,3.8565,inf
decoy192,1G50,EST_redock_1G50,0.5747,4.1265,inf
decoy192,1GWR,EST_redock_1GWR,0.5367,3.6997,inf
decoy192,4MGA,27L_redock_4MGA,0.5340,3.5810,inf
decoy192,6CBZ,EST_redock_6CBZ,0.5061,3.6049,inf
decoy192,4MG8,27J_redock_4MG8,0.5049,3.5253,inf
decoy192,4TUZ,36J_redock_4TUZ,0.4854,3.3965,inf
decoy192,3UU7,2OH_redock_3UU7,0.4418,2.9940,inf
decoy192,4MG9,27K_redock_4MG9,0.4387,2.9142,inf
decoy192,1ERE,EST_redock_1ERE,0.4378,3.1048,inf
decoy193,6CBZ,EST_redock_6CBZ,0.8822,6.2898,inf
decoy193,1ERE,EST_redock_1ERE,0.8600,6.2257,inf
decoy193,1GWR,EST_redock_1GWR,0.8414,6.0972,inf
decoy193,4MG9,27K_redock_4MG9,0.7921,5.7523,inf
decoy193,1G50,EST_redock_1G50,0.7822,5.6495,inf
decoy193,3ERD,DES_redock_3ERD,0.7595,5.3551,inf
decoy193,3UUD,EST_redock_3UUD,0.7468,5.3990,inf
decoy193,4ZN7,DES_redock_4ZN7,0.7316,5.1770,inf
decoy193,4MG8,27J_redock_4MG8,0.7244,5.2122,inf
decoy193,4MGC,27M_redock_4MGC,0.7167,5.3018,inf
decoy193,4MGA,27L_redock_4MGA,0.7107,5.1468,inf
decoy193,3UU7,2OH_redock_3UU7,0.6663,4.7483,inf
decoy193,4TUZ,36J_redock_4TUZ,0.6597,4.6742,inf
decoy194,4ZN7,DES_redock_4ZN7,0.8150,6.0852,inf
decoy194,4MG9,27K_redock_4MG9,0.8100,6.0382,inf
decoy194,3ERD,DES_redock_3ERD,0.6501,4.6599,inf
decoy194,4MGC,27M_redock_4MGC,0.6332,4.4764,inf
decoy194,3UU7,2OH_redock_3UU7,0.6264,4.4400,inf
decoy194,4MG8,27J_redock_4MG8,0.5945,4.3647,inf
decoy194,4TUZ,36J_redock_4TUZ,0.5416,3.8269,inf
decoy194,6CBZ,EST_redock_6CBZ,0.5399,4.0376,inf
decoy194,1GWR,EST_redock_1GWR,0.5021,3.6404,inf
decoy194,3UUD,EST_redock_3UUD,0.4295,3.0215,inf
decoy194,1G50,EST_redock_1G50,0.4278,2.7326,inf
decoy194,1ERE,EST_redock_1ERE,0.4195,2.9810,inf
decoy194,4MGA,27L_redock_4MGA,0.3551,2.5066,inf
decoy195,4MGA,27L_redock_4MGA,0.7209,5.2565,inf
decoy195,4ZN7,DES_redock_4ZN7,0.7167,5.3707,inf
decoy195,4MGC,27M_redock_4MGC,0.6767,5.0097,inf
decoy195,3ERD,DES_redock_3ERD,0.6338,4.6729,inf
decoy195,4MG8,27J_redock_4MG8,0.6336,4.6339,inf
decoy195,3UU7,2OH_redock_3UU7,0.6151,4.3576,inf
decoy195,4TUZ,36J_redock_4TUZ,0.6092,4.4257,inf
decoy195,1GWR,EST_redock_1GWR,0.6031,4.3559,inf
decoy195,1ERE,EST_redock_1ERE,0.5879,4.2964,inf
decoy195,1G50,EST_redock_1G50,0.5794,4.0245,inf
decoy195,4MG9,27K_redock_4MG9,0.5699,4.1383,inf
decoy195,6CBZ,EST_redock_6CBZ,0.5173,3.7098,inf
decoy195,3UUD,EST_redock_3UUD,0.5089,3.6191,inf
decoy196,4MGA,27L_redock_4MGA,0.7831,5.1065,inf
decoy196,4MGC,27M_redock_4MGC,0.7625,5.3494,inf
decoy196,3ERD,DES_redock_3ERD,0.7611,5.1085,inf
decoy196,4ZN7,DES_redock_4ZN7,0.7339,5.1333,inf
decoy196,4MG8,27J_redock_4MG8,0.7253,4.9569,inf
decoy196,6CBZ,EST_redock_6CBZ,0.6993,4.6756,inf
decoy196,1GWR,EST_redock_1GWR,0.6896,4.7227,inf
decoy196,4MG9,27K_redock_4MG9,0.6543,4.5329,inf
decoy196,4TUZ,36J_redock_4TUZ,0.6510,4.4942,inf
decoy196,3UUD,EST_redock_3UUD,0.6246,4.3742,inf
decoy196,3UU7,2OH_redock_3UU7,0.5551,3.3270,inf
decoy196,1ERE,EST_redock_1ERE,0.5502,3.9587,inf
decoy196,1G50,EST_redock_1G50,0.5465,3.5517,inf
decoy197,3UU7,2OH_redock_3UU7,0.8733,6.7882,inf
decoy197,1GWR,EST_redock_1GWR,0.8694,6.6819,inf
decoy197,3ERD,DES_redock_3ERD,0.8323,6.1827,inf
decoy197,4MGA,27L_redock_4MGA,0.8013,6.0960,inf
decoy197,1G50,EST_redock_1G50,0.7409,5.4300,inf
decoy197,4MG9,27K_redock_4MG9,0.7119,5.3203,inf
decoy197,6CBZ,EST_redock_6CBZ,0.7001,4.9998,inf
decoy197,4TUZ,36J_redock_4TUZ,0.6964,5.2842,inf
decoy197,3UUD,EST_redock_3UUD,0.6946,5.1223,inf
decoy197,1ERE,EST_redock_1ERE,0.6877,5.0600,inf
decoy197,4MGC,27M_redock_4MGC,0.6865,4.9809,inf
decoy197,4ZN7,DES_redock_4ZN7,0.6669,5.0838,inf
decoy197,4MG8,27J_redock_4MG8,0.6190,4.6323,inf
decoy198,4TUZ,36J_redock_4TUZ,0.5888,4.1636,inf
decoy198,4MGC,27M_redock_4MGC,0.5814,3.9146,inf
decoy198,4MG9,27K_redock_4MG9,0.5754,4.0721,inf
decoy198,6CBZ,EST_redock_6CBZ,0.5204,3.6951,inf
decoy198,4MG8,27J_redock_4MG8,0.4684,2.7457,inf
decoy198,1GWR,EST_redock_1GWR,0.4593,3.1604,inf
decoy198,3ERD,DES_redock_3ERD,0.4258,2.8211,inf
decoy198,4ZN7,DES_redock_4ZN7,0.4250,2.8870,inf
decoy198,3UUD,EST_redock_3UUD,0.4123,2.7944,inf
decoy198,1ERE,EST_redock_1ERE,0.3671,2.5583,inf
decoy198,1G50,EST_redock_1G50,0.2940,1.6371,inf
decoy198,3UU7,2OH_redock_3UU7,0.2513,1.7849,inf
decoy198,4MGA,27L_redock_4MGA,0.2320,1.4647,inf
decoy199,4MGA,27L_redock_4MGA,0.7528,5.5322,inf
decoy199,3UU7,2OH_redock_3UU7,0.7002,4.9620,inf
decoy199,4MGC,27M_redock_4MGC,0.6761,4.3976,inf
decoy199,1G50,EST_redock_1G50,0.5567,3.8362,inf
decoy199,4ZN7,DES_redock_4ZN7,0.5069,3.5972,inf
decoy199,6CBZ,EST_redock_6CBZ,0.5037,3.5175,inf
decoy199,1GWR,EST_redock_1GWR,0.5011,3.3246,inf
decoy199,1ERE,EST_redock_1ERE,0.4762,3.2210,inf
decoy199,4TUZ,36J_redock_4TUZ,0.4701,3.2664,inf
decoy199,3UUD,EST_redock_3UUD,0.4698,3.2555,inf
decoy199,3ERD,DES_redock_3ERD,0.4466,3.1356,inf
decoy199,4MG9,27K_redock_4MG9,0.4223,2.8878,inf
decoy199,4MG8,27J_redock_4MG8,0.3823,2.5044,inf
decoy2,4ZN7,DES_redock_4ZN7,0.6640,4.6674,inf
decoy2,3ERD,DES_redock_3ERD,0.6322,4.5132,inf
decoy2,4MG9,27K_redock_4MG9,0.6286,4.1027,inf
decoy2,4MGA,27L_redock_4MGA,0.5808,3.9122,inf
decoy2,1GWR,EST_redock_1GWR,0.5803,4.1105,inf
decoy2,4MGC,27M_redock_4MGC,0.5788,4.0155,inf
decoy2,6CBZ,EST_redock_6CBZ,0.5771,3.8577,inf
decoy2,4MG8,27J_redock_4MG8,0.5753,4.0141,inf
decoy2,3UUD,EST_redock_3UUD,0.5674,3.9743,inf
decoy2,4TUZ,36J_redock_4TUZ,0.5572,3.3492,inf
decoy2,1ERE,EST_redock_1ERE,0.5055,3.4324,inf
decoy2,3UU7,2OH_redock_3UU7,0.4917,3.0666,inf
decoy2,1G50,EST_redock_1G50,0.3694,2.4361,inf
decoy20,4MGC,27M_redock_4MGC,0.5212,3.6296,inf
decoy20,6CBZ,EST_redock_6CBZ,0.5134,3.4076,inf
decoy20,4TUZ,36J_redock_4TUZ,0.4755,3.3302,inf
decoy20,4ZN7,DES_redock_4ZN7,0.4609,3.1175,inf
decoy20,1GWR,EST_redock_1GWR,0.4548,2.7451,inf
decoy20,3ERD,DES_redock_3ERD,0.4172,2.6241,inf
decoy20,3UU7,2OH_redock_3UU7,0.3991,2.7380,inf
decoy20,4MGA,27L_redock_4MGA,0.3981,2.4837,inf
decoy20,1G50,EST_redock_1G50,0.3975,2.8675,inf
decoy20,3UUD,EST_redock_3UUD,0.3665,2.0161,inf
decoy20,4MG9,27K_redock_4MG9,0.3250,2.0464,inf
decoy20,1ERE,EST_redock_1ERE,0.3098,2.1754,inf
decoy20,4MG8,27J_redock_4MG8,0.2893,1.7941,inf
decoy200,4MG9,27K_redock_4MG9,0.7096,3.5709,inf
decoy200,4MGC,27M_redock_4MGC,0.6749,3.9459,inf
decoy200,4MG8,27J_redock_4MG8,0.6702,4.4737,inf
decoy200,3ERD,DES_redock_3ERD,0.6186,3.8004,inf
decoy200,1G50,EST_redock_1G50,0.6014,3.5640,inf
decoy200,1GWR,EST_redock_1GWR,0.5936,3.8783,inf
decoy200,4MGA,27L_redock_4MGA,0.5809,3.4704,inf
decoy200,3UU7,2OH_redock_3UU7,0.5287,3.0193,inf
decoy200,4ZN7,DES_redock_4ZN7,0.5230,3.4997,inf
decoy200,1ERE,EST_redock_1ERE,0.5229,3.2277,inf
decoy200,4TUZ,36J_redock_4TUZ,0.4783,3.0155,inf
decoy200,3UUD,EST_redock_3UUD,0.4102,2.7282,inf
decoy200,6CBZ,EST_redock_6CBZ,0.3154,2.1284,inf
decoy201,4ZN7,DES_redock_4ZN7,0.6716,3.6294,inf
decoy201,4MG8,27J_redock_4MG8,0.6645,3.9656,inf
decoy201,1GWR,EST_redock_1GWR,0.6639,3.6043,inf
decoy201,6CBZ,EST_redock_6CBZ,0.6456,3.6058,inf
decoy201,3ERD,DES_redock_3ERD,0.6353,3.6191,inf
decoy201,1G50,EST_redock_1G50,0.6114,3.2112,inf
decoy201,4MG9,27K_redock_4MG9,0.5750,3.2229,inf
decoy201,4MGC,27M_redock_4MGC,0.5673,3.1611,inf
decoy201,4MGA,27L_redock_4MGA,0.5462,2.9050,inf
decoy201,3UU7,2OH_redock_3UU7,0.5217,2.8530,inf
decoy201,1ERE,EST_redock_1ERE,0.5073,2.8534,inf
decoy201,3UUD,EST_redock_3UUD,0.4929,2.6245,inf
decoy201,4TUZ,36J_redock_4TUZ,0.4848,2.6596,inf
decoy202,1G50,EST_redock_1G50,0.6711,3.3707,inf
decoy202,1GWR,EST_redock_1GWR,0.6280,4.0793,inf
decoy202,4MG8,27J_redock_4MG8,0.5605,3.7267,inf
decoy202,3ERD,DES_redock_3ERD,0.5500,3.4735,inf
decoy202,4ZN7,DES_redock_4ZN7,0.5240,3.4318,inf
decoy202,4MGC,27M_redock_4MGC,0.4910,3.1880,inf
decoy202,4MG9,27K_redock_4MG9,0.4874,2.6404,inf
decoy202,4MGA,27L_redock_4MGA,0.4806,3.2277,inf
decoy202,3UUD,EST_redock_3UUD,0.4523,3.0005,inf
decoy202,1ERE,EST_redock_1ERE,0.4451,2.3220,inf
decoy202,6CBZ,EST_redock_6CBZ,0.3995,2.2836,inf
decoy202,4TUZ,36J_redock_4TUZ,0.3851,2.0396,inf
decoy202,3UU7,2OH_redock_3UU7,0.2729,1.7102,inf
decoy203,4ZN7,DES_redock_4ZN7,0.8067,5.4288,inf
decoy203,3ERD,DES_redock_3ERD,0.8028,5.5586,inf
decoy203,4MG9,27K_redock_4MG9,0.7504,4.8960,inf
decoy203,1GWR,EST_redock_1GWR,0.7455,4.9737,inf
decoy203,4MGC,27M_redock_4MGC,0.7290,4.7568,inf
decoy203,3UUD,EST_redock_3UUD,0.7042,4.8346,inf
decoy203,4MG8,27J_redock_4MG8,0.6926,4.7340,inf
decoy203,1ERE,EST_redock_1ERE,0.6361,4.3112,inf
decoy203,4TUZ,36J_redock_4TUZ,0.6344,4.3657,inf
decoy203,6CBZ,EST_redock_6CBZ,0.5698,3.8447,inf
decoy203,4MGA,27L_redock_4MGA,0.5584,3.6219,inf
decoy203,3UU7,2OH_redock_3UU7,0.5431,3.5191,inf
decoy203,1G50,EST_redock_1G50,0.4476,2.8905,inf
decoy204,1GWR,EST_redock_1GWR,0.8940,6.3154,inf
decoy204,4MG8,27J_redock_4MG8,0.8618,6.2332,inf
decoy204,6CBZ,EST_redock_6CBZ,0.8456,6.0494,inf
decoy204,3ERD,DES_redock_3ERD,0.8303,5.7924,inf
decoy204,1ERE,EST_redock_1ERE,0.8234,6.0083,inf
decoy204,4TUZ,36J_redock_4TUZ,0.7822,5.5216,inf
decoy204,3UU7,2OH_redock_3UU7,0.7815,5.5095,inf
decoy204,3UUD,EST_redock_3UUD,0.7710,5.3484,inf
decoy204,4ZN7,DES_redock_4ZN7,0.7696,5.3550,inf
decoy204,4MG9,27K_redock_4MG9,0.7550,5.2688,inf
decoy204,1G50,EST_redock_1G50,0.7309,5.3287,inf
decoy204,4MGC,27M_redock_4MGC,0.7226,5.0414,inf
decoy204,4MGA,27L_redock_4MGA,0.6763,4.7076,inf
decoy205,4TUZ,36J_redock_4TUZ,0.7469,4.2835,inf
decoy205,6CBZ,EST_redock_6CBZ,0.6633,4.3472,inf
decoy205,1GWR,EST_redock_1GWR,0.6181,3.8360,inf
decoy205,4MG9,27K_redock_4MG9,0.6091,3.6907,inf
decoy205,1ERE,EST_redock_1ERE,0.5755,3.8722,inf
decoy205,3UUD,EST_redock_3UUD,0.5753,3.7574,inf
decoy205,1G50,EST_redock_1G50,0.5503,3.4895,inf
decoy205,4MGA,27L_redock_4MGA,0.5497,3.2606,inf
decoy205,4MG8,27J_redock_4MG8,0.5092,3.5542,inf
decoy205,4ZN7,DES_redock_4ZN7,0.4981,3.3041,inf
decoy205,4MGC,27M_redock_4MGC,0.4828,3.2525,inf
decoy205,3ERD,DES_redock_3ERD,0.4598,2.6874,inf
decoy205,3UU7,2OH_redock_3UU7,0.4269,2.6240,inf
decoy206,4MGA,27L_redock_4MGA,0.9271,6.1575,inf
decoy206,4MGC,27M_redock_4MGC,0.9247,5.9283,inf
decoy206,4MG9,27K_redock_4MG9,0.9247,5.4751,inf
decoy206,4ZN7,DES_redock_4ZN7,0.9209,6.0210,inf
decoy206,1ERE,EST_redock_1ERE,0.9205,6.2265,inf
decoy206,6CBZ,EST_redock_6CBZ,0.9145,6.2001,inf
decoy206,1G50,EST_redock_1G50,0.9115,6.2726,inf
decoy206,3UUD,EST_redock_3UUD,0.9101,5.9520,inf
decoy206,3UU7,2OH_redock_3UU7,0.9070,5.8174,inf
decoy206,1GWR,EST_redock_1GWR,0.8950,5.5973,inf
decoy206,4TUZ,36J_redock_4TUZ,0.8903,5.8207,inf
decoy206,3ERD,DES_redock_3ERD,0.8788,5.8730,inf
decoy206,4MG8,27J_redock_4MG8,0.8757,5.7504,inf
decoy207,3ERD,DES_redock_3ERD,0.6262,4.1088,inf
decoy207,4ZN7,DES_redock_4ZN7,0.6215,4.4413,inf
decoy207,6CBZ,EST_redock_6CBZ,0.6031,3.8973,inf
decoy207,3UUD,EST_redock_3UUD,0.6029,4.0352,inf
decoy207,4MGA,27L_redock_4MGA,0.5948,3.6269,inf
decoy207,1GWR,EST_redock_1GWR,0.5792,3.6171,inf
decoy207,4MG8,27J_redock_4MG8,0.5356,3.5181,inf
decoy207,4TUZ,36J_redock_4TUZ,0.5323,3.6305,inf
decoy207,1ERE,EST_redock_1ERE,0.5270,3.6355,inf
decoy207,1G50,EST_redock_1G50,0.4541,2.8621,inf
decoy207,4MGC,27M_redock_4MGC,0.3388,2.0884,inf
decoy207,4MG9,27K_redock_4MG9,0.3155,1.8350,inf
decoy207,3UU7,2OH_redock_3UU7,0.3057,1.7240,inf
decoy208,1GWR,EST_redock_1GWR,0.7633,5.0991,inf
decoy208,4ZN7,DES_redock_4ZN7,0.7575,5.0684,inf
decoy208,3ERD,DES_redock_3ERD,0.7415,4.8492,inf
decoy208,3UUD,EST_redock_3UUD,0.6945,4.8243,inf
decoy208,1ERE,EST_redock_1ERE,0.6938,4.8014,inf
decoy208,4MG8,27J_redock_4MG8,0.6849,4.1876,inf
decoy208,1G50,EST_redock_1G50,0.6486,4.4643,inf
decoy208,6CBZ,EST_redock_6CBZ,0.6372,4.2500,inf
decoy208,4MG9,27K_redock_4MG9,0.6280,3.9765,inf
decoy208,3UU7,2OH_redock_3UU7,0.6223,3.8637,inf
decoy208,4TUZ,36J_redock_4TUZ,0.6086,4.0188,inf
decoy208,4MGA,27L_redock_4MGA,0.6025,4.0173,inf
decoy208,4MGC,27M_redock_4MGC,0.5761,3.5852,inf
decoy209,4ZN7,DES_redock_4ZN7,0.6222,4.3611,inf
decoy209,1G50,EST_redock_1G50,0.5846,3.9071,inf
decoy209,4MG8,27J_redock_4MG8,0.5249,3.2692,inf
decoy209,4MGA,27L_redock_4MGA,0.5198,3.0133,inf
decoy209,3ERD,DES_redock_3ERD,0.5098,3.4810,inf
decoy209,4MGC,27M_redock_4MGC,0.4929,3.1404,inf
decoy209,4TUZ,36J_redock_4TUZ,0.4727,3.1744,inf
decoy209,3UU7,2OH_redock_3UU7,0.4641,2.8317,inf
decoy209,1ERE,EST_redock_1ERE,0.4597,2.5836,inf
decoy209,6CBZ,EST_redock_6CBZ,0.4516,2.8685,inf
decoy209,1GWR,EST_redock_1GWR,0.4148,2.1457,inf
decoy209,4MG9,27K_redock_4MG9,0.3837,2.3918,inf
decoy209,3UUD,EST_redock_3UUD,0.3501,2.3717,inf
decoy21,4MG9,27K_redock_4MG9,0.8962,6.1659,inf
decoy21,6CBZ,EST_redock_6CBZ,0.8947,5.9299,inf
decoy21,4MG8,27J_redock_4MG8,0.8938,6.2198,inf
decoy21,1G50,EST_redock_1G50,0.8919,6.2029,inf
decoy21,1ERE,EST_redock_1ERE,0.8880,6.0953,inf
decoy21,3UUD,EST_redock_3UUD,0.8727,6.0163,inf
decoy21,3ERD,DES_redock_3ERD,0.8575,5.8811,inf
decoy21,1GWR,EST_redock_1GWR,0.8559,5.6617,inf
decoy21,4ZN7,DES_redock_4ZN7,0.8307,5.4638,inf
decoy21,4MGC,27M_redock_4MGC,0.8274,5.5203,inf
decoy21,4MGA,27L_redock_4MGA,0.8222,5.6723,inf
decoy21,3UU7,2OH_redock_3UU7,0.8158,5.3236,inf
decoy21,4TUZ,36J_redock_4TUZ,0.8044,5.3366,inf
decoy210,4MGA,27L_redock_4MGA,0.7862,6.1475,inf
decoy210,3UU7,2OH_redock_3UU7,0.6912,5.3785,inf
decoy210,4MG8,27J_redock_4MG8,0.6662,4.7655,inf
decoy210,1G50,EST_redock_1G50,0.6165,4.7429,inf
decoy210,1GWR,EST_redock_1GWR,0.6123,4.4955,inf
decoy210,1ERE,EST_redock_1ERE,0.5596,4.1645,inf
decoy210,4TUZ,36J_redock_4TUZ,0.5532,4.0284,inf
decoy210,4MG9,27K_redock_4MG9,0.5243,3.6919,inf
decoy210,4ZN7,DES_redock_4ZN7,0.4880,3.5515,inf
decoy210,3UUD,EST_redock_3UUD,0.4565,3.3398,inf
decoy210,6CBZ,EST_redock_6CBZ,0.4019,2.8630,inf
decoy210,3ERD,DES_redock_3ERD,0.3632,2.6382,inf
decoy210,4MGC,27M_redock_4MGC,0.3456,2.4323,inf
decoy211,6CBZ,EST_redock_6CBZ,0.5728,3.2440,inf
decoy211,4MG8,27J_redock_4MG8,0.4245,3.0999,inf
decoy211,4TUZ,36J_redock_4TUZ,0.4195,2.9123,inf
decoy211,1GWR,EST_redock_1GWR,0.4182,2.9385,inf
decoy211,1ERE,EST_redock_1ERE,0.3820,2.6597,inf
decoy211,3ERD,DES_redock_3ERD,0.3785,2.5692,inf
decoy211,4MG9,27K_redock_4MG9,0.3702,2.2212,inf
decoy211,1G50,EST_redock_1G50,0.3355,2.2479,inf
decoy211,3UUD,EST_redock_3UUD,0.3321,2.2939,inf
decoy211,4ZN7,DES_redock_4ZN7,0.3303,2.3343,inf
decoy211,4MGC,27M_redock_4MGC,0.2989,2.0234,inf
decoy211,4MGA,27L_redock_4MGA,0.2669,1.7391,inf
decoy211,3UU7,2OH_redock_3UU7,0.2157,1.3373,inf
decoy212,4ZN7,DES_redock_4ZN7,0.8190,5.7431,inf
decoy212,3ERD,DES_redock_3ERD,0.8092,5.4848,inf
decoy212,4MG8,27J_redock_4MG8,0.7768,4.8060,inf
decoy212,4TUZ,36J_redock_4TUZ,0.7413,5.1421,inf
decoy212,3UU7,2OH_redock_3UU7,0.7232,4.0222,inf
decoy212,4MGC,27M_redock_4MGC,0.7168,4.7491,inf
decoy212,3UUD,EST_redock_3UUD,0.7119,4.9979,inf
decoy212,4MG9,27K_redock_4MG9,0.7091,4.2140,inf
decoy212,1G50,EST_redock_1G50,0.7042,4.7332,inf
decoy212,4MGA,27L_redock_4MGA,0.7024,4.8014,inf
decoy212,1ERE,EST_redock_1ERE,0.6617,4.5280,inf
decoy212,6CBZ,EST_redock_6CBZ,0.6256,4.1195,inf
decoy212,1GWR,EST_redock_1GWR,0.6221,3.6963,inf
decoy213,1GWR,EST_redock_1GWR,0.8399,5.8879,inf
decoy213,1ERE,EST_redock_1ERE,0.8120,6.0132,inf
decoy213,3UUD,EST_redock_3UUD,0.7740,5.6049,inf
decoy213,3UU7,2OH_redock_3UU7,0.7710,5.5332,inf
decoy213,4MG8,27J_redock_4MG8,0.7665,5.5280,inf
decoy213,4MGC,27M_redock_4MGC,0.7022,4.7915,inf
decoy213,6CBZ,EST_redock_6CBZ,0.7013,5.0202,inf
decoy213,4TUZ,36J_redock_4TUZ,0.6589,4.5448,inf
decoy213,3ERD,DES_redock_3ERD,0.6545,4.4860,inf
decoy213,4ZN7,DES_redock_4ZN7,0.6173,4.4066,inf
decoy213,1G50,EST_redock_1G50,0.6093,4.1349,inf
decoy213,4MG9,27K_redock_4MG9,0.5883,3.9403,inf
decoy213,4MGA,27L_redock_4MGA,0.4829,3.4699,inf
decoy214,1ERE,EST_redock_1ERE,0.6403,4.5906,inf
decoy214,1GWR,EST_redock_1GWR,0.5476,3.8949,inf
decoy214,4TUZ,36J_redock_4TUZ,0.5276,3.7385,inf
decoy214,6CBZ,EST_redock_6CBZ,0.5147,3.6694,inf
decoy214,4MG9,27K_redock_4MG9,0.5128,3.3592,inf
decoy214,4MGC,27M_redock_4MGC,0.5021,3.3353,inf
decoy214,4ZN7,DES_redock_4ZN7,0.4812,3.4781,inf
decoy214,1G50,EST_redock_1G50,0.4789,3.2853,inf
decoy214,3UUD,EST_redock_3UUD,0.4550,2.9331,inf
decoy214,3ERD,DES_redock_3ERD,0.4430,3.1062,inf
decoy214,4MG8,27J_redock_4MG8,0.4168,2.9630,inf
decoy214,4MGA,27L_redock_4MGA,0.3117,2.1245,inf
decoy214,3UU7,2OH_redock_3UU7,0.2885,2.0345,inf
decoy215,3ERD,DES_redock_3ERD,0.7058,4.7091,inf
decoy215,4MGA,27L_redock_4MGA,0.6938,4.6089,inf
decoy215,6CBZ,EST_redock_6CBZ,0.6377,4.1382,inf
decoy215,3UU7,2OH_redock_3UU7,0.6334,4.1957,inf
decoy215,4MG8,27J_redock_4MG8,0.5964,3.9013,inf
decoy215,4TUZ,36J_redock_4TUZ,0.5397,3.8721,inf
decoy215,3UUD,EST_redock_3UUD,0.5195,3.3089,inf
decoy215,1GWR,EST_redock_1GWR,0.4978,3.0123,inf
decoy215,4MGC,27M_redock_4MGC,0.4711,3.2389,inf
decoy215,4MG9,27K_redock_4MG9,0.4291,2.7830,inf
decoy215,1ERE,EST_redock_1ERE,0.4043,2.8318,inf
decoy215,1G50,EST_redock_1G50,0.3952,2.4011,inf
decoy215,4ZN7,DES_redock_4ZN7,0.3444,2.0730,inf
decoy216,4MGA,27L_redock_4MGA,0.7930,5.6199,inf
decoy216,1GWR,EST_redock_1GWR,0.7848,5.7505,inf
decoy216,4MG9,27K_redock_4MG9,0.7690,5.6604,inf
decoy216,6CBZ,EST_redock_6CBZ,0.7632,5.5243,inf
decoy216,1ERE,EST_redock_1ERE,0.7550,5.4650,inf
decoy216,4TUZ,36J_redock_4TUZ,0.7415,5.4023,inf
decoy216,3ERD,DES_redock_3ERD,0.7303,5.1632,inf
decoy216,4ZN7,DES_redock_4ZN7,0.7202,5.2211,inf
decoy216,3UU7,2OH_redock_3UU7,0.6764,5.0791,inf
decoy216,3UUD,EST_redock_3UUD,0.6593,4.8260,inf
decoy216,1G50,EST_redock_1G50,0.6105,4.3207,inf
decoy216,4MG8,27J_redock_4MG8,0.5717,4.0478,inf
decoy216,4MGC,27M_redock_4MGC,0.4783,3.3732,inf
decoy217,4MGA,27L_redock_4MGA,0.6079,3.5237,inf
decoy217,4ZN7,DES_redock_4ZN7,0.5850,3.9513,inf
decoy217,4MG8,27J_redock_4MG8,0.5682,3.9796,inf
decoy217,4MG9,27K_redock_4MG9,0.5492,3.5435,inf
decoy217,4MGC,27M_redock_4MGC,0.5221,3.6626,inf
decoy217,1ERE,EST_redock_1ERE,0.5127,3.5289,inf
decoy217,1G50,EST_redock_1G50,0.4847,2.6723,inf
decoy217,3ERD,DES_redock_3ERD,0.4708,2.9335,inf
decoy217,3UU7,2OH_redock_3UU7,0.4696,3.1654,inf
decoy217,4TUZ,36J_redock_4TUZ,0.4469,2.9273,inf
decoy217,1GWR,EST_redock_1GWR,0.3893,2.3701,inf
decoy217,6CBZ,EST_redock_6CBZ,0.3692,2.3142,inf
decoy217,3UUD,EST_redock_3UUD,0.3019,1.8276,inf
decoy218,4MG9,27K_redock_4MG9,0.6698,4.9655,inf
decoy218,4MG8,27J_redock_4MG8,0.5942,4.2286,inf
decoy218,4ZN7,DES_redock_4ZN7,0.5815,4.2192,inf
decoy218,3ERD,DES_redock_3ERD,0.5055,3.7028,inf
decoy218,4MGA,27L_redock_4MGA,0.4913,3.3051,inf
decoy218,4MGC,27M_redock_4MGC,0.4747,3.4210,inf
decoy218,1GWR,EST_redock_1GWR,0.4464,3.1787,inf
decoy218,3UU7,2OH_redock_3UU7,0.4251,2.7712,inf
decoy218,3UUD,EST_redock_3UUD,0.4185,2.9644,inf
decoy218,4TUZ,36J_redock_4TUZ,0.4085,2.8880,inf
decoy218,1ERE,EST_redock_1ERE,0.4056,2.8860,inf
decoy218,6CBZ,EST_redock_6CBZ,0.3548,2.5776,inf
decoy218,1G50,EST_redock_1G50,0.3275,2.3342,inf
decoy219,4ZN7,DES_redock_4ZN7,0.6347,4.4513,inf
decoy219,4MG8,27J_redock_4MG8,0.6303,4.3610,inf
decoy219,1ERE,EST_redock_1ERE,0.6284,4.4873,inf
decoy219,1GWR,EST_redock_1GWR,0.5964,4.2103,inf
decoy219,3UUD,EST_redock_3UUD,0.5928,4.3187,inf
decoy219,6CBZ,EST_redock_6CBZ,0.5869,4.1564,inf
decoy219,3ERD,DES_redock_3ERD,0.5762,4.0092,inf
decoy219,4TUZ,36J_redock_4TUZ,0.5738,3.9278,inf
decoy219,1G50,EST_redock_1G50,0.4633,3.2077,inf
decoy219,4MGC,27M_redock_4MGC,0.4536,3.0808,inf
decoy219,4MG9,27K_redock_4MG9,0.4422,3.1617,inf
decoy219,3UU7,2OH_redock_3UU7,0.4410,3.1131,inf
decoy219,4MGA,27L_redock_4MGA,0.3299,2.2512,inf
decoy22,3ERD,DES_redock_3ERD,0.8585,5.1617,inf
decoy22,4ZN7,DES_redock_4ZN7,0.8193,5.1352,inf
decoy22,4MGC,27M_redock_4MGC,0.8187,4.6027,inf
decoy22,4MG8,27J_redock_4MG8,0.7705,4.7307,inf
decoy22,4TUZ,36J_redock_4TUZ,0.7024,4.3421,inf
decoy22,3UUD,EST_redock_3UUD,0.6915,4.2559,inf
decoy22,3UU7,2OH_redock_3UU7,0.6680,4.0388,inf
decoy22,6CBZ,EST_redock_6CBZ,0.6491,4.0395,inf
decoy22,1ERE,EST_redock_1ERE,0.6247,3.9842,inf
decoy22,1GWR,EST_redock_1GWR,0.5955,3.4183,inf
decoy22,1G50,EST_redock_1G50,0.5942,3.8126,inf
decoy22,4MG9,27K_redock_4MG9,0.5807,3.2117,inf
decoy22,4MGA,27L_redock_4MGA,0.5312,3.1710,inf
decoy220,4MGC,27M_redock_4MGC,0.8291,5.8796,inf
decoy220,4ZN7,DES_redock_4ZN7,0.7365,5.4270,inf
decoy220,1ERE,EST_redock_1ERE,0.7281,5.2075,inf
decoy220,4TUZ,36J_redock_4TUZ,0.6583,4.5072,inf
decoy220,1GWR,EST_redock_1GWR,0.6508,4.6390,inf
decoy220,3UUD,EST_redock_3UUD,0.6455,4.7431,inf
decoy220,4MG8,27J_redock_4MG8,0.6390,4.6810,inf
decoy220,3ERD,DES_redock_3ERD,0.6210,4.2957,inf
decoy220,3UU7,2OH_redock_3UU7,0.6173,4.4104,inf
decoy220,6CBZ,EST_redock_6CBZ,0.6050,3.3474,inf
decoy220,1G50,EST_redock_1G50,0.5266,3.5274,inf
decoy220,4MGA,27L_redock_4MGA,0.4968,2.8278,inf
decoy220,4MG9,27K_redock_4MG9,0.4524,3.1777,inf
decoy221,4ZN7,DES_redock_4ZN7,0.7453,4.8495,inf
decoy221,3ERD,DES_redock_3ERD,0.7000,4.5663,inf
decoy221,3UUD,EST_redock_3UUD,0.6974,4.6597,inf
decoy221,1GWR,EST_redock_1GWR,0.6897,4.6644,inf
decoy221,4MG8,27J_redock_4MG8,0.6541,4.4145,inf
decoy221,4MG9,27K_redock_4MG9,0.6541,4.0817,inf
decoy221,4MGC,27M_redock_4MGC,0.6369,4.2953,inf
decoy221,4MGA,27L_redock_4MGA,0.6293,4.0721,inf
decoy221,4TUZ,36J_redock_4TUZ,0.5649,3.7767,inf
decoy221,6CBZ,EST_redock_6CBZ,0.5430,3.6028,inf
decoy221,3UU7,2OH_redock_3UU7,0.5354,3.3890,inf
decoy221,1G50,EST_redock_1G50,0.5176,3.6018,inf
decoy221,1ERE,EST_redock_1ERE,0.5153,3.4059,inf
decoy222,1ERE,EST_redock_1ERE,0.6618,4.6975,inf
decoy222,4ZN7,DES_redock_4ZN7,0.6438,4.4227,inf
decoy222,4TUZ,36J_redock_4TUZ,0.6402,4.3403,inf
decoy222,3ERD,DES_redock_3ERD,0.6218,3.8845,inf
decoy222,1GWR,EST_redock_1GWR,0.6190,4.0545,inf
decoy222,3UU7,2OH_redock_3UU7,0.6019,4.0704,inf
decoy222,4MG9,27K_redock_4MG9,0.5897,3.7716,inf
decoy222,3UUD,EST_redock_3UUD,0.5894,3.9554,inf
decoy222,4MGA,27L_redock_4MGA,0.5787,4.0811,inf
decoy222,4MGC,27M_redock_4MGC,0.5683,3.7850,inf
decoy222,4MG8,27J_redock_4MG8,0.5568,3.4440,inf
decoy222,1G50,EST_redock_1G50,0.5559,3.6686,inf
decoy222,6CBZ,EST_redock_6CBZ,0.5444,3.6552,inf
decoy223,1GWR,EST_redock_1GWR,0.8196,5.7106,inf
decoy223,4MG9,27K_redock_4MG9,0.8019,5.4489,inf
decoy223,4TUZ,36J_redock_4TUZ,0.7851,5.4383,inf
decoy223,4MG8,27J_redock_4MG8,0.7603,5.1220,inf
decoy223,4MGC,27M_redock_4MGC,0.7598,5.1670,inf
decoy223,4ZN7,DES_redock_4ZN7,0.7356,5.0229,inf
decoy223,1ERE,EST_redock_1ERE,0.7307,5.1568,inf
decoy223,3ERD,DES_redock_3ERD,0.7234,4.6270,inf
decoy223,6CBZ,EST_redock_6CBZ,0.6950,4.6657,inf
decoy223,4MGA,27L_redock_4MGA,0.6883,4.7463,inf
decoy223,1G50,EST_redock_1G50,0.6662,4.6263,inf
decoy223,3UUD,EST_redock_3UUD,0.6607,4.4138,inf
decoy223,3UU7,2OH_redock_3UU7,0.6345,4.3935,inf
decoy224,1GWR,EST_redock_1GWR,0.7745,5.0550,inf
decoy224,6CBZ,EST_redock_6CBZ,0.7583,4.9615,inf
decoy224,4MG9,27K_redock_4MG9,0.7271,5.0915,inf
decoy224,4TUZ,36J_redock_4TUZ,0.7036,4.7392,inf
decoy224,4ZN7,DES_redock_4ZN7,0.6476,4.5644,inf
decoy224,4MG8,27J_redock_4MG8,0.6363,4.3529,inf
decoy224,3UUD,EST_redock_3UUD,0.5988,3.9822,inf
decoy224,4MGC,27M_redock_4MGC,0.5807,4.0046,inf
decoy224,1G50,EST_redock_1G50,0.5498,3.6368,inf
decoy224,3ERD,DES_redock_3ERD,0.5239,3.4835,inf
decoy224,1ERE,EST_redock_1ERE,0.5157,3.3050,inf
decoy224,3UU7,2OH_redock_3UU7,0.4908,3.0760,inf
decoy224,4MGA,27L_redock_4MGA,0.3990,2.5686,inf
decoy225,4ZN7,DES_redock_4ZN7,0.4210,2.9686,inf
decoy225,4MGA,27L_redock_4MGA,0.4148,2.8502,inf
decoy225,6CBZ,EST_redock_6CBZ,0.4092,2.8625,inf
decoy225,1GWR,EST_redock_1GWR,0.3889,2.7388,inf
decoy225,3ERD,DES_redock_3ERD,0.3875,2.6559,inf
decoy225,1G50,EST_redock_1G50,0.3870,2.4801,inf
decoy225,1ERE,EST_redock_1ERE,0.3853,2.4512,inf
decoy225,3UU7,2OH_redock_3UU7,0.3795,2.6037,inf
decoy225,4MG8,27J_redock_4MG8,0.3556,2.4796,inf
decoy225,4MGC,27M_redock_4MGC,0.3555,2.4173,inf
decoy225,4MG9,27K_redock_4MG9,0.3488,2.4391,inf
decoy225,3UUD,EST_redock_3UUD,0.3362,2.1148,inf
decoy225,4TUZ,36J_redock_4TUZ,0.3216,2.1651,inf
decoy226,4MG9,27K_redock_4MG9,0.8131,5.6721,inf
decoy226,4MGC,27M_redock_4MGC,0.7637,5.1506,inf
decoy226,6CBZ,EST_redock_6CBZ,0.7598,5.2554,inf
decoy226,4MGA,27L_redock_4MGA,0.7184,4.1651,inf
decoy226,3UUD,EST_redock_3UUD,0.7100,4.5883,inf
decoy226,4ZN7,DES_redock_4ZN7,0.7029,4.8376,inf
decoy226,3ERD,DES_redock_3ERD,0.6584,4.4721,inf
decoy226,1GWR,EST_redock_1GWR,0.6505,4.4352,inf
decoy226,4MG8,27J_redock_4MG8,0.6394,4.4781,inf
decoy226,4TUZ,36J_redock_4TUZ,0.6292,4.2717,inf
decoy226,3UU7,2OH_redock_3UU7,0.6174,4.2748,inf
decoy226,1ERE,EST_redock_1ERE,0.5911,3.2744,inf
decoy226,1G50,EST_redock_1G50,0.4904,3.1566,inf
decoy227,6CBZ,EST_redock_6CBZ,0.8601,5.9814,inf
decoy227,4MG8,27J_redock_4MG8,0.8536,5.9510,inf
decoy227,4TUZ,36J_redock_4TUZ,0.8518,5.8660,inf
decoy227,3UUD,EST_redock_3UUD,0.8195,5.4820,inf
decoy227,4MGC,27M_redock_4MGC,0.8131,5.4447,inf
decoy227,1GWR,EST_redock_1GWR,0.7823,5.3048,inf
decoy227,1ERE,EST_redock_1ERE,0.7766,5.4208,inf
decoy227,1G50,EST_redock_1G50,0.7359,5.1881,inf
decoy227,3UU7,2OH_redock_3UU7,0.6751,4.7850,inf
decoy227,4ZN7,DES_redock_4ZN7,0.6655,4.5360,inf
decoy227,4MGA,27L_redock_4MGA,0.6248,4.3199,inf
decoy227,4MG9,27K_redock_4MG9,0.6178,4.2045,inf
decoy227,3ERD,DES_redock_3ERD,0.5110,3.2168,inf
decoy228,3ERD,DES_redock_3ERD,0.7126,4.7837,inf
decoy228,4ZN7,DES_redock_4ZN7,0.6669,4.6520,inf
decoy228,4TUZ,36J_redock_4TUZ,0.6590,3.5463,inf
decoy228,4MGC,27M_redock_4MGC,0.6375,4.4260,inf
decoy228,4MG8,27J_redock_4MG8,0.5873,4.1340,inf
decoy228,1GWR,EST_redock_1GWR,0.5514,3.5899,inf
decoy228,6CBZ,EST_redock_6CBZ,0.5402,3.6726,inf
decoy228,3UU7,2OH_redock_3UU7,0.5374,3.5892,inf
decoy228,3UUD,EST_redock_3UUD,0.5225,3.4349,inf
decoy228,4MG9,27K_redock_4MG9,0.4839,3.0999,inf
decoy228,1G50,EST_redock_1G50,0.4510,2.9739,inf
decoy228,4MGA,27L_redock_4MGA,0.4128,2.4864,inf
decoy228,1ERE,EST_redock_1ERE,0.4057,2.5355,inf
decoy229,1GWR,EST_redock_1GWR,0.5738,3.8663,inf
decoy229,4MG8,27J_redock_4MG8,0.5556,3.6754,inf
decoy229,3ERD,DES_redock_3ERD,0.5404,3.3801,inf
decoy229,4TUZ,36J_redock_4TUZ,0.4961,3.2565,inf
decoy229,4MGC,27M_redock_4MGC,0.4682,3.2235,inf
decoy229,1ERE,EST_redock_1ERE,0.4407,2.9764,inf
decoy229,4ZN7,DES_redock_4ZN7,0.4356,2.9727,inf
decoy229,4MGA,27L_redock_4MGA,0.4318,2.7516,inf
decoy229,6CBZ,EST_redock_6CBZ,0.4240,2.8692,inf
decoy229,1G50,EST_redock_1G50,0.3877,2.5836,inf
decoy229,3UUD,EST_redock_3UUD,0.3844,2.5683,inf
decoy229,3UU7,2OH_redock_3UU7,0.3515,2.1801,inf
decoy229,4MG9,27K_redock_4MG9,0.3428,2.2803,inf
decoy23,4MGC,27M_redock_4MGC,0.8999,5.9491,inf
decoy23,6CBZ,EST_redock_6CBZ,0.8479,5.5083,inf
decoy23,1GWR,EST_redock_1GWR,0.8388,5.4320,inf
decoy23,4ZN7,DES_redock_4ZN7,0.8247,5.2363,inf
decoy23,4MG9,27K_redock_4MG9,0.8034,5.2304,inf
decoy23,3UUD,EST_redock_3UUD,0.7765,5.0404,inf
decoy23,3UU7,2OH_redock_3UU7,0.7698,5.1516,inf
decoy23,4TUZ,36J_redock_4TUZ,0.7558,5.0063,inf
decoy23,4MG8,27J_redock_4MG8,0.7440,4.8643,inf
decoy23,4MGA,27L_redock_4MGA,0.7397,4.6980,inf
decoy23,1G50,EST_redock_1G50,0.7248,4.5351,inf
decoy23,3ERD,DES_redock_3ERD,0.6847,4.3674,inf
decoy23,1ERE,EST_redock_1ERE,0.6208,3.9825,inf
decoy230,4MG8,27J_redock_4MG8,0.8948,5.9323,inf
decoy230,4MGC,27M_redock_4MGC,0.8585,5.6360,inf
decoy230,4ZN7,DES_redock_4ZN7,0.8499,5.4281,inf
decoy230,3ERD,DES_redock_3ERD,0.8487,5.2237,inf
decoy230,4TUZ,36J_redock_4TUZ,0.8070,5.2299,inf
decoy230,6CBZ,EST_redock_6CBZ,0.7965,5.0821,inf
decoy230,1ERE,EST_redock_1ERE,0.7851,4.9689,inf
decoy230,1G50,EST_redock_1G50,0.7718,4.8472,inf
decoy230,3UUD,EST_redock_3UUD,0.7688,4.8058,inf
decoy230,4MG9,27K_redock_4MG9,0.7682,4.7702,inf
decoy230,1GWR,EST_redock_1GWR,0.7472,4.7034,inf
decoy230,4MGA,27L_redock_4MGA,0.6703,4.1542,inf
decoy230,3UU7,2OH_redock_3UU7,0.5732,3.5452,inf
decoy231,1ERE,EST_redock_1ERE,0.8952,7.1074,inf
decoy231,4MG8,27J_redock_4MG8,0.8486,6.0364,inf
decoy231,1G50,EST_redock_1G50,0.7973,6.0464,inf
decoy231,3UUD,EST_redock_3UUD,0.7906,5.9597,inf
decoy231,3ERD,DES_redock_3ERD,0.7835,5.7791,inf
decoy231,1GWR,EST_redock_1GWR,0.7770,5.8615,inf
decoy231,4MGA,27L_redock_4MGA,0.7387,5.6116,inf
decoy231,6CBZ,EST_redock_6CBZ,0.7378,5.3311,inf
decoy231,4TUZ,36J_redock_4TUZ,0.7369,5.4338,inf
decoy231,3UU7,2OH_redock_3UU7,0.6898,5.1944,inf
decoy231,4MG9,27K_redock_4MG9,0.6783,4.8720,inf
decoy231,4ZN7,DES_redock_4ZN7,0.5377,3.8901,inf
decoy231,4MGC,27M_redock_4MGC,0.5237,3.7485,inf
decoy232,3UU7,2OH_redock_3UU7,0.6522,4.5227,inf
decoy232,4MGA,27L_redock_4MGA,0.6218,4.0329,inf
decoy232,4MG8,27J_redock_4MG8,0.5976,3.8220,inf
decoy232,1GWR,EST_redock_1GWR,0.5540,3.3477,inf
decoy232,4TUZ,36J_redock_4TUZ,0.5462,2.9386,inf
decoy232,1ERE,EST_redock_1ERE,0.5308,3.7322,inf
decoy232,3UUD,EST_redock_3UUD,0.5269,3.5225,inf
decoy232,4MGC,27M_redock_4MGC,0.5175,3.3400,inf
decoy232,1G50,EST_redock_1G50,0.5137,2.8256,inf
decoy232,3ERD,DES_redock_3ERD,0.5043,2.7433,inf
decoy232,4MG9,27K_redock_4MG9,0.4409,2.4812,inf
decoy232,6CBZ,EST_redock_6CBZ,0.4277,2.9260,inf
decoy232,4ZN7,DES_redock_4ZN7,0.3945,2.4760,inf
decoy233,1G50,EST_redock_1G50,0.5459,3.2331,inf
decoy233,3ERD,DES_redock_3ERD,0.5332,3.4028,inf
decoy233,4MG8,27J_redock_4MG8,0.5297,3.2232,inf
decoy233,3UU7,2OH_redock_3UU7,0.5105,3.3566,inf
decoy233,4MGC,27M_redock_4MGC,0.4624,2.9718,inf
decoy233,1GWR,EST_redock_1GWR,0.4398,2.6971,inf
decoy233,4MGA,27L_redock_4MGA,0.4232,2.7324,inf
decoy233,4TUZ,36J_redock_4TUZ,0.4204,2.5792,inf
decoy233,4ZN7,DES_redock_4ZN7,0.4168,2.7131,inf
decoy233,1ERE,EST_redock_1ERE,0.3794,2.4183,inf
decoy233,3UUD,EST_redock_3UUD,0.3660,2.4182,inf
decoy233,6CBZ,EST_redock_6CBZ,0.3582,1.9301,inf
decoy233,4MG9,27K_redock_4MG9,0.3215,1.9817,inf
decoy234,4MG9,27K_redock_4MG9,0.6708,4.9577,inf
decoy234,3ERD,DES_redock_3ERD,0.6497,4.7196,inf
decoy234,4ZN7,DES_redock_4ZN7,0.6438,4.7704,inf
decoy234,3UU7,2OH_redock_3UU7,0.5985,4.3566,inf
decoy234,4MGA,27L_redock_4MGA,0.5907,4.2836,inf
decoy234,4MG8,27J_redock_4MG8,0.5785,4.0875,inf
decoy234,3UUD,EST_redock_3UUD,0.5519,3.9285,inf
decoy234,4TUZ,36J_redock_4TUZ,0.5408,3.9482,inf
decoy234,4MGC,27M_redock_4MGC,0.5198,3.7003,inf
decoy234,1GWR,EST_redock_1GWR,0.5162,3.8008,inf
decoy234,1G50,EST_redock_1G50,0.5154,3.5597,inf
decoy234,6CBZ,EST_redock_6CBZ,0.4904,3.5082,inf
decoy234,1ERE,EST_redock_1ERE,0.4656,3.3157,inf
decoy235,4MGC,27M_redock_4MGC,0.8693,6.4019,inf
decoy235,3UUD,EST_redock_3UUD,0.8034,5.7091,inf
decoy235,4MG8,27J_redock_4MG8,0.7964,5.7052,inf
decoy235,3ERD,DES_redock_3ERD,0.7537,5.3612,inf
decoy235,6CBZ,EST_redock_6CBZ,0.7367,5.2214,inf
decoy235,4TUZ,36J_redock_4TUZ,0.7274,5.1279,inf
decoy235,1G50,EST_redock_1G50,0.7132,4.9198,inf
decoy235,1ERE,EST_redock_1ERE,0.6978,5.0226,inf
decoy235,1GWR,EST_redock_1GWR,0.6822,4.7154,inf
decoy235,4ZN7,DES_redock_4ZN7,0.6703,4.8221,inf
decoy235,4MG9,27K_redock_4MG9,0.6279,4.4506,inf
decoy235,4MGA,27L_redock_4MGA,0.5970,4.2638,inf
decoy235,3UU7,2OH_redock_3UU7,0.5731,4.0047,inf
decoy236,3UU7,2OH_redock_3UU7,0.9152,6.3834,inf
decoy236,1ERE,EST_redock_1ERE,0.9038,6.0323,inf
decoy236,4MG9,27K_redock_4MG9,0.8972,6.0819,inf
decoy236,1GWR,EST_redock_1GWR,0.8734,5.7400,inf
decoy236,4MGC,27M_redock_4MGC,0.8717,5.8820,inf
decoy236,1G50,EST_redock_1G50,0.8663,5.7276,inf
decoy236,6CBZ,EST_redock_6CBZ,0.8491,5.6327,inf
decoy236,4MG8,27J_redock_4MG8,0.8467,5.7032,inf
decoy236,3UUD,EST_redock_3UUD,0.8332,5.6290,inf
decoy236,4ZN7,DES_redock_4ZN7,0.8030,5.1965,inf
decoy236,4TUZ,36J_redock_4TUZ,0.7775,5.0447,inf
decoy236,4MGA,27L_redock_4MGA,0.7596,4.9373,inf
decoy236,3ERD,DES_redock_3ERD,0.7556,4.8048,inf
decoy237,3ERD,DES_redock_3ERD,0.6473,3.7622,inf
decoy237,4MG8,27J_redock_4MG8,0.6258,4.0890,inf
decoy237,4MGA,27L_redock_4MGA,0.5830,3.2912,inf
decoy237,4TUZ,36J_redock_4TUZ,0.5176,2.8869,inf
decoy237,1G50,EST_redock_1G50,0.5049,3.0722,inf
decoy237,3UU7,2OH_redock_3UU7,0.4959,3.3771,inf
decoy237,4MG9,27K_redock_4MG9,0.4927,2.4970,inf
decoy237,4MGC,27M_redock_4MGC,0.4903,3.1487,inf
decoy237,1GWR,EST_redock_1GWR,0.4285,2.7739,inf
decoy237,1ERE,EST_redock_1ERE,0.4215,2.6916,inf
decoy237,4ZN7,DES_redock_4ZN7,0.4007,2.3148,inf
decoy237,3UUD,EST_redock_3UUD,0.3726,2.4984,inf
decoy237,6CBZ,EST_redock_6CBZ,0.3543,2.1550,inf
decoy238,4MG9,27K_redock_4MG9,0.6244,4.8445,inf
decoy238,4MG8,27J_redock_4MG8,0.6034,4.4125,inf
decoy238,4MGC,27M_redock_4MGC,0.5800,4.2817,inf
decoy238,4ZN7,DES_redock_4ZN7,0.5786,4.5212,inf
decoy238,3ERD,DES_redock_3ERD,0.5668,4.2090,inf
decoy238,1GWR,EST_redock_1GWR,0.5409,4.1527,inf
decoy238,4TUZ,36J_redock_4TUZ,0.4946,3.8123,inf
decoy238,3UUD,EST_redock_3UUD,0.4935,3.7307,inf
decoy238,4MGA,27L_redock_4MGA,0.4603,3.2075,inf
decoy238,6CBZ,EST_redock_6CBZ,0.4526,3.3849,inf
decoy238,1G50,EST_redock_1G50,0.4412,3.2193,inf
decoy238,1ERE,EST_redock_1ERE,0.4260,3.2696,inf
decoy238,3UU7,2OH_redock_3UU7,0.3771,2.7716,inf
decoy239,1GWR,EST_redock_1GWR,0.8258,5.4669,inf
decoy239,3UU7,2OH_redock_3UU7,0.8163,5.5453,inf
decoy239,6CBZ,EST_redock_6CBZ,0.8060,5.4952,inf
decoy239,4MG8,27J_redock_4MG8,0.7717,5.2102,inf
decoy239,3UUD,EST_redock_3UUD,0.7511,5.0903,inf
decoy239,4MGC,27M_redock_4MGC,0.7473,4.8924,inf
decoy239,3ERD,DES_redock_3ERD,0.7443,4.9070,inf
decoy239,4ZN7,DES_redock_4ZN7,0.7419,5.1955,inf
decoy239,4MGA,27L_redock_4MGA,0.7114,4.5553,inf
decoy239,4MG9,27K_redock_4MG9,0.6693,4.5315,inf
decoy239,1ERE,EST_redock_1ERE,0.6624,4.4406,inf
decoy239,4TUZ,36J_redock_4TUZ,0.6210,4.1185,inf
decoy239,1G50,EST_redock_1G50,0.6114,4.0368,inf
decoy24,4TUZ,36J_redock_4TUZ,0.8619,6.3954,inf
decoy24,1GWR,EST_redock_1GWR,0.8038,5.7770,inf
decoy24,6CBZ,EST_redock_6CBZ,0.7392,5.3531,inf
decoy24,1ERE,EST_redock_1ERE,0.7321,5.3448,inf
decoy24,3ERD,DES_redock_3ERD,0.7134,5.1839,inf
decoy24,4ZN7,DES_redock_4ZN7,0.7093,5.1707,inf
decoy24,4MG8,27J_redock_4MG8,0.6937,5.0042,inf
decoy24,4MGC,27M_redock_4MGC,0.6770,4.9212,inf
decoy24,4MG9,27K_redock_4MG9,0.6706,4.8643,inf
decoy24,3UUD,EST_redock_3UUD,0.6703,5.0197,inf
decoy24,1G50,EST_redock_1G50,0.6696,4.8601,inf
decoy24,3UU7,2OH_redock_3UU7,0.5951,4.2098,inf
decoy24,4MGA,27L_redock_4MGA,0.5421,3.9408,inf
decoy240,4ZN7,DES_redock_4ZN7,0.9224,6.1477,inf
decoy240,4MG9,27K_redock_4MG9,0.9153,5.6861,inf
decoy240,3ERD,DES_redock_3ERD,0.9033,5.8591,inf
decoy240,6CBZ,EST_redock_6CBZ,0.8785,5.9005,inf
decoy240,4TUZ,36J_redock_4TUZ,0.8731,5.9417,inf
decoy240,4MG8,27J_redock_4MG8,0.8714,5.9773,inf
decoy240,1GWR,EST_redock_1GWR,0.8599,5.5205,inf
decoy240,1G50,EST_redock_1G50,0.8593,5.9770,inf
decoy240,3UU7,2OH_redock_3UU7,0.8457,5.6151,inf
decoy240,3UUD,EST_redock_3UUD,0.8310,5.6259,inf
decoy240,4MGC,27M_redock_4MGC,0.8250,5.5452,inf
decoy240,4MGA,27L_redock_4MGA,0.8206,5.5225,inf
decoy240,1ERE,EST_redock_1ERE,0.7989,5.5349,inf
decoy241,4MGC,27M_redock_4MGC,0.6160,4.1700,inf
decoy241,1GWR,EST_redock_1GWR,0.5782,3.9564,inf
decoy241,1G50,EST_redock_1G50,0.5734,3.4858,inf
decoy241,4TUZ,36J_redock_4TUZ,0.5606,3.0396,inf
decoy241,4ZN7,DES_redock_4ZN7,0.5485,3.0840,inf
decoy241,6CBZ,EST_redock_6CBZ,0.5414,3.6584,inf
decoy241,3ERD,DES_redock_3ERD,0.5227,3.5855,inf
decoy241,1ERE,EST_redock_1ERE,0.5121,3.3734,inf
decoy241,4MG9,27K_redock_4MG9,0.5120,3.2858,inf
decoy241,4MGA,27L_redock_4MGA,0.4962,3.2846,inf
decoy241,4MG8,27J_redock_4MG8,0.4954,2.9782,inf
decoy241,3UU7,2OH_redock_3UU7,0.4604,3.0565,inf
decoy241,3UUD,EST_redock_3UUD,0.4305,2.9261,inf
decoy242,1ERE,EST_redock_1ERE,0.7141,4.8757,inf
decoy242,3UU7,2OH_redock_3UU7,0.7075,4.8275,inf
decoy242,4MG9,27K_redock_4MG9,0.7059,4.6123,inf
decoy242,4MG8,27J_redock_4MG8,0.6821,4.4686,inf
decoy242,1GWR,EST_redock_1GWR,0.6771,4.5249,inf
decoy242,4MGA,27L_redock_4MGA,0.6687,4.4455,inf
decoy242,4MGC,27M_redock_4MGC,0.6299,4.2015,inf
decoy242,3UUD,EST_redock_3UUD,0.6082,4.0163,inf
decoy242,6CBZ,EST_redock_6CBZ,0.5974,3.8871,inf
decoy242,4ZN7,DES_redock_4ZN7,0.5897,3.9844,inf
decoy242,1G50,EST_redock_1G50,0.5351,3.4368,inf
decoy242,4TUZ,36J_redock_4TUZ,0.5293,3.3020,inf
decoy242,3ERD,DES_redock_3ERD,0.4418,3.0047,inf
decoy243,3ERD,DES_redock_3ERD,0.8924,6.4938,inf
decoy243,3UU7,2OH_redock_3UU7,0.8848,6.4051,inf
decoy243,4ZN7,DES_redock_4ZN7,0.8823,6.1333,inf
decoy243,3UUD,EST_redock_3UUD,0.8605,6.0627,inf
decoy243,1GWR,EST_redock_1GWR,0.8527,5.9042,inf
decoy243,4MG9,27K_redock_4MG9,0.8512,5.8382,inf
decoy243,4TUZ,36J_redock_4TUZ,0.8505,5.7357,inf
decoy243,4MGC,27M_redock_4MGC,0.8346,5.8365,inf
decoy243,4MGA,27L_redock_4MGA,0.8158,5.9957,inf
decoy243,1ERE,EST_redock_1ERE,0.8106,5.8572,inf
decoy243,1G50,EST_redock_1G50,0.7904,5.3204,inf
decoy243,4MG8,27J_redock_4MG8,0.7617,5.5888,inf
decoy243,6CBZ,EST_redock_6CBZ,0.7598,5.4053,inf
decoy244,4MGC,27M_redock_4MGC,0.9398,6.9802,inf
decoy244,6CBZ,EST_redock_6CBZ,0.8916,6.6456,inf
decoy244,4ZN7,DES_redock_4ZN7,0.8902,6.2227,inf
decoy244,3UUD,EST_redock_3UUD,0.8773,6.5191,inf
decoy244,4TUZ,36J_redock_4TUZ,0.8752,6.4378,inf
decoy244,4MG8,27J_redock_4MG8,0.8698,6.5019,inf
decoy244,1GWR,EST_redock_1GWR,0.8643,6.3716,inf
decoy244,1ERE,EST_redock_1ERE,0.8596,6.5165,inf
decoy244,1G50,EST_redock_1G50,0.8589,6.2787,inf
decoy244,3ERD,DES_redock_3ERD,0.8453,6.0854,inf
decoy244,4MG9,27K_redock_4MG9,0.8246,5.9679,inf
decoy244,3UU7,2OH_redock_3UU7,0.7918,5.7555,inf
decoy244,4MGA,27L_redock_4MGA,0.7371,5.1033,inf
decoy245,4MG8,27J_redock_4MG8,0.9527,7.6418,inf
decoy245,6CBZ,EST_redock_6CBZ,0.9405,7.1959,inf
decoy245,3UUD,EST_redock_3UUD,0.9362,7.5824,inf
decoy245,1GWR,EST_redock_1GWR,0.9186,7.0473,inf
decoy245,4ZN7,DES_redock_4ZN7,0.8973,7.0773,inf
decoy245,4MG9,27K_redock_4MG9,0.8799,6.7871,inf
decoy245,3ERD,DES_redock_3ERD,0.8752,6.8811,inf
decoy245,4TUZ,36J_redock_4TUZ,0.8667,6.7455,inf
decoy245,4MGC,27M_redock_4MGC,0.8590,6.5987,inf
decoy245,4MGA,27L_redock_4MGA,0.8275,6.4087,inf
decoy245,1ERE,EST_redock_1ERE,0.7745,6.1384,inf
decoy245,3UU7,2OH_redock_3UU7,0.7654,5.7938,inf
decoy245,1G50,EST_redock_1G50,0.7374,5.6878,inf
decoy246,6CBZ,EST_redock_6CBZ,0.7263,5.1840,inf
decoy246,4MG8,27J_redock_4MG8,0.7045,5.0560,inf
decoy246,1GWR,EST_redock_1GWR,0.6973,4.9233,inf
decoy246,4TUZ,36J_redock_4TUZ,0.6562,4.7357,inf
decoy246,4MG9,27K_redock_4MG9,0.6391,4.4670,inf
decoy246,4ZN7,DES_redock_4ZN7,0.5994,4.2328,inf
decoy246,1G50,EST_redock_1G50,0.5927,4.0852,inf
decoy246,1ERE,EST_redock_1ERE,0.5827,4.0974,inf
decoy246,3UUD,EST_redock_3UUD,0.5680,4.0218,inf
decoy246,4MGC,27M_redock_4MGC,0.4963,3.4395,inf
decoy246,3ERD,DES_redock_3ERD,0.4889,3.3386,inf
decoy246,4MGA,27L_redock_4MGA,0.4872,3.5072,inf
decoy246,3UU7,2OH_redock_3UU7,0.4699,3.2880,inf
decoy247,4MG8,27J_redock_4MG8,0.5364,3.7078,inf
decoy247,4MG9,27K_redock_4MG9,0.5339,3.5066,inf
decoy247,1ERE,EST_redock_1ERE,0.4757,2.9436,inf
decoy247,6CBZ,EST_redock_6CBZ,0.4738,2.9710,inf
decoy247,1G50,EST_redock_1G50,0.4692,3.0582,inf
decoy247,3UU7,2OH_redock_3UU7,0.4264,2.8436,inf
decoy247,3UUD,EST_redock_3UUD,0.4105,2.7097,inf
decoy247,4MGC,27M_redock_4MGC,0.4062,2.7322,inf
decoy247,4TUZ,36J_redock_4TUZ,0.3877,2.4222,inf
decoy247,3ERD,DES_redock_3ERD,0.3514,2.3075,inf
decoy247,4ZN7,DES_redock_4ZN7,0.3507,2.3488,inf
decoy247,1GWR,EST_redock_1GWR,0.3130,1.8980,inf
decoy247,4MGA,27L_redock_4MGA,0.3102,2.0498,inf
decoy248,4TUZ,36J_redock_4TUZ,0.7358,4.2397,inf
decoy248,6CBZ,EST_redock_6CBZ,0.6136,3.9292,inf
decoy248,4ZN7,DES_redock_4ZN7,0.5943,3.7569,inf
decoy248,3ERD,DES_redock_3ERD,0.5717,3.7825,inf
decoy248,4MG8,27J_redock_4MG8,0.5584,3.6391,inf
decoy248,4MGC,27M_redock_4MGC,0.4771,2.9657,inf
decoy248,4MGA,27L_redock_4MGA,0.4088,2.5114,inf
decoy248,3UUD,EST_redock_3UUD,0.3668,2.4528,inf
decoy248,3UU7,2OH_redock_3UU7,0.3593,2.3119,inf
decoy248,1GWR,EST_redock_1GWR,0.3359,2.2351,inf
decoy248,1G50,EST_redock_1G50,0.3185,1.8796,inf
decoy248,1ERE,EST_redock_1ERE,0.3036,1.9458,inf
decoy248,4MG9,27K_redock_4MG9,0.2680,1.8144,inf
decoy249,4MGC,27M_redock_4MGC,0.8351,5.2189,inf
decoy249,3UU7,2OH_redock_3UU7,0.8212,5.4244,inf
decoy249,4MGA,27L_redock_4MGA,0.8077,5.0950,inf
decoy249,3UUD,EST_redock_3UUD,0.7652,4.8429,inf
decoy249,4MG8,27J_redock_4MG8,0.7552,4.7258,inf
decoy249,1GWR,EST_redock_1GWR,0.7390,4.1851,inf
decoy249,4MG9,27K_redock_4MG9,0.6846,4.2079,inf
decoy249,4ZN7,DES_redock_4ZN7,0.6321,3.6236,inf
decoy249,3ERD,DES_redock_3ERD,0.6174,3.8875,inf
decoy249,6CBZ,EST_redock_6CBZ,0.6119,3.9012,inf
decoy249,1ERE,EST_redock_1ERE,0.6035,3.6888,inf
decoy249,4TUZ,36J_redock_4TUZ,0.5932,3.2513,inf
decoy249,1G50,EST_redock_1G50,0.5690,3.4384,inf
decoy25,4ZN7,DES_redock_4ZN7,0.5900,4.3607,inf
decoy25,1GWR,EST_redock_1GWR,0.5857,4.0345,inf
decoy25,6CBZ,EST_redock_6CBZ,0.5759,4.1773,inf
decoy25,3UUD,EST_redock_3UUD,0.5158,3.6191,inf
decoy25,4MG9,27K_redock_4MG9,0.5128,3.5146,inf
decoy25,1ERE,EST_redock_1ERE,0.5078,3.6604,inf
decoy25,3ERD,DES_redock_3ERD,0.4984,3.5087,inf
decoy25,4MG8,27J_redock_4MG8,0.4738,3.3417,inf
decoy25,1G50,EST_redock_1G50,0.4698,3.2514,inf
decoy25,4MGA,27L_redock_4MGA,0.4548,3.3749,inf
decoy25,4TUZ,36J_redock_4TUZ,0.4467,3.1007,inf
decoy25,4MGC,27M_redock_4MGC,0.4353,2.8507,inf
decoy25,3UU7,2OH_redock_3UU7,0.3727,2.7075,inf
decoy250,4ZN7,DES_redock_4ZN7,0.9133,6.1586,inf
decoy250,3ERD,DES_redock_3ERD,0.9093,6.0554,inf
decoy250,4TUZ,36J_redock_4TUZ,0.8521,5.8931,inf
decoy250,4MGC,27M_redock_4MGC,0.8392,5.5205,inf
decoy250,6CBZ,EST_redock_6CBZ,0.8191,5.5597,inf
decoy250,4MG8,27J_redock_4MG8,0.8048,5.6696,inf
decoy250,4MGA,27L_redock_4MGA,0.7907,5.2223,inf
decoy250,1ERE,EST_redock_1ERE,0.7589,5.2110,inf
decoy250,1GWR,EST_redock_1GWR,0.7491,4.7328,inf
decoy250,3UUD,EST_redock_3UUD,0.7245,5.0008,inf
decoy250,4MG9,27K_redock_4MG9,0.6859,4.1981,inf
decoy250,3UU7,2OH_redock_3UU7,0.6758,3.9708,inf
decoy250,1G50,EST_redock_1G50,0.6193,4.1978,inf
decoy251,4MG8,27J_redock_4MG8,0.8284,5.5279,inf
decoy251,4MG9,27K_redock_4MG9,0.8024,5.3573,inf
decoy251,4MGC,27M_redock_4MGC,0.7991,5.2155,inf
decoy251,4TUZ,36J_redock_4TUZ,0.7453,4.8380,inf
decoy251,6CBZ,EST_redock_6CBZ,0.6985,4.5003,inf
decoy251,3UU7,2OH_redock_3UU7,0.6973,4.7349,inf
decoy251,1GWR,EST_redock_1GWR,0.6831,4.5265,inf
decoy251,4ZN7,DES_redock_4ZN7,0.6798,4.3379,inf
decoy251,1G50,EST_redock_1G50,0.6564,4.2969,inf
decoy251,4MGA,27L_redock_4MGA,0.6521,4.3366,inf
decoy251,3UUD,EST_redock_3UUD,0.6482,4.2222,inf
decoy251,1ERE,EST_redock_1ERE,0.6409,4.3722,inf
decoy251,3ERD,DES_redock_3ERD,0.5144,3.0132,inf
decoy252,4MGC,27M_redock_4MGC,0.6974,4.5620,inf
decoy252,1GWR,EST_redock_1GWR,0.6923,4.3748,inf
decoy252,4ZN7,DES_redock_4ZN7,0.6719,4.4254,inf
decoy252,4MG8,27J_redock_4MG8,0.6572,4.4703,inf
decoy252,6CBZ,EST_redock_6CBZ,0.6505,4.2602,inf
decoy252,4TUZ,36J_redock_4TUZ,0.6472,4.2849,inf
decoy252,3ERD,DES_redock_3ERD,0.6246,4.0688,inf
decoy252,1ERE,EST_redock_1ERE,0.5792,3.9220,inf
decoy252,4MG9,27K_redock_4MG9,0.5471,3.5975,inf
decoy252,3UUD,EST_redock_3UUD,0.5428,3.3706,inf
decoy252,1G50,EST_redock_1G50,0.5267,2.9838,inf
decoy252,4MGA,27L_redock_4MGA,0.5167,2.7881,inf
decoy252,3UU7,2OH_redock_3UU7,0.4733,2.9010,inf
decoy253,4ZN7,DES_redock_4ZN7,0.9336,6.4284,inf
decoy253,4MGA,27L_redock_4MGA,0.9322,6.1877,inf
decoy253,3ERD,DES_redock_3ERD,0.9208,6.1024,inf
decoy253,3UU7,2OH_redock_3UU7,0.9194,6.2132,inf
decoy253,4MG9,27K_redock_4MG9,0.9133,5.8490,inf
decoy253,4MGC,27M_redock_4MGC,0.9089,6.0796,inf
decoy253,3UUD,EST_redock_3UUD,0.9007,6.0544,inf
decoy253,4TUZ,36J_redock_4TUZ,0.8911,5.8202,inf
decoy253,1GWR,EST_redock_1GWR,0.8909,5.8371,inf
decoy253,1ERE,EST_redock_1ERE,0.8886,5.8645,inf
decoy253,6CBZ,EST_redock_6CBZ,0.8860,5.8308,inf
decoy253,1G50,EST_redock_1G50,0.8640,5.6813,inf
decoy253,4MG8,27J_redock_4MG8,0.8584,5.5763,inf
decoy254,4MG9,27K_redock_4MG9,0.5815,2.9470,inf
decoy254,3ERD,DES_redock_3ERD,0.5709,3.1749,inf
decoy254,4MG8,27J_redock_4MG8,0.5075,2.6352,inf
decoy254,6CBZ,EST_redock_6CBZ,0.4906,2.7620,inf
decoy254,4TUZ,36J_redock_4TUZ,0.3871,1.7483,inf
decoy254,1G50,EST_redock_1G50,0.3817,1.9328,inf
decoy254,1GWR,EST_redock_1GWR,0.3799,1.9195,inf
decoy254,4ZN7,DES_redock_4ZN7,0.3695,2.1263,inf
decoy254,1ERE,EST_redock_1ERE,0.3608,2.1108,inf
decoy254,3UU7,2OH_redock_3UU7,0.3296,1.8782,inf
decoy254,4MGC,27M_redock_4MGC,0.3044,1.7636,inf
decoy254,4MGA,27L_redock_4MGA,0.2807,1.3451,inf
decoy254,3UUD,EST_redock_3UUD,0.2477,1.2417,inf
decoy255,3UU7,2OH_redock_3UU7,0.8463,5.8164,inf
decoy255,1GWR,EST_redock_1GWR,0.8160,5.6057,inf
decoy255,1G50,EST_redock_1G50,0.7930,5.4176,inf
decoy255,4MGA,27L_redock_4MGA,0.7862,5.4570,inf
decoy255,4MG8,27J_redock_4MG8,0.7769,5.1389,inf
decoy255,4TUZ,36J_redock_4TUZ,0.7548,5.0232,inf
decoy255,3ERD,DES_redock_3ERD,0.7502,5.1370,inf
decoy255,6CBZ,EST_redock_6CBZ,0.7164,4.8040,inf
decoy255,1ERE,EST_redock_1ERE,0.6919,4.5851,inf
decoy255,4MG9,27K_redock_4MG9,0.6817,4.5789,inf
decoy255,3UUD,EST_redock_3UUD,0.6767,4.6171,inf
decoy255,4MGC,27M_redock_4MGC,0.5851,3.9884,inf
decoy255,4ZN7,DES_redock_4ZN7,0.5681,3.8783,inf
decoy256,1GWR,EST_redock_1GWR,0.6446,4.3511,inf
decoy256,6CBZ,EST_redock_6CBZ,0.6386,4.4309,inf
decoy256,3UUD,EST_redock_3UUD,0.5995,3.5345,inf
decoy256,1G50,EST_redock_1G50,0.5763,3.3432,inf
decoy256,4MG8,27J_redock_4MG8,0.5555,3.3747,inf
decoy256,4ZN7,DES_redock_4ZN7,0.5514,3.0191,inf
decoy256,3ERD,DES_redock_3ERD,0.5095,3.2097,inf
decoy256,4MGC,27M_redock_4MGC,0.5083,2.9281,inf
decoy256,4TUZ,36J_redock_4TUZ,0.5021,2.7182,inf
decoy256,1ERE,EST_redock_1ERE,0.4937,3.2946,inf
decoy256,4MG9,27K_redock_4MG9,0.4286,2.5607,inf
decoy256,4MGA,27L_redock_4MGA,0.3299,1.9217,inf
decoy256,3UU7,2OH_redock_3UU7,0.3246,1.8788,inf
decoy257,4MG8,27J_redock_4MG8,0.8934,6.9644,inf
decoy257,1G50,EST_redock_1G50,0.8856,6.8288,inf
decoy257,4MGC,27M_redock_4MGC,0.8753,6.4510,inf
decoy257,4ZN7,DES_redock_4ZN7,0.8538,6.4903,inf
decoy257,3ERD,DES_redock_3ERD,0.8287,6.5921,inf
decoy257,1GWR,EST_redock_1GWR,0.8111,6.0118,inf
decoy257,4TUZ,36J_redock_4TUZ,0.8052,5.9676,inf
decoy257,4MGA,27L_redock_4MGA,0.7907,5.7814,inf
decoy257,3UUD,EST_redock_3UUD,0.7899,6.0532,inf
decoy257,1ERE,EST_redock_1ERE,0.7842,6.1600,inf
decoy257,3UU7,2OH_redock_3UU7,0.7684,5.9523,inf
decoy257,4MG9,27K_redock_4MG9,0.7622,5.8434,inf
decoy257,6CBZ,EST_redock_6CBZ,0.7355,5.4432,inf
decoy258,4MGC,27M_redock_4MGC,0.8744,6.1682,inf
decoy258,4MG9,27K_redock_4MG9,0.8644,5.8808,inf
decoy258,3ERD,DES_redock_3ERD,0.8347,5.5978,inf
decoy258,1GWR,EST_redock_1GWR,0.8288,5.9294,inf
decoy258,4ZN7,DES_redock_4ZN7,0.7987,5.5400,inf
decoy258,6CBZ,EST_redock_6CBZ,0.7863,5.3856,inf
decoy258,3UUD,EST_redock_3UUD,0.7585,5.4956,inf
decoy258,4MG8,27J_redock_4MG8,0.7540,5.2628,inf
decoy258,4TUZ,36J_redock_4TUZ,0.7497,5.2309,inf
decoy258,4MGA,27L_redock_4MGA,0.7247,4.9588,inf
decoy258,1ERE,EST_redock_1ERE,0.7193,5.0465,inf
decoy258,1G50,EST_redock_1G50,0.7161,4.9959,inf
decoy258,3UU7,2OH_redock_3UU7,0.6566,4.6099,inf
decoy259,6CBZ,EST_redock_6CBZ,0.8534,6.1436,inf
decoy259,3UUD,EST_redock_3UUD,0.8449,6.0201,inf
decoy259,4ZN7,DES_redock_4ZN7,0.8416,5.9470,inf
decoy259,3ERD,DES_redock_3ERD,0.8344,5.2942,inf
decoy259,1GWR,EST_redock_1GWR,0.8326,5.9339,inf
decoy259,4MG9,27K_redock_4MG9,0.8243,5.8099,inf
decoy259,3UU7,2OH_redock_3UU7,0.8101,5.8187,inf
decoy259,4MGC,27M_redock_4MGC,0.8083,5.3496,inf
decoy259,4MG8,27J_redock_4MG8,0.7970,5.2095,inf
decoy259,4TUZ,36J_redock_4TUZ,0.7581,5.0787,inf
decoy259,1G50,EST_redock_1G50,0.7511,5.2605,inf
decoy259,1ERE,EST_redock_1ERE,0.7331,5.2323,inf
decoy259,4MGA,27L_redock_4MGA,0.6806,4.5907,inf
decoy26,3UU7,2OH_redock_3UU7,0.6660,4.5746,inf
decoy26,3ERD,DES_redock_3ERD,0.6010,4.1803,inf
decoy26,4MG9,27K_redock_4MG9,0.5892,4.1476,inf
decoy26,4MGC,27M_redock_4MGC,0.5560,3.8286,inf
decoy26,1G50,EST_redock_1G50,0.5240,3.7434,inf
decoy26,4ZN7,DES_redock_4ZN7,0.5159,3.5091,inf
decoy26,4MG8,27J_redock_4MG8,0.4860,3.4772,inf
decoy26,4MGA,27L_redock_4MGA,0.4634,3.2645,inf
decoy26,1GWR,EST_redock_1GWR,0.4249,2.8676,inf
decoy26,4TUZ,36J_redock_4TUZ,0.4232,2.9296,inf
decoy26,1ERE,EST_redock_1ERE,0.3376,2.3065,inf
decoy26,6CBZ,EST_redock_6CBZ,0.3008,2.0131,inf
decoy26,3UUD,EST_redock_3UUD,0.2837,1.9537,inf
decoy260,4MG9,27K_redock_4MG9,0.7792,5.7317,inf
decoy260,1GWR,EST_redock_1GWR,0.6932,5.3016,inf
decoy260,4TUZ,36J_redock_4TUZ,0.6881,5.2372,inf
decoy260,3UU7,2OH_redock_3UU7,0.6783,4.9047,inf
decoy260,4ZN7,DES_redock_4ZN7,0.6528,4.6769,inf
decoy260,4MG8,27J_redock_4MG8,0.6403,4.6773,inf
decoy260,6CBZ,EST_redock_6CBZ,0.6337,4.7831,inf
decoy260,3UUD,EST_redock_3UUD,0.6289,4.5433,inf
decoy260,3ERD,DES_redock_3ERD,0.6069,4.3042,inf
decoy260,4MGC,27M_redock_4MGC,0.5953,4.2736,inf
decoy260,1ERE,EST_redock_1ERE,0.5834,4.3426,inf
decoy260,4MGA,27L_redock_4MGA,0.5074,3.6500,inf
decoy260,1G50,EST_redock_1G50,0.4885,3.6033,inf
decoy261,1GWR,EST_redock_1GWR,0.8610,6.0173,inf
decoy261,6CBZ,EST_redock_6CBZ,0.8115,5.5562,inf
decoy261,1G50,EST_redock_1G50,0.7747,5.4608,inf
decoy261,4MG8,27J_redock_4MG8,0.7520,5.1996,inf
decoy261,4MG9,27K_redock_4MG9,0.7058,4.6722,inf
decoy261,4ZN7,DES_redock_4ZN7,0.7057,4.9510,inf
decoy261,4TUZ,36J_redock_4TUZ,0.6845,4.6966,inf
decoy261,1ERE,EST_redock_1ERE,0.6733,4.6271,inf
decoy261,3UU7,2OH_redock_3UU7,0.6192,4.2358,inf
decoy261,3ERD,DES_redock_3ERD,0.5946,4.0963,inf
decoy261,4MGC,27M_redock_4MGC,0.5678,3.8566,inf
decoy261,4MGA,27L_redock_4MGA,0.5668,3.9882,inf
decoy261,3UUD,EST_redock_3UUD,0.5658,3.8495,inf
decoy262,4ZN7,DES_redock_4ZN7,0.7115,4.9398,inf
decoy262,3ERD,DES_redock_3ERD,0.6915,4.3573,inf
decoy262,3UU7,2OH_redock_3UU7,0.5453,2.9439,inf
decoy262,4MG8,27J_redock_4MG8,0.5422,3.1790,inf
decoy262,4MGC,27M_redock_4MGC,0.5226,3.2343,inf
decoy262,4TUZ,36J_redock_4TUZ,0.4020,1.8988,inf
decoy262,6CBZ,EST_redock_6CBZ,0.3584,1.6247,inf
decoy262,4MG9,27K_redock_4MG9,0.3553,1.8178,inf
decoy262,1G50,EST_redock_1G50,0.3546,1.8836,inf
decoy262,3UUD,EST_redock_3UUD,0.3457,2.1855,inf
decoy262,4MGA,27L_redock_4MGA,0.3079,1.9340,inf
decoy262,1ERE,EST_redock_1ERE,0.2370,1.1802,inf
decoy262,1GWR,EST_redock_1GWR,0.2346,1.2747,inf
decoy263,3UU7,2OH_redock_3UU7,0.9522,6.3572,inf
decoy263,6CBZ,EST_redock_6CBZ,0.9101,6.1330,inf
decoy263,4MG8,27J_redock_4MG8,0.9022,6.3551,inf
decoy263,4MGC,27M_redock_4MGC,0.8994,6.2644,inf
decoy263,1G50,EST_redock_1G50,0.8892,5.9575,inf
decoy263,4TUZ,36J_redock_4TUZ,0.8803,6.0486,inf
decoy263,1ERE,EST_redock_1ERE,0.8726,6.0128,inf
decoy263,3UUD,EST_redock_3UUD,0.8708,5.9358,inf
decoy263,4MGA,27L_redock_4MGA,0.8707,5.5911,inf
decoy263,1GWR,EST_redock_1GWR,0.8581,5.7378,inf
decoy263,4ZN7,DES_redock_4ZN7,0.8459,5.7852,inf
decoy263,3ERD,DES_redock_3ERD,0.8315,5.6268,inf
decoy263,4MG9,27K_redock_4MG9,0.8120,5.6354,inf
decoy264,6CBZ,EST_redock_6CBZ,0.6192,4.3500,inf
decoy264,1GWR,EST_redock_1GWR,0.5295,3.6963,inf
decoy264,1ERE,EST_redock_1ERE,0.5272,3.7296,inf
decoy264,3UUD,EST_redock_3UUD,0.4999,3.5905,inf
decoy264,4MG8,27J_redock_4MG8,0.4597,3.2761,inf
decoy264,4MGC,27M_redock_4MGC,0.4569,3.2354,inf
decoy264,3UU7,2OH_redock_3UU7,0.4328,3.0769,inf
decoy264,4TUZ,36J_redock_4TUZ,0.4006,2.7686,inf
decoy264,4MGA,27L_redock_4MGA,0.3914,2.7257,inf
decoy264,4MG9,27K_redock_4MG9,0.3405,2.4024,inf
decoy264,4ZN7,DES_redock_4ZN7,0.3149,2.1596,inf
decoy264,3ERD,DES_redock_3ERD,0.2759,1.8692,inf
decoy264,1G50,EST_redock_1G50,0.2308,1.5348,inf
decoy265,1ERE,EST_redock_1ERE,0.9253,6.5391,inf
decoy265,3UU7,2OH_redock_3UU7,0.8776,6.2754,inf
decoy265,3UUD,EST_redock_3UUD,0.8597,6.1412,inf
decoy265,6CBZ,EST_redock_6CBZ,0.8559,6.0841,inf
decoy265,1GWR,EST_redock_1GWR,0.8106,5.5806,inf
decoy265,4MG8,27J_redock_4MG8,0.8090,5.5225,inf
decoy265,4MG9,27K_redock_4MG9,0.7949,5.5662,inf
decoy265,4MGA,27L_redock_4MGA,0.7840,5.3693,inf
decoy265,4TUZ,36J_redock_4TUZ,0.7573,5.4034,inf
decoy265,1G50,EST_redock_1G50,0.7505,5.6138,inf
decoy265,3ERD,DES_redock_3ERD,0.7112,4.9837,inf
decoy265,4ZN7,DES_redock_4ZN7,0.6171,4.5593,inf
decoy265,4MGC,27M_redock_4MGC,0.5977,4.1740,inf
decoy266,1GWR,EST_redock_1GWR,0.8842,6.5251,inf
decoy266,4MGC,27M_redock_4MGC,0.8560,6.3118,inf
decoy266,1G50,EST_redock_1G50,0.8212,5.9000,inf
decoy266,4TUZ,36J_redock_4TUZ,0.8073,5.9986,inf
decoy266,4MGA,27L_redock_4MGA,0.7981,5.9866,inf
decoy266,6CBZ,EST_redock_6CBZ,0.7975,5.8413,inf
decoy266,3ERD,DES_redock_3ERD,0.7738,5.6811,inf
decoy266,4MG9,27K_redock_4MG9,0.7652,5.5674,inf
decoy266,4MG8,27J_redock_4MG8,0.7610,5.6514,inf
decoy266,3UU7,2OH_redock_3UU7,0.7437,5.5923,inf
decoy266,4ZN7,DES_redock_4ZN7,0.6965,4.8114,inf
decoy266,1ERE,EST_redock_1ERE,0.6838,4.8275,inf
decoy266,3UUD,EST_redock_3UUD,0.6522,4.6113,inf
decoy267,4MG8,27J_redock_4MG8,0.7448,5.0840,inf
decoy267,4MG9,27K_redock_4MG9,0.7026,4.3035,inf
decoy267,3UUD,EST_redock_3UUD,0.7006,4.8642,inf
decoy267,4ZN7,DES_redock_4ZN7,0.6941,4.7004,inf
decoy267,3UU7,2OH_redock_3UU7,0.6728,4.3677,inf
decoy267,3ERD,DES_redock_3ERD,0.6458,4.3850,inf
decoy267,4MGC,27M_redock_4MGC,0.6033,3.9811,inf
decoy267,1GWR,EST_redock_1GWR,0.6018,4.1666,inf
decoy267,4TUZ,36J_redock_4TUZ,0.5971,4.1786,inf
decoy267,4MGA,27L_redock_4MGA,0.5935,4.0920,inf
decoy267,6CBZ,EST_redock_6CBZ,0.5570,3.8002,inf
decoy267,1ERE,EST_redock_1ERE,0.4881,3.4004,inf
decoy267,1G50,EST_redock_1G50,0.4531,3.1722,inf
decoy268,6CBZ,EST_redock_6CBZ,0.8907,5.9506,inf
decoy268,3UUD,EST_redock_3UUD,0.8665,5.8813,inf
decoy268,4MG8,27J_redock_4MG8,0.8415,5.5510,inf
decoy268,1GWR,EST_redock_1GWR,0.8414,5.6526,inf
decoy268,3UU7,2OH_redock_3UU7,0.8325,5.8603,inf
decoy268,4MG9,27K_redock_4MG9,0.7888,5.4373,inf
decoy268,4MGA,27L_redock_4MGA,0.7792,5.3071,inf
decoy268,4ZN7,DES_redock_4ZN7,0.7616,5.3552,inf
decoy268,4TUZ,36J_redock_4TUZ,0.7522,4.9408,inf
decoy268,4MGC,27M_redock_4MGC,0.7197,4.7600,inf
decoy268,1ERE,EST_redock_1ERE,0.7183,4.7967,inf
decoy268,1G50,EST_redock_1G50,0.7168,4.5403,inf
decoy268,3ERD,DES_redock_3ERD,0.6891,4.2852,inf
decoy269,4MG8,27J_redock_4MG8,0.9525,6.3870,inf
decoy269,4ZN7,DES_redock_4ZN7,0.9496,6.3134,inf
decoy269,4MG9,27K_redock_4MG9,0.9455,6.4528,inf
decoy269,4MGA,27L_redock_4MGA,0.9403,6.3368,inf
decoy269,3UU7,2OH_redock_3UU7,0.9390,6.4758,inf
decoy269,1GWR,EST_redock_1GWR,0.9309,6.0626,inf
decoy269,4MGC,27M_redock_4MGC,0.9307,6.1398,inf
decoy269,3ERD,DES_redock_3ERD,0.9191,6.1112,inf
decoy269,3UUD,EST_redock_3UUD,0.8816,6.2881,inf
decoy269,4TUZ,36J_redock_4TUZ,0.8679,5.9984,inf
decoy269,1ERE,EST_redock_1ERE,0.8620,6.2172,inf
decoy269,6CBZ,EST_redock_6CBZ,0.8542,6.0744,inf
decoy269,1G50,EST_redock_1G50,0.8437,6.0670,inf
decoy27,3UU7,2OH_redock_3UU7,0.7666,5.2424,inf
decoy27,4ZN7,DES_redock_4ZN7,0.7564,5.4926,inf
decoy27,3ERD,DES_redock_3ERD,0.7563,5.3451,inf
decoy27,4MG9,27K_redock_4MG9,0.7097,5.2637,inf
decoy27,4MG8,27J_redock_4MG8,0.7094,5.1963,inf
decoy27,4TUZ,36J_redock_4TUZ,0.7011,4.9848,inf
decoy27,6CBZ,EST_redock_6CBZ,0.7010,5.0187,inf
decoy27,1GWR,EST_redock_1GWR,0.6628,4.7168,inf
decoy27,4MGC,27M_redock_4MGC,0.6581,4.5108,inf
decoy27,1G50,EST_redock_1G50,0.6260,4.4634,inf
decoy27,1ERE,EST_redock_1ERE,0.5999,4.3188,inf
decoy27,4MGA,27L_redock_4MGA,0.5614,4.0776,inf
decoy27,3UUD,EST_redock_3UUD,0.5501,3.9155,inf
decoy270,4ZN7,DES_redock_4ZN7,0.6289,4.5107,inf
decoy270,1GWR,EST_redock_1GWR,0.6252,4.1961,inf
decoy270,4MG9,27K_redock_4MG9,0.5783,3.8227,inf
decoy270,3ERD,DES_redock_3ERD,0.5734,3.9041,inf
decoy270,4MG8,27J_redock_4MG8,0.5660,3.9385,inf
decoy270,4TUZ,36J_redock_4TUZ,0.5390,3.6092,inf
decoy270,4MGC,27M_redock_4MGC,0.5324,3.2728,inf
decoy270,3UUD,EST_redock_3UUD,0.5080,3.4216,inf
decoy270,6CBZ,EST_redock_6CBZ,0.4865,3.1704,inf
decoy270,1G50,EST_redock_1G50,0.4820,2.4814,inf
decoy270,4MGA,27L_redock_4MGA,0.4584,2.8432,inf
decoy270,1ERE,EST_redock_1ERE,0.3746,2.4685,inf
decoy270,3UU7,2OH_redock_3UU7,0.3389,2.2748,inf
decoy271,4MGC,27M_redock_4MGC,0.6768,4.9907,inf
decoy271,1GWR,EST_redock_1GWR,0.6521,4.8963,inf
decoy271,4MG8,27J_redock_4MG8,0.5849,4.3224,inf
decoy271,3UU7,2OH_redock_3UU7,0.5677,4.1569,inf
decoy271,3ERD,DES_redock_3ERD,0.5608,4.0719,inf
decoy271,3UUD,EST_redock_3UUD,0.5586,4.1112,inf
decoy271,6CBZ,EST_redock_6CBZ,0.5566,4.0026,inf
decoy271,4MGA,27L_redock_4MGA,0.5467,3.9818,inf
decoy271,4TUZ,36J_redock_4TUZ,0.5443,4.0173,inf
decoy271,1G50,EST_redock_1G50,0.5406,3.7934,inf
decoy271,1ERE,EST_redock_1ERE,0.5402,4.0650,inf
decoy271,4ZN7,DES_redock_4ZN7,0.5118,3.6823,inf
decoy271,4MG9,27K_redock_4MG9,0.3827,2.7654,inf
decoy272,6CBZ,EST_redock_6CBZ,0.6919,3.8547,inf
decoy272,1GWR,EST_redock_1GWR,0.6699,4.4207,inf
decoy272,3UU7,2OH_redock_3UU7,0.6612,3.8599,inf
decoy272,3UUD,EST_redock_3UUD,0.6393,3.9928,inf
decoy272,4MG8,27J_redock_4MG8,0.6328,3.6341,inf
decoy272,4MGA,27L_redock_4MGA,0.6248,3.4960,inf
decoy272,1ERE,EST_redock_1ERE,0.5753,3.4758,inf
decoy272,3ERD,DES_redock_3ERD,0.5712,3.3498,inf
decoy272,4MGC,27M_redock_4MGC,0.5655,3.6761,inf
decoy272,4TUZ,36J_redock_4TUZ,0.5639,3.4784,inf
decoy272,4MG9,27K_redock_4MG9,0.5284,3.0400,inf
decoy272,4ZN7,DES_redock_4ZN7,0.5211,2.7145,inf
decoy272,1G50,EST_redock_1G50,0.4882,3.3142,inf
decoy273,4ZN7,DES_redock_4ZN7,0.8273,6.0765,inf
decoy273,6CBZ,EST_redock_6CBZ,0.8152,6.0145,inf
decoy273,3ERD,DES_redock_3ERD,0.6902,4.9726,inf
decoy273,4MG9,27K_redock_4MG9,0.6873,4.9264,inf
decoy273,4MG8,27J_redock_4MG8,0.6729,4.9139,inf
decoy273,1GWR,EST_redock_1GWR,0.6566,4.7323,inf
decoy273,4MGA,27L_redock_4MGA,0.6065,3.6306,inf
decoy273,1G50,EST_redock_1G50,0.5670,4.0326,inf
decoy273,4MGC,27M_redock_4MGC,0.5620,4.0733,inf
decoy273,4TUZ,36J_redock_4TUZ,0.5392,3.9116,inf
decoy273,3UUD,EST_redock_3UUD,0.5251,3.7981,inf
decoy273,3UU7,2OH_redock_3UU7,0.4774,3.1333,inf
decoy273,1ERE,EST_redock_1ERE,0.4631,3.3502,inf
decoy274,3UU7,2OH_redock_3UU7,0.9288,6.0458,inf
decoy274,4MGC,27M_redock_4MGC,0.9040,5.9595,inf
decoy274,4ZN7,DES_redock_4ZN7,0.8912,5.8338,inf
decoy274,4TUZ,36J_redock_4TUZ,0.8732,5.7427,inf
decoy274,3ERD,DES_redock_3ERD,0.8626,5.5430,inf
decoy274,4MGA,27L_redock_4MGA,0.8558,5.5543,inf
decoy274,6CBZ,EST_redock_6CBZ,0.8461,5.3145,inf
decoy274,4MG9,27K_redock_4MG9,0.8373,5.2540,inf
decoy274,3UUD,EST_redock_3UUD,0.8310,5.4113,inf
decoy274,4MG8,27J_redock_4MG8,0.8267,5.2145,inf
decoy274,1GWR,EST_redock_1GWR,0.7959,5.1530,inf
decoy274,1G50,EST_redock_1G50,0.7912,5.1374,inf
decoy274,1ERE,EST_redock_1ERE,0.7477,4.5165,inf
decoy275,4MGA,27L_redock_4MGA,0.7149,4.9289,inf
decoy275,3UU7,2OH_redock_3UU7,0.7007,4.6941,inf
decoy275,4MG8,27J_redock_4MG8,0.6966,5.0827,inf
decoy275,4TUZ,36J_redock_4TUZ,0.6563,4.7344,inf
decoy275,4MGC,27M_redock_4MGC,0.6557,4.6248,inf
decoy275,1GWR,EST_redock_1GWR,0.6497,4.5208,inf
decoy275,1G50,EST_redock_1G50,0.6394,4.4260,inf
decoy275,3ERD,DES_redock_3ERD,0.6272,4.5025,inf
decoy275,1ERE,EST_redock_1ERE,0.6200,4.6294,inf
decoy275,4MG9,27K_redock_4MG9,0.5919,4.3199,inf
decoy275,3UUD,EST_redock_3UUD,0.5883,3.8828,inf
decoy275,4ZN7,DES_redock_4ZN7,0.5662,3.7813,inf
decoy275,6CBZ,EST_redock_6CBZ,0.5613,3.9576,inf
decoy276,6CBZ,EST_redock_6CBZ,0.4828,3.1664,inf
decoy276,4MG8,27J_redock_4MG8,0.4644,3.0433,inf
decoy276,1GWR,EST_redock_1GWR,0.4430,2.6363,inf
decoy276,1ERE,EST_redock_1ERE,0.4032,2.7877,inf
decoy276,1G50,EST_redock_1G50,0.4024,2.3667,inf
decoy276,3UU7,2OH_redock_3UU7,0.3930,2.5045,inf
decoy276,3ERD,DES_redock_3ERD,0.3868,2.2469,inf
decoy276,4MG9,27K_redock_4MG9,0.3666,2.2875,inf
decoy276,4TUZ,36J_redock_4TUZ,0.3541,2.3703,inf
decoy276,4ZN7,DES_redock_4ZN7,0.3439,2.2668,inf
decoy276,4MGC,27M_redock_4MGC,0.3358,2.2014,inf
decoy276,3UUD,EST_redock_3UUD,0.3230,2.1883,inf
decoy276,4MGA,27L_redock_4MGA,0.2765,1.6334,inf
decoy277,4ZN7,DES_redock_4ZN7,0.5331,3.9276,inf
decoy277,1ERE,EST_redock_1ERE,0.4816,3.4860,inf
decoy277,1G50,EST_redock_1G50,0.4753,3.3735,inf
decoy277,1GWR,EST_redock_1GWR,0.4550,2.8922,inf
decoy277,4MG8,27J_redock_4MG8,0.4202,2.9461,inf
decoy277,3UUD,EST_redock_3UUD,0.4082,2.8973,inf
decoy277,6CBZ,EST_redock_6CBZ,0.3986,2.8495,inf
decoy277,3ERD,DES_redock_3ERD,0.3975,2.7173,inf
decoy277,4MGC,27M_redock_4MGC,0.3944,2.8224,inf
decoy277,4TUZ,36J_redock_4TUZ,0.3818,2.6865,inf
decoy277,3UU7,2OH_redock_3UU7,0.3559,2.5227,inf
decoy277,4MGA,27L_redock_4MGA,0.3485,1.9431,inf
decoy277,4MG9,27K_redock_4MG9,0.2789,1.8882,inf
decoy278,4MG9,27K_redock_4MG9,0.6204,4.3055,inf
decoy278,1G50,EST_redock_1G50,0.5866,3.6863,inf
decoy278,6CBZ,EST_redock_6CBZ,0.5614,3.6130,inf
decoy278,4MG8,27J_redock_4MG8,0.4825,3.3665,inf
decoy278,1GWR,EST_redock_1GWR,0.4183,2.8616,inf
decoy278,3ERD,DES_redock_3ERD,0.4042,2.6771,inf
decoy278,4MGC,27M_redock_4MGC,0.3902,2.6160,inf
decoy278,3UU7,2OH_redock_3UU7,0.3712,2.5476,inf
decoy278,1ERE,EST_redock_1ERE,0.3386,2.1314,inf
decoy278,4TUZ,36J_redock_4TUZ,0.3161,1.9888,inf
decoy278,3UUD,EST_redock_3UUD,0.3083,1.9288,inf
decoy278,4MGA,27L_redock_4MGA,0.2714,1.6975,inf
decoy278,4ZN7,DES_redock_4ZN7,0.1823,1.1981,inf
decoy279,4TUZ,36J_redock_4TUZ,0.8586,5.8941,inf
decoy279,4MG8,27J_redock_4MG8,0.8411,5.9133,inf
decoy279,3UU7,2OH_redock_3UU7,0.8080,5.4469,inf
decoy279,6CBZ,EST_redock_6CBZ,0.8017,5.5015,inf
decoy279,3UUD,EST_redock_3UUD,0.7971,5.6669,inf
decoy279,1GWR,EST_redock_1GWR,0.7961,5.3803,inf
decoy279,4MG9,27K_redock_4MG9,0.7522,5.1015,inf
decoy279,1ERE,EST_redock_1ERE,0.7385,4.9654,inf
decoy279,4ZN7,DES_redock_4ZN7,0.7041,4.7397,inf
decoy279,4MGC,27M_redock_4MGC,0.6990,4.4408,inf
decoy279,3ERD,DES_redock_3ERD,0.5930,4.0779,inf
decoy279,4MGA,27L_redock_4MGA,0.5915,3.9701,inf
decoy279,1G50,EST_redock_1G50,0.5082,3.3063,inf
decoy28,1GWR,EST_redock_1GWR,0.8437,6.6207,inf
decoy28,1ERE,EST_redock_1ERE,0.8351,6.5031,inf
decoy28,6CBZ,EST_redock_6CBZ,0.8066,6.2757,inf
decoy28,3UU7,2OH_redock_3UU7,0.7649,5.9030,inf
decoy28,1G50,EST_redock_1G50,0.7414,5.6580,inf
decoy28,4MGC,27M_redock_4MGC,0.7071,5.4973,inf
decoy28,3UUD,EST_redock_3UUD,0.7044,5.4462,inf
decoy28,3ERD,DES_redock_3ERD,0.7035,5.4186,inf
decoy28,4TUZ,36J_redock_4TUZ,0.6633,5.0753,inf
decoy28,4ZN7,DES_redock_4ZN7,0.6559,5.1573,inf
decoy28,4MGA,27L_redock_4MGA,0.5808,4.4012,inf
decoy28,4MG8,27J_redock_4MG8,0.5345,4.0655,inf
decoy28,4MG9,27K_redock_4MG9,0.3747,2.7429,inf
decoy280,1G50,EST_redock_1G50,0.9222,6.7195,inf
decoy280,4MGA,27L_redock_4MGA,0.9166,6.5581,inf
decoy280,3UU7,2OH_redock_3UU7,0.9043,6.6061,inf
decoy280,3ERD,DES_redock_3ERD,0.8896,6.4214,inf
decoy280,3UUD,EST_redock_3UUD,0.8531,6.0204,inf
decoy280,1ERE,EST_redock_1ERE,0.8503,6.0548,inf
decoy280,4MGC,27M_redock_4MGC,0.8472,6.1558,inf
decoy280,1GWR,EST_redock_1GWR,0.8263,5.4986,inf
decoy280,6CBZ,EST_redock_6CBZ,0.8123,5.8823,inf
decoy280,4ZN7,DES_redock_4ZN7,0.8062,5.9437,inf
decoy280,4TUZ,36J_redock_4TUZ,0.7877,5.7123,inf
decoy280,4MG8,27J_redock_4MG8,0.7602,5.4243,inf
decoy280,4MG9,27K_redock_4MG9,0.6137,4.1426,inf
decoy281,1ERE,EST_redock_1ERE,0.8049,5.4540,inf
decoy281,4MGC,27M_redock_4MGC,0.7951,5.2411,inf
decoy281,4TUZ,36J_redock_4TUZ,0.7860,5.0852,inf
decoy281,4ZN7,DES_redock_4ZN7,0.7739,5.2940,inf
decoy281,4MG8,27J_redock_4MG8,0.7705,5.3488,inf
decoy281,1GWR,EST_redock_1GWR,0.7205,4.8346,inf
decoy281,3UUD,EST_redock_3UUD,0.7202,4.7994,inf
decoy281,1G50,EST_redock_1G50,0.7054,4.6269,inf
decoy281,6CBZ,EST_redock_6CBZ,0.6650,4.4257,inf
decoy281,3UU7,2OH_redock_3UU7,0.6619,4.4072,inf
decoy281,3ERD,DES_redock_3ERD,0.6521,4.3252,inf
decoy281,4MGA,27L_redock_4MGA,0.5880,3.8228,inf
decoy281,4MG9,27K_redock_4MG9,0.5222,3.2670,inf
decoy282,4ZN7,DES_redock_4ZN7,0.8575,6.1030,inf
decoy282,3ERD,DES_redock_3ERD,0.8532,5.8382,inf
decoy282,4MGC,27M_redock_4MGC,0.8490,5.9787,inf
decoy282,4TUZ,36J_redock_4TUZ,0.8399,5.9032,inf
decoy282,6CBZ,EST_redock_6CBZ,0.8276,5.8492,inf
decoy282,1GWR,EST_redock_1GWR,0.8066,5.5966,inf
decoy282,4MG8,27J_redock_4MG8,0.7917,5.7082,inf
decoy282,3UUD,EST_redock_3UUD,0.7826,5.5284,inf
decoy282,4MG9,27K_redock_4MG9,0.7171,4.8650,inf
decoy282,1ERE,EST_redock_1ERE,0.7163,5.0864,inf
decoy282,4MGA,27L_redock_4MGA,0.6830,4.7270,inf
decoy282,3UU7,2OH_redock_3UU7,0.6684,4.4129,inf
decoy282,1G50,EST_redock_1G50,0.6009,4.1563,inf
decoy283,4MGC,27M_redock_4MGC,0.6516,4.1859,inf
decoy283,4MGA,27L_redock_4MGA,0.5640,3.3479,inf
decoy283,4MG8,27J_redock_4MG8,0.5404,3.5990,inf
decoy283,3ERD,DES_redock_3ERD,0.5380,3.6344,inf
decoy283,4MG9,27K_redock_4MG9,0.5246,3.5578,inf
decoy283,4ZN7,DES_redock_4ZN7,0.5214,3.4933,inf
decoy283,1G50,EST_redock_1G50,0.4461,3.0376,inf
decoy283,4TUZ,36J_redock_4TUZ,0.4269,2.8202,inf
decoy283,6CBZ,EST_redock_6CBZ,0.4162,2.8495,inf
decoy283,3UU7,2OH_redock_3UU7,0.3837,2.2756,inf
decoy283,1ERE,EST_redock_1ERE,0.3525,2.3753,inf
decoy283,1GWR,EST_redock_1GWR,0.3407,1.9534,inf
decoy283,3UUD,EST_redock_3UUD,0.3268,2.1997,inf
decoy284,4MG8,27J_redock_4MG8,0.7319,5.2686,inf
decoy284,4TUZ,36J_redock_4TUZ,0.7003,5.0260,inf
decoy284,3UUD,EST_redock_3UUD,0.6913,4.9712,inf
decoy284,6CBZ,EST_redock_6CBZ,0.6698,4.7904,inf
decoy284,4MG9,27K_redock_4MG9,0.6030,4.2725,inf
decoy284,1GWR,EST_redock_1GWR,0.5592,3.9664,inf
decoy284,4MGA,27L_redock_4MGA,0.4489,3.1648,inf
decoy284,1ERE,EST_redock_1ERE,0.4461,3.1145,inf
decoy284,3UU7,2OH_redock_3UU7,0.4397,3.0644,inf
decoy284,3ERD,DES_redock_3ERD,0.4001,2.7876,inf
decoy284,4ZN7,DES_redock_4ZN7,0.3998,2.7771,inf
decoy284,4MGC,27M_redock_4MGC,0.3908,2.7521,inf
decoy284,1G50,EST_redock_1G50,0.3094,2.0889,inf
decoy285,3UUD,EST_redock_3UUD,0.5103,3.6777,inf
decoy285,4TUZ,36J_redock_4TUZ,0.5000,3.6300,inf
decoy285,1ERE,EST_redock_1ERE,0.4708,3.4170,inf
decoy285,6CBZ,EST_redock_6CBZ,0.4567,3.2453,inf
decoy285,4ZN7,DES_redock_4ZN7,0.4456,3.2113,inf
decoy285,3UU7,2OH_redock_3UU7,0.4440,3.1465,inf
decoy285,4MG8,27J_redock_4MG8,0.3986,2.7039,inf
decoy285,3ERD,DES_redock_3ERD,0.3909,2.8129,inf
decoy285,1G50,EST_redock_1G50,0.3708,2.5954,inf
decoy285,4MG9,27K_redock_4MG9,0.3646,2.6013,inf
decoy285,1GWR,EST_redock_1GWR,0.3621,2.5138,inf
decoy285,4MGA,27L_redock_4MGA,0.3526,2.4143,inf
decoy285,4MGC,27M_redock_4MGC,0.2713,1.7276,inf
decoy286,1GWR,EST_redock_1GWR,0.5839,3.5723,inf
decoy286,4ZN7,DES_redock_4ZN7,0.4839,3.3452,inf
decoy286,4MG8,27J_redock_4MG8,0.4552,3.2217,inf
decoy286,3UU7,2OH_redock_3UU7,0.4429,2.9469,inf
decoy286,4TUZ,36J_redock_4TUZ,0.4312,2.3622,inf
decoy286,6CBZ,EST_redock_6CBZ,0.4175,2.6607,inf
decoy286,3UUD,EST_redock_3UUD,0.4062,2.7758,inf
decoy286,4MGC,27M_redock_4MGC,0.4038,2.4955,inf
decoy286,3ERD,DES_redock_3ERD,0.3936,2.6576,inf
decoy286,1ERE,EST_redock_1ERE,0.3741,2.5002,inf
decoy286,4MG9,27K_redock_4MG9,0.3710,2.0758,inf
decoy286,1G50,EST_redock_1G50,0.2670,1.7630,inf
decoy286,4MGA,27L_redock_4MGA,0.2026,1.0355,inf
decoy287,4MG9,27K_redock_4MG9,0.7769,4.4722,inf
decoy287,4MG8,27J_redock_4MG8,0.7323,4.2414,inf
decoy287,1GWR,EST_redock_1GWR,0.6932,3.9332,inf
decoy287,3UU7,2OH_redock_3UU7,0.6525,3.7898,inf
decoy287,4MGC,27M_redock_4MGC,0.6427,3.7469,inf
decoy287,6CBZ,EST_redock_6CBZ,0.6363,3.5107,inf
decoy287,4TUZ,36J_redock_4TUZ,0.6229,3.7125,inf
decoy287,4ZN7,DES_redock_4ZN7,0.6155,3.5763,inf
decoy287,3ERD,DES_redock_3ERD,0.6019,3.4864,inf
decoy287,1G50,EST_redock_1G50,0.5758,3.1871,inf
decoy287,1ERE,EST_redock_1ERE,0.5676,3.1970,inf
decoy287,3UUD,EST_redock_3UUD,0.5665,3.2220,inf
decoy287,4MGA,27L_redock_4MGA,0.5106,2.7420,inf
decoy288,3UU7,2OH_redock_3UU7,0.9341,6.7360,inf
decoy288,1GWR,EST_redock_1GWR,0.9052,6.2571,inf
decoy288,4MG9,27K_redock_4MG9,0.8988,6.3932,inf
decoy288,6CBZ,EST_redock_6CBZ,0.8090,5.6807,inf
decoy288,4TUZ,36J_redock_4TUZ,0.8048,5.6812,inf
decoy288,1ERE,EST_redock_1ERE,0.7886,5.5314,inf
decoy288,3UUD,EST_redock_3UUD,0.7693,5.3277,inf
decoy288,4MG8,27J_redock_4MG8,0.7643,5.4205,inf
decoy288,4MGC,27M_redock_4MGC,0.7590,5.1635,inf
decoy288,3ERD,DES_redock_3ERD,0.7371,5.0830,inf
decoy288,4ZN7,DES_redock_4ZN7,0.6823,4.6624,inf
decoy288,1G50,EST_redock_1G50,0.6773,4.6936,inf
decoy288,4MGA,27L_redock_4MGA,0.6681,4.6779,inf
decoy289,4MG8,27J_redock_4MG8,0.8296,5.9510,inf
decoy289,4TUZ,36J_redock_4TUZ,0.8243,5.7401,inf
decoy289,1GWR,EST_redock_1GWR,0.7362,5.1157,inf
decoy289,4MGC,27M_redock_4MGC,0.7285,5.2647,inf
decoy289,3ERD,DES_redock_3ERD,0.6705,4.6293,inf
decoy289,6CBZ,EST_redock_6CBZ,0.6584,4.5860,inf
decoy289,1G50,EST_redock_1G50,0.6133,4.1763,inf
decoy289,3UUD,EST_redock_3UUD,0.5889,4.0155,inf
decoy289,4MGA,27L_redock_4MGA,0.5668,3.5822,inf
decoy289,4MG9,27K_redock_4MG9,0.5373,3.5540,inf
decoy289,4ZN7,DES_redock_4ZN7,0.5102,3.3959,inf
decoy289,1ERE,EST_redock_1ERE,0.4899,3.3916,inf
decoy289,3UU7,2OH_redock_3UU7,0.4881,3.3582,inf
decoy29,3UUD,EST_redock_3UUD,0.8628,5.7654,inf
decoy29,4MGC,27M_redock_4MGC,0.8443,5.7099,inf
decoy29,3ERD,DES_redock_3ERD,0.8363,5.6733,inf
decoy29,4MG8,27J_redock_4MG8,0.8228,5.4409,inf
decoy29,4MG9,27K_redock_4MG9,0.8107,5.2600,inf
decoy29,4ZN7,DES_redock_4ZN7,0.8087,5.3890,inf
decoy29,6CBZ,EST_redock_6CBZ,0.7860,5.1511,inf
decoy29,1GWR,EST_redock_1GWR,0.7853,5.1878,inf
decoy29,4TUZ,36J_redock_4TUZ,0.7590,5.0374,inf
decoy29,1ERE,EST_redock_1ERE,0.7423,4.8274,inf
decoy29,1G50,EST_redock_1G50,0.7328,4.6252,inf
decoy29,3UU7,2OH_redock_3UU7,0.7214,4.8484,inf
decoy29,4MGA,27L_redock_4MGA,0.6451,4.3384,inf
decoy290,1GWR,EST_redock_1GWR,0.8612,5.4219,inf
decoy290,1ERE,EST_redock_1ERE,0.6851,4.1596,inf
decoy290,6CBZ,EST_redock_6CBZ,0.6668,4.0573,inf
decoy290,1G50,EST_redock_1G50,0.6436,3.8906,inf
decoy290,3UUD,EST_redock_3UUD,0.6412,3.9875,inf
decoy290,3UU7,2OH_redock_3UU7,0.6337,3.8397,inf
decoy290,4MG8,27J_redock_4MG8,0.5832,3.3757,inf
decoy290,4MGC,27M_redock_4MGC,0.5797,3.4846,inf
decoy290,4MGA,27L_redock_4MGA,0.5399,3.1086,inf
decoy290,4TUZ,36J_redock_4TUZ,0.5298,3.0620,inf
decoy290,4MG9,27K_redock_4MG9,0.5148,3.1506,inf
decoy290,4ZN7,DES_redock_4ZN7,0.3886,2.3362,inf
decoy290,3ERD,DES_redock_3ERD,0.3722,2.2090,inf
decoy291,4MG8,27J_redock_4MG8,0.8864,6.2255,inf
decoy291,1G50,EST_redock_1G50,0.8858,5.8931,inf
decoy291,6CBZ,EST_redock_6CBZ,0.8404,5.5211,inf
decoy291,4TUZ,36J_redock_4TUZ,0.8367,5.5462,inf
decoy291,1GWR,EST_redock_1GWR,0.8327,5.4728,inf
decoy291,3ERD,DES_redock_3ERD,0.8164,5.6269,inf
decoy291,4ZN7,DES_redock_4ZN7,0.8130,5.5806,inf
decoy291,4MGC,27M_redock_4MGC,0.8033,5.5831,inf
decoy291,3UUD,EST_redock_3UUD,0.7940,5.3733,inf
decoy291,4MG9,27K_redock_4MG9,0.7746,5.1139,inf
decoy291,1ERE,EST_redock_1ERE,0.6660,4.3050,inf
decoy291,4MGA,27L_redock_4MGA,0.6635,4.3211,inf
decoy291,3UU7,2OH_redock_3UU7,0.6530,4.2869,inf
decoy292,3ERD,DES_redock_3ERD,0.7624,5.4213,inf
decoy292,1GWR,EST_redock_1GWR,0.5427,3.8840,inf
decoy292,4ZN7,DES_redock_4ZN7,0.5345,3.8236,inf
decoy292,3UU7,2OH_redock_3UU7,0.5084,3.4244,inf
decoy292,1G50,EST_redock_1G50,0.4775,3.5052,inf
decoy292,4MGA,27L_redock_4MGA,0.4173,2.9364,inf
decoy292,4MG9,27K_redock_4MG9,0.4131,2.9908,inf
decoy292,3UUD,EST_redock_3UUD,0.4063,2.7485,inf
decoy292,4MGC,27M_redock_4MGC,0.4040,2.3086,inf
decoy292,4MG8,27J_redock_4MG8,0.3802,2.7273,inf
decoy292,1ERE,EST_redock_1ERE,0.3721,2.6603,inf
decoy292,6CBZ,EST_redock_6CBZ,0.3524,2.4148,inf
decoy292,4TUZ,36J_redock_4TUZ,0.3157,2.2228,inf
decoy293,4MGA,27L_redock_4MGA,0.5052,3.5661,inf
decoy293,4MG9,27K_redock_4MG9,0.4723,3.2838,inf
decoy293,1GWR,EST_redock_1GWR,0.4172,2.9721,inf
decoy293,4ZN7,DES_redock_4ZN7,0.4131,2.8996,inf
decoy293,4MG8,27J_redock_4MG8,0.4100,2.8843,inf
decoy293,1ERE,EST_redock_1ERE,0.3778,2.7231,inf
decoy293,3UUD,EST_redock_3UUD,0.3679,2.4548,inf
decoy293,3UU7,2OH_redock_3UU7,0.3572,2.4963,inf
decoy293,4MGC,27M_redock_4MGC,0.3473,2.4684,inf
decoy293,6CBZ,EST_redock_6CBZ,0.3336,2.3538,inf
decoy293,3ERD,DES_redock_3ERD,0.3218,2.1909,inf
decoy293,1G50,EST_redock_1G50,0.3020,1.7554,inf
decoy293,4TUZ,36J_redock_4TUZ,0.2740,1.9123,inf
decoy294,4TUZ,36J_redock_4TUZ,0.6915,4.6346,inf
decoy294,4MG8,27J_redock_4MG8,0.6797,4.5251,inf
decoy294,6CBZ,EST_redock_6CBZ,0.6782,4.3689,inf
decoy294,4MG9,27K_redock_4MG9,0.6748,4.4310,inf
decoy294,1GWR,EST_redock_1GWR,0.6597,4.1465,inf
decoy294,3UUD,EST_redock_3UUD,0.6107,3.9592,inf
decoy294,4MGC,27M_redock_4MGC,0.5843,3.3891,inf
decoy294,3UU7,2OH_redock_3UU7,0.5285,3.1212,inf
decoy294,1ERE,EST_redock_1ERE,0.4787,3.0343,inf
decoy294,4ZN7,DES_redock_4ZN7,0.4512,2.8712,inf
decoy294,4MGA,27L_redock_4MGA,0.4318,2.5859,inf
decoy294,3ERD,DES_redock_3ERD,0.4281,2.5023,inf
decoy294,1G50,EST_redock_1G50,0.3345,1.8797,inf
decoy295,4MG8,27J_redock_4MG8,0.6631,4.3577,inf
decoy295,4MG9,27K_redock_4MG9,0.6145,3.6478,inf
decoy295,3ERD,DES_redock_3ERD,0.5864,3.7978,inf
decoy295,4ZN7,DES_redock_4ZN7,0.5814,3.3557,inf
decoy295,1ERE,EST_redock_1ERE,0.5483,3.4300,inf
decoy295,4TUZ,36J_redock_4TUZ,0.5451,3.5265,inf
decoy295,3UUD,EST_redock_3UUD,0.5430,3.5716,inf
decoy295,1G50,EST_redock_1G50,0.5380,3.1852,inf
decoy295,6CBZ,EST_redock_6CBZ,0.5275,2.9983,inf
decoy295,4MGC,27M_redock_4MGC,0.5137,3.1802,inf
decoy295,4MGA,27L_redock_4MGA,0.4937,2.8319,inf
decoy295,1GWR,EST_redock_1GWR,0.4506,2.8162,inf
decoy295,3UU7,2OH_redock_3UU7,0.3964,2.1884,inf
decoy296,3ERD,DES_redock_3ERD,0.6415,4.8259,inf
decoy296,4ZN7,DES_redock_4ZN7,0.5434,4.1747,inf
decoy296,4MGC,27M_redock_4MGC,0.5022,3.2731,inf
decoy296,6CBZ,EST_redock_6CBZ,0.4980,3.7203,inf
decoy296,3UUD,EST_redock_3UUD,0.4515,2.5930,inf
decoy296,4MGA,27L_redock_4MGA,0.4507,3.3388,inf
decoy296,4TUZ,36J_redock_4TUZ,0.4372,3.2384,inf
decoy296,4MG8,27J_redock_4MG8,0.4210,3.1004,inf
decoy296,1G50,EST_redock_1G50,0.4167,2.6409,inf
decoy296,1GWR,EST_redock_1GWR,0.3842,2.7537,inf
decoy296,1ERE,EST_redock_1ERE,0.3691,2.5723,inf
decoy296,4MG9,27K_redock_4MG9,0.3621,2.6033,inf
decoy296,3UU7,2OH_redock_3UU7,0.3407,2.2741,inf
decoy297,4ZN7,DES_redock_4ZN7,0.8729,5.7781,inf
decoy297,4MGC,27M_redock_4MGC,0.8319,5.2927,inf
decoy297,3ERD,DES_redock_3ERD,0.7922,5.2564,inf
decoy297,4TUZ,36J_redock_4TUZ,0.7750,5.1594,inf
decoy297,4MG8,27J_redock_4MG8,0.7409,4.9886,inf
decoy297,1G50,EST_redock_1G50,0.7270,4.2914,inf
decoy297,4MGA,27L_redock_4MGA,0.6939,4.1293,inf
decoy297,1ERE,EST_redock_1ERE,0.6858,4.6092,inf
decoy297,3UUD,EST_redock_3UUD,0.6765,4.5812,inf
decoy297,1GWR,EST_redock_1GWR,0.6711,4.3756,inf
decoy297,3UU7,2OH_redock_3UU7,0.6707,4.0197,inf
decoy297,4MG9,27K_redock_4MG9,0.6624,4.1773,inf
decoy297,6CBZ,EST_redock_6CBZ,0.6584,4.2303,inf
decoy298,4ZN7,DES_redock_4ZN7,0.7498,4.8319,inf
decoy298,3UUD,EST_redock_3UUD,0.7201,4.7846,inf
decoy298,4MG8,27J_redock_4MG8,0.7005,4.6161,inf
decoy298,6CBZ,EST_redock_6CBZ,0.6793,4.5753,inf
decoy298,3ERD,DES_redock_3ERD,0.6733,4.3764,inf
decoy298,3UU7,2OH_redock_3UU7,0.6542,3.9469,inf
decoy298,4TUZ,36J_redock_4TUZ,0.6212,3.9582,inf
decoy298,1GWR,EST_redock_1GWR,0.6209,3.8924,inf
decoy298,1G50,EST_redock_1G50,0.6117,4.0902,inf
decoy298,4MG9,27K_redock_4MG9,0.6094,3.9559,inf
decoy298,4MGA,27L_redock_4MGA,0.6035,3.8236,inf
decoy298,4MGC,27M_redock_4MGC,0.5690,3.5903,inf
decoy298,1ERE,EST_redock_1ERE,0.5295,3.4045,inf
decoy299,4ZN7,DES_redock_4ZN7,0.5962,4.1825,inf
decoy299,1ERE,EST_redock_1ERE,0.5366,4.0003,inf
decoy299,4MGC,27M_redock_4MGC,0.5217,3.7034,inf
decoy299,3UU7,2OH_redock_3UU7,0.5065,3.5385,inf
decoy299,4TUZ,36J_redock_4TUZ,0.4530,3.0314,inf
decoy299,4MG9,27K_redock_4MG9,0.4391,3.0923,inf
decoy299,1GWR,EST_redock_1GWR,0.4331,3.0353,inf
decoy299,1G50,EST_redock_1G50,0.4297,2.4879,inf
decoy299,3ERD,DES_redock_3ERD,0.4285,3.2210,inf
decoy299,4MGA,27L_redock_4MGA,0.4146,2.9574,inf
decoy299,4MG8,27J_redock_4MG8,0.4115,2.8439,inf
decoy299,3UUD,EST_redock_3UUD,0.4058,2.6927,inf
decoy299,6CBZ,EST_redock_6CBZ,0.3913,2.6526,inf
decoy3,4MG8,27J_redock_4MG8,0.8670,5.5540,inf
decoy3,3ERD,DES_redock_3ERD,0.8031,5.1178,inf
decoy3,4MG9,27K_redock_4MG9,0.7862,4.9884,inf
decoy3,4TUZ,36J_redock_4TUZ,0.7714,4.8642,inf
decoy3,1GWR,EST_redock_1GWR,0.7288,4.6189,inf
decoy3,3UUD,EST_redock_3UUD,0.7070,4.4617,inf
decoy3,6CBZ,EST_redock_6CBZ,0.7040,4.3923,inf
decoy3,4MGC,27M_redock_4MGC,0.7010,4.4104,inf
decoy3,1ERE,EST_redock_1ERE,0.6808,4.3304,inf
decoy3,4ZN7,DES_redock_4ZN7,0.6473,4.1412,inf
decoy3,4MGA,27L_redock_4MGA,0.5946,3.8098,inf
decoy3,3UU7,2OH_redock_3UU7,0.5899,3.6250,inf
decoy3,1G50,EST_redock_1G50,0.4640,2.8238,inf
decoy30,4ZN7,DES_redock_4ZN7,0.8286,5.8442,inf
decoy30,4MG9,27K_redock_4MG9,0.8135,5.5763,inf
decoy30,3ERD,DES_redock_3ERD,0.7572,5.3890,inf
decoy30,1GWR,EST_redock_1GWR,0.6673,4.4004,inf
decoy30,6CBZ,EST_redock_6CBZ,0.6632,4.5703,inf
decoy30,3UUD,EST_redock_3UUD,0.6467,4.3655,inf
decoy30,3UU7,2OH_redock_3UU7,0.6134,4.1541,inf
decoy30,1G50,EST_redock_1G50,0.5815,3.5433,inf
decoy30,1ERE,EST_redock_1ERE,0.5603,3.9067,inf
decoy30,4MG8,27J_redock_4MG8,0.5481,3.8805,inf
decoy30,4MGA,27L_redock_4MGA,0.5407,3.7775,inf
decoy30,4TUZ,36J_redock_4TUZ,0.5351,3.6271,inf
decoy30,4MGC,27M_redock_4MGC,0.4848,3.2273,inf
decoy300,4MGA,27L_redock_4MGA,0.6597,4.9278,inf
decoy300,4ZN7,DES_redock_4ZN7,0.6376,4.9183,inf
decoy300,3ERD,DES_redock_3ERD,0.6369,4.6197,inf
decoy300,4TUZ,36J_redock_4TUZ,0.6230,4.4265,inf
decoy300,4MGC,27M_redock_4MGC,0.6104,4.4083,inf
decoy300,1G50,EST_redock_1G50,0.5719,4.1089,inf
decoy300,3UU7,2OH_redock_3UU7,0.5593,4.0974,inf
decoy300,4MG8,27J_redock_4MG8,0.5550,3.9687,inf
decoy300,6CBZ,EST_redock_6CBZ,0.5401,3.8548,inf
decoy300,1GWR,EST_redock_1GWR,0.5061,3.5854,inf
decoy300,1ERE,EST_redock_1ERE,0.4937,3.5560,inf
decoy300,3UUD,EST_redock_3UUD,0.4579,3.2907,inf
decoy300,4MG9,27K_redock_4MG9,0.4507,3.3941,inf
decoy301,1G50,EST_redock_1G50,0.5984,4.5354,inf
decoy301,1ERE,EST_redock_1ERE,0.5427,4.0350,inf
decoy301,4TUZ,36J_redock_4TUZ,0.5185,3.9011,inf
decoy301,4MGC,27M_redock_4MGC,0.5145,3.9628,inf
decoy301,4ZN7,DES_redock_4ZN7,0.5114,3.6959,inf
decoy301,6CBZ,EST_redock_6CBZ,0.4931,3.6726,inf
decoy301,1GWR,EST_redock_1GWR,0.4696,3.4700,inf
decoy301,4MG8,27J_redock_4MG8,0.4260,3.0748,inf
decoy301,3UU7,2OH_redock_3UU7,0.3956,3.0255,inf
decoy301,3UUD,EST_redock_3UUD,0.3940,2.8706,inf
decoy301,4MG9,27K_redock_4MG9,0.3463,2.6053,inf
decoy301,4MGA,27L_redock_4MGA,0.2459,1.8203,inf
decoy301,3ERD,DES_redock_3ERD,0.2411,1.7923,inf
decoy302,3ERD,DES_redock_3ERD,0.8300,5.4068,inf
decoy302,3UUD,EST_redock_3UUD,0.6807,4.5112,inf
decoy302,4ZN7,DES_redock_4ZN7,0.6783,4.2911,inf
decoy302,1ERE,EST_redock_1ERE,0.6378,3.9203,inf
decoy302,4MG8,27J_redock_4MG8,0.5975,3.8078,inf
decoy302,3UU7,2OH_redock_3UU7,0.5944,3.8620,inf
decoy302,6CBZ,EST_redock_6CBZ,0.5838,3.6412,inf
decoy302,4MG9,27K_redock_4MG9,0.5631,3.5679,inf
decoy302,4MGC,27M_redock_4MGC,0.5569,3.5997,inf
decoy302,1GWR,EST_redock_1GWR,0.5287,3.3243,inf
decoy302,4MGA,27L_redock_4MGA,0.5174,3.1605,inf
decoy302,4TUZ,36J_redock_4TUZ,0.4931,3.0215,inf
decoy302,1G50,EST_redock_1G50,0.4377,2.7268,inf
decoy303,4MGA,27L_redock_4MGA,0.5763,3.7668,inf
decoy303,4MGC,27M_redock_4MGC,0.5295,3.6499,inf
decoy303,3ERD,DES_redock_3ERD,0.5283,3.6278,inf
decoy303,4ZN7,DES_redock_4ZN7,0.4797,2.8994,inf
decoy303,4MG8,27J_redock_4MG8,0.4632,3.3115,inf
decoy303,1G50,EST_redock_1G50,0.4384,2.8635,inf
decoy303,3UU7,2OH_redock_3UU7,0.4340,2.8743,inf
decoy303,3UUD,EST_redock_3UUD,0.4321,2.9801,inf
decoy303,1ERE,EST_redock_1ERE,0.4167,2.9377,inf
decoy303,1GWR,EST_redock_1GWR,0.3854,2.3915,inf
decoy303,6CBZ,EST_redock_6CBZ,0.3461,2.3676,inf
decoy303,4TUZ,36J_redock_4TUZ,0.3395,2.3737,inf
decoy303,4MG9,27K_redock_4MG9,0.2996,2.1019,inf
decoy304,4MGC,27M_redock_4MGC,0.8890,6.1507,inf
decoy304,3UUD,EST_redock_3UUD,0.8203,5.7446,inf
decoy304,4MG8,27J_redock_4MG8,0.7807,5.5065,inf
decoy304,6CBZ,EST_redock_6CBZ,0.7472,5.1704,inf
decoy304,4TUZ,36J_redock_4TUZ,0.7425,5.0086,inf
decoy304,4MG9,27K_redock_4MG9,0.6830,4.6883,inf
decoy304,1GWR,EST_redock_1GWR,0.6785,4.6654,inf
decoy304,4ZN7,DES_redock_4ZN7,0.6409,4.2756,inf
decoy304,1ERE,EST_redock_1ERE,0.6229,4.2325,inf
decoy304,3UU7,2OH_redock_3UU7,0.5830,3.8569,inf
decoy304,3ERD,DES_redock_3ERD,0.5398,3.5097,inf
decoy304,1G50,EST_redock_1G50,0.5075,3.2690,inf
decoy304,4MGA,27L_redock_4MGA,0.4479,2.9529,inf
decoy305,1GWR,EST_redock_1GWR,0.8513,6.4640,inf
decoy305,3UUD,EST_redock_3UUD,0.7947,6.0859,inf
decoy305,6CBZ,EST_redock_6CBZ,0.7800,5.9209,inf
decoy305,1ERE,EST_redock_1ERE,0.7471,5.7220,inf
decoy305,4MG9,27K_redock_4MG9,0.7274,5.5597,inf
decoy305,4TUZ,36J_redock_4TUZ,0.7011,5.3604,inf
decoy305,4MG8,27J_redock_4MG8,0.6994,5.2586,inf
decoy305,4MGC,27M_redock_4MGC,0.6604,4.8636,inf
decoy305,3ERD,DES_redock_3ERD,0.6562,4.8818,inf
decoy305,4ZN7,DES_redock_4ZN7,0.6419,4.8049,inf
decoy305,4MGA,27L_redock_4MGA,0.6344,4.7602,inf
decoy305,3UU7,2OH_redock_3UU7,0.6205,4.6498,inf
decoy305,1G50,EST_redock_1G50,0.6088,4.4293,inf
decoy306,3UU7,2OH_redock_3UU7,0.7088,5.3230,inf
decoy306,6CBZ,EST_redock_6CBZ,0.6049,4.4658,inf
decoy306,1ERE,EST_redock_1ERE,0.6043,4.4034,inf
decoy306,1GWR,EST_redock_1GWR,0.5264,3.9411,inf
decoy306,4MGC,27M_redock_4MGC,0.4754,3.5396,inf
decoy306,4TUZ,36J_redock_4TUZ,0.4687,3.4244,inf
decoy306,3ERD,DES_redock_3ERD,0.4518,3.3592,inf
decoy306,3UUD,EST_redock_3UUD,0.4085,2.9825,inf
decoy306,4ZN7,DES_redock_4ZN7,0.4078,2.8552,inf
decoy306,1G50,EST_redock_1G50,0.4055,2.7075,inf
decoy306,4MG8,27J_redock_4MG8,0.3372,2.0487,inf
decoy306,4MG9,27K_redock_4MG9,0.3299,2.3073,inf
decoy306,4MGA,27L_redock_4MGA,0.2370,1.6379,inf
decoy307,3UU7,2OH_redock_3UU7,0.7955,6.0440,inf
decoy307,1GWR,EST_redock_1GWR,0.7070,5.5051,inf
decoy307,4MG9,27K_redock_4MG9,0.5605,4.2728,inf
decoy307,4MGC,27M_redock_4MGC,0.5516,3.9916,inf
decoy307,4ZN7,DES_redock_4ZN7,0.5508,4.1095,inf
decoy307,1ERE,EST_redock_1ERE,0.5328,4.2476,inf
decoy307,4MG8,27J_redock_4MG8,0.5320,3.9363,inf
decoy307,3ERD,DES_redock_3ERD,0.5238,3.7706,inf
decoy307,4TUZ,36J_redock_4TUZ,0.5119,3.9111,inf
decoy307,3UUD,EST_redock_3UUD,0.4998,3.5968,inf
decoy307,6CBZ,EST_redock_6CBZ,0.4952,3.7631,inf
decoy307,4MGA,27L_redock_4MGA,0.4213,3.0816,inf
decoy307,1G50,EST_redock_1G50,0.3287,2.3762,inf
decoy308,4MG8,27J_redock_4MG8,0.8269,5.9017,inf
decoy308,1GWR,EST_redock_1GWR,0.7221,4.9615,inf
decoy308,4MGC,27M_redock_4MGC,0.6882,4.7612,inf
decoy308,4TUZ,36J_redock_4TUZ,0.6564,4.6812,inf
decoy308,4MGA,27L_redock_4MGA,0.6214,4.4534,inf
decoy308,4ZN7,DES_redock_4ZN7,0.6158,4.3158,inf
decoy308,4MG9,27K_redock_4MG9,0.5953,4.1204,inf
decoy308,3ERD,DES_redock_3ERD,0.5914,4.0721,inf
decoy308,6CBZ,EST_redock_6CBZ,0.5647,3.8714,inf
decoy308,1ERE,EST_redock_1ERE,0.5580,3.9428,inf
decoy308,3UU7,2OH_redock_3UU7,0.5555,3.7513,inf
decoy308,3UUD,EST_redock_3UUD,0.5466,3.7068,inf
decoy308,1G50,EST_redock_1G50,0.5284,3.6367,inf
decoy309,4TUZ,36J_redock_4TUZ,0.9390,6.7959,inf
decoy309,6CBZ,EST_redock_6CBZ,0.9262,6.2469,inf
decoy309,4MG9,27K_redock_4MG9,0.9130,6.3331,inf
decoy309,3UU7,2OH_redock_3UU7,0.9100,6.3729,inf
decoy309,4MGC,27M_redock_4MGC,0.8904,5.9846,inf
decoy309,1GWR,EST_redock_1GWR,0.8702,5.8868,inf
decoy309,4MGA,27L_redock_4MGA,0.8210,5.5806,inf
decoy309,4MG8,27J_redock_4MG8,0.8066,5.3639,inf
decoy309,3UUD,EST_redock_3UUD,0.8025,5.5127,inf
decoy309,1G50,EST_redock_1G50,0.7962,5.2582,inf
decoy309,1ERE,EST_redock_1ERE,0.7910,5.4068,inf
decoy309,4ZN7,DES_redock_4ZN7,0.7484,4.9871,inf
decoy309,3ERD,DES_redock_3ERD,0.7269,4.9160,inf
decoy31,4MG9,27K_redock_4MG9,0.7089,4.6917,inf
decoy31,1GWR,EST_redock_1GWR,0.6460,4.2310,inf
decoy31,4ZN7,DES_redock_4ZN7,0.6091,3.9416,inf
decoy31,6CBZ,EST_redock_6CBZ,0.5854,3.8294,inf
decoy31,3UUD,EST_redock_3UUD,0.5778,3.8604,inf
decoy31,4TUZ,36J_redock_4TUZ,0.5778,4.0159,inf
decoy31,3ERD,DES_redock_3ERD,0.5680,3.6235,inf
decoy31,4MG8,27J_redock_4MG8,0.5605,3.6529,inf
decoy31,3UU7,2OH_redock_3UU7,0.5244,3.3494,inf
decoy31,1G50,EST_redock_1G50,0.4956,3.3386,inf
decoy31,4MGC,27M_redock_4MGC,0.4939,2.8167,inf
decoy31,1ERE,EST_redock_1ERE,0.4414,3.0430,inf
decoy31,4MGA,27L_redock_4MGA,0.4017,2.6277,inf
decoy310,4MGC,27M_redock_4MGC,0.5297,3.7417,inf
decoy310,3ERD,DES_redock_3ERD,0.4351,3.0748,inf
decoy310,4MGA,27L_redock_4MGA,0.4226,3.0171,inf
decoy310,1G50,EST_redock_1G50,0.3971,2.7346,inf
decoy310,3UUD,EST_redock_3UUD,0.3602,2.5663,inf
decoy310,1GWR,EST_redock_1GWR,0.3458,2.2831,inf
decoy310,4MG8,27J_redock_4MG8,0.3221,2.2720,inf
decoy310,3UU7,2OH_redock_3UU7,0.3039,2.2141,inf
decoy310,6CBZ,EST_redock_6CBZ,0.2733,1.8445,inf
decoy310,4ZN7,DES_redock_4ZN7,0.2617,1.7140,inf
decoy310,4TUZ,36J_redock_4TUZ,0.2153,1.4865,inf
decoy310,1ERE,EST_redock_1ERE,0.1997,1.3194,inf
decoy310,4MG9,27K_redock_4MG9,0.1914,1.2740,inf
decoy311,4MG8,27J_redock_4MG8,0.8642,6.4934,inf
decoy311,4TUZ,36J_redock_4TUZ,0.6735,4.8947,inf
decoy311,3ERD,DES_redock_3ERD,0.6404,4.5107,inf
decoy311,4MGC,27M_redock_4MGC,0.6395,4.6936,inf
decoy311,6CBZ,EST_redock_6CBZ,0.6368,4.5928,inf
decoy311,3UU7,2OH_redock_3UU7,0.6144,4.2994,inf
decoy311,4MG9,27K_redock_4MG9,0.6138,4.3760,inf
decoy311,1GWR,EST_redock_1GWR,0.6132,4.3843,inf
decoy311,4MGA,27L_redock_4MGA,0.5943,4.3158,inf
decoy311,3UUD,EST_redock_3UUD,0.5694,3.9588,inf
decoy311,1ERE,EST_redock_1ERE,0.5096,3.6283,inf
decoy311,4ZN7,DES_redock_4ZN7,0.5066,3.7178,inf
decoy311,1G50,EST_redock_1G50,0.4990,3.7600,inf
decoy312,4ZN7,DES_redock_4ZN7,0.9565,7.9036,inf
decoy312,3ERD,DES_redock_3ERD,0.9420,7.8645,inf
decoy312,1G50,EST_redock_1G50,0.9040,7.4653,inf
decoy312,3UUD,EST_redock_3UUD,0.9034,7.5160,inf
decoy312,6CBZ,EST_redock_6CBZ,0.9028,7.2059,inf
decoy312,1GWR,EST_redock_1GWR,0.8930,7.0668,inf
decoy312,4MGA,27L_redock_4MGA,0.8886,7.3178,inf
decoy312,4TUZ,36J_redock_4TUZ,0.8861,7.0852,inf
decoy312,3UU7,2OH_redock_3UU7,0.8699,7.1107,inf
decoy312,1ERE,EST_redock_1ERE,0.8473,6.8914,inf
decoy312,4MGC,27M_redock_4MGC,0.8259,6.7370,inf
decoy312,4MG8,27J_redock_4MG8,0.7780,6.3738,inf
decoy312,4MG9,27K_redock_4MG9,0.6993,5.6064,inf
decoy313,1GWR,EST_redock_1GWR,0.7829,6.0349,inf
decoy313,4TUZ,36J_redock_4TUZ,0.7807,6.1946,inf
decoy313,6CBZ,EST_redock_6CBZ,0.6996,5.4077,inf
decoy313,4MG8,27J_redock_4MG8,0.6749,5.3319,inf
decoy313,3UUD,EST_redock_3UUD,0.6231,4.8379,inf
decoy313,1G50,EST_redock_1G50,0.5942,4.4701,inf
decoy313,4MG9,27K_redock_4MG9,0.5678,4.4054,inf
decoy313,4ZN7,DES_redock_4ZN7,0.4872,3.7226,inf
decoy313,1ERE,EST_redock_1ERE,0.4614,3.5173,inf
decoy313,3UU7,2OH_redock_3UU7,0.4365,3.3560,inf
decoy313,4MGA,27L_redock_4MGA,0.4240,3.2271,inf
decoy313,4MGC,27M_redock_4MGC,0.4133,3.1240,inf
decoy313,3ERD,DES_redock_3ERD,0.3913,2.9552,inf
decoy314,3UUD,EST_redock_3UUD,0.7517,5.0646,inf
decoy314,1GWR,EST_redock_1GWR,0.7367,5.0997,inf
decoy314,4MG8,27J_redock_4MG8,0.7272,4.9802,inf
decoy314,4TUZ,36J_redock_4TUZ,0.7264,5.0343,inf
decoy314,4MG9,27K_redock_4MG9,0.7093,4.9701,inf
decoy314,4MGC,27M_redock_4MGC,0.6787,4.6049,inf
decoy314,3UU7,2OH_redock_3UU7,0.6632,4.6060,inf
decoy314,6CBZ,EST_redock_6CBZ,0.6588,4.5612,inf
decoy314,1G50,EST_redock_1G50,0.6153,4.1021,inf
decoy314,1ERE,EST_redock_1ERE,0.5627,3.7291,inf
decoy314,4ZN7,DES_redock_4ZN7,0.4737,3.1336,inf
decoy314,3ERD,DES_redock_3ERD,0.3656,2.2889,inf
decoy314,4MGA,27L_redock_4MGA,0.2666,1.6071,inf
decoy315,1GWR,EST_redock_1GWR,0.6107,4.2494,inf
decoy315,4MG9,27K_redock_4MG9,0.5357,3.8023,inf
decoy315,6CBZ,EST_redock_6CBZ,0.5251,3.6508,inf
decoy315,3ERD,DES_redock_3ERD,0.5091,3.6834,inf
decoy315,4TUZ,36J_redock_4TUZ,0.4869,3.3895,inf
decoy315,4MGC,27M_redock_4MGC,0.4792,3.4539,inf
decoy315,4MGA,27L_redock_4MGA,0.4720,3.3615,inf
decoy315,1G50,EST_redock_1G50,0.4683,3.2430,inf
decoy315,3UU7,2OH_redock_3UU7,0.4613,3.1617,inf
decoy315,3UUD,EST_redock_3UUD,0.4491,2.9748,inf
decoy315,4MG8,27J_redock_4MG8,0.3985,2.7930,inf
decoy315,4ZN7,DES_redock_4ZN7,0.3742,2.6506,inf
decoy315,1ERE,EST_redock_1ERE,0.3552,2.5000,inf
decoy316,3UU7,2OH_redock_3UU7,0.6207,4.8124,inf
decoy316,1GWR,EST_redock_1GWR,0.5443,4.1878,inf
decoy316,4ZN7,DES_redock_4ZN7,0.5181,4.0706,inf
decoy316,3UUD,EST_redock_3UUD,0.5164,3.9536,inf
decoy316,1G50,EST_redock_1G50,0.4973,3.6313,inf
decoy316,4MG8,27J_redock_4MG8,0.4720,3.6072,inf
decoy316,4MGC,27M_redock_4MGC,0.4549,3.3648,inf
decoy316,4TUZ,36J_redock_4TUZ,0.4492,3.4488,inf
decoy316,1ERE,EST_redock_1ERE,0.4491,3.3906,inf
decoy316,6CBZ,EST_redock_6CBZ,0.4434,3.1454,inf
decoy316,3ERD,DES_redock_3ERD,0.4213,2.4854,inf
decoy316,4MG9,27K_redock_4MG9,0.3743,2.8931,inf
decoy316,4MGA,27L_redock_4MGA,0.3503,2.6718,inf
decoy317,4MGC,27M_redock_4MGC,0.8399,5.9421,inf
decoy317,4MG8,27J_redock_4MG8,0.8336,5.7812,inf
decoy317,3UU7,2OH_redock_3UU7,0.8304,5.9041,inf
decoy317,3UUD,EST_redock_3UUD,0.8303,5.9476,inf
decoy317,4TUZ,36J_redock_4TUZ,0.7537,5.3773,inf
decoy317,1GWR,EST_redock_1GWR,0.7369,5.3185,inf
decoy317,1G50,EST_redock_1G50,0.6957,4.7909,inf
decoy317,4MG9,27K_redock_4MG9,0.6910,4.7805,inf
decoy317,1ERE,EST_redock_1ERE,0.6206,4.3737,inf
decoy317,4MGA,27L_redock_4MGA,0.6055,4.0840,inf
decoy317,6CBZ,EST_redock_6CBZ,0.5887,4.0912,inf
decoy317,4ZN7,DES_redock_4ZN7,0.5754,4.0025,inf
decoy317,3ERD,DES_redock_3ERD,0.5218,3.6306,inf
decoy318,1GWR,EST_redock_1GWR,0.7122,5.4390,inf
decoy318,4ZN7,DES_redock_4ZN7,0.7076,5.1784,inf
decoy318,4MGA,27L_redock_4MGA,0.6768,4.7196,inf
decoy318,4MGC,27M_redock_4MGC,0.6677,4.8839,inf
decoy318,3ERD,DES_redock_3ERD,0.6485,4.3074,inf
decoy318,3UUD,EST_redock_3UUD,0.6442,4.9536,inf
decoy318,4MG9,27K_redock_4MG9,0.6267,4.4473,inf
decoy318,1ERE,EST_redock_1ERE,0.6243,4.7765,inf
decoy318,3UU7,2OH_redock_3UU7,0.6164,4.4604,inf
decoy318,4MG8,27J_redock_4MG8,0.6121,4.5361,inf
decoy318,4TUZ,36J_redock_4TUZ,0.5999,4.5606,inf
decoy318,1G50,EST_redock_1G50,0.5809,4.0153,inf
decoy318,6CBZ,EST_redock_6CBZ,0.5572,4.2044,inf
decoy319,3UU7,2OH_redock_3UU7,0.8674,6.3464,inf
decoy319,4MG9,27K_redock_4MG9,0.8325,5.9546,inf
decoy319,4MG8,27J_redock_4MG8,0.7133,5.0973,inf
decoy319,1GWR,EST_redock_1GWR,0.7081,4.8797,inf
decoy319,4MGC,27M_redock_4MGC,0.6682,4.6697,inf
decoy319,4TUZ,36J_redock_4TUZ,0.6665,4.7577,inf
decoy319,3ERD,DES_redock_3ERD,0.6213,4.5936,inf
decoy319,1ERE,EST_redock_1ERE,0.6079,4.1504,inf
decoy319,1G50,EST_redock_1G50,0.5527,3.8948,inf
decoy319,6CBZ,EST_redock_6CBZ,0.5389,3.8685,inf
decoy319,4ZN7,DES_redock_4ZN7,0.4628,3.2669,inf
decoy319,3UUD,EST_redock_3UUD,0.4614,3.1568,inf
decoy319,4MGA,27L_redock_4MGA,0.4609,2.9738,inf
decoy32,6CBZ,EST_redock_6CBZ,0.7654,5.5179,inf
decoy32,4TUZ,36J_redock_4TUZ,0.7545,5.4972,inf
decoy32,1GWR,EST_redock_1GWR,0.7517,5.3709,inf
decoy32,4MGA,27L_redock_4MGA,0.6763,5.0989,inf
decoy32,4MGC,27M_redock_4MGC,0.6504,4.6437,inf
decoy32,4MG8,27J_redock_4MG8,0.6470,4.6978,inf
decoy32,4ZN7,DES_redock_4ZN7,0.6398,4.5558,inf
decoy32,1ERE,EST_redock_1ERE,0.6394,4.7587,inf
decoy32,3UU7,2OH_redock_3UU7,0.6126,4.2523,inf
decoy32,1G50,EST_redock_1G50,0.6067,4.5245,inf
decoy32,3ERD,DES_redock_3ERD,0.5908,4.2247,inf
decoy32,3UUD,EST_redock_3UUD,0.5592,4.0172,inf
decoy32,4MG9,27K_redock_4MG9,0.5225,3.6588,inf
decoy320,3ERD,DES_redock_3ERD,0.7321,5.7383,inf
decoy320,4MGA,27L_redock_4MGA,0.6917,5.3168,inf
decoy320,4ZN7,DES_redock_4ZN7,0.6437,4.9420,inf
decoy320,4MG9,27K_redock_4MG9,0.6363,4.8959,inf
decoy320,3UU7,2OH_redock_3UU7,0.6216,4.4664,inf
decoy320,1GWR,EST_redock_1GWR,0.6198,4.6082,inf
decoy320,4MG8,27J_redock_4MG8,0.6026,4.4508,inf
decoy320,1ERE,EST_redock_1ERE,0.5930,4.4666,inf
decoy320,6CBZ,EST_redock_6CBZ,0.5860,4.2890,inf
decoy320,4MGC,27M_redock_4MGC,0.5788,4.3453,inf
decoy320,1G50,EST_redock_1G50,0.5722,4.0594,inf
decoy320,3UUD,EST_redock_3UUD,0.5583,4.0986,inf
decoy320,4TUZ,36J_redock_4TUZ,0.4982,3.6237,inf
decoy321,4MGC,27M_redock_4MGC,0.5936,3.9595,inf
decoy321,4MG8,27J_redock_4MG8,0.5174,3.6214,inf
decoy321,3UUD,EST_redock_3UUD,0.3801,2.6407,inf
decoy321,4ZN7,DES_redock_4ZN7,0.3409,2.1933,inf
decoy321,1ERE,EST_redock_1ERE,0.3250,2.2393,inf
decoy321,6CBZ,EST_redock_6CBZ,0.3212,2.3402,inf
decoy321,1GWR,EST_redock_1GWR,0.2887,2.0567,inf
decoy321,3ERD,DES_redock_3ERD,0.2538,1.8389,inf
decoy321,1G50,EST_redock_1G50,0.2488,1.5645,inf
decoy321,4MG9,27K_redock_4MG9,0.2385,1.5463,inf
decoy321,4MGA,27L_redock_4MGA,0.2347,1.4132,inf
decoy321,4TUZ,36J_redock_4TUZ,0.2016,1.4844,inf
decoy321,3UU7,2OH_redock_3UU7,0.1782,1.2870,inf
decoy322,4MG8,27J_redock_4MG8,0.8769,6.5606,inf
decoy322,4MGC,27M_redock_4MGC,0.8023,5.7697,inf
decoy322,4TUZ,36J_redock_4TUZ,0.7663,5.6449,inf
decoy322,1GWR,EST_redock_1GWR,0.7363,5.2650,inf
decoy322,6CBZ,EST_redock_6CBZ,0.7053,5.1600,inf
decoy322,1ERE,EST_redock_1ERE,0.6942,4.9488,inf
decoy322,3UUD,EST_redock_3UUD,0.5993,4.2235,inf
decoy322,1G50,EST_redock_1G50,0.5554,3.5267,inf
decoy322,4ZN7,DES_redock_4ZN7,0.5236,3.6349,inf
decoy322,4MG9,27K_redock_4MG9,0.4511,3.2381,inf
decoy322,3UU7,2OH_redock_3UU7,0.4260,2.9225,inf
decoy322,3ERD,DES_redock_3ERD,0.4220,2.8145,inf
decoy322,4MGA,27L_redock_4MGA,0.4056,2.7240,inf
decoy323,3ERD,DES_redock_3ERD,0.5345,3.0637,inf
decoy323,1G50,EST_redock_1G50,0.4206,2.5407,inf
decoy323,4MGC,27M_redock_4MGC,0.4148,2.6310,inf
decoy323,4MG8,27J_redock_4MG8,0.4131,3.0310,inf
decoy323,4TUZ,36J_redock_4TUZ,0.3903,2.7008,inf
decoy323,1GWR,EST_redock_1GWR,0.3656,2.2216,inf
decoy323,6CBZ,EST_redock_6CBZ,0.3536,2.5088,inf
decoy323,4MGA,27L_redock_4MGA,0.3530,2.0954,inf
decoy323,1ERE,EST_redock_1ERE,0.3363,2.4008,inf
decoy323,4MG9,27K_redock_4MG9,0.3206,2.0558,inf
decoy323,4ZN7,DES_redock_4ZN7,0.3071,1.8942,inf
decoy323,3UUD,EST_redock_3UUD,0.2801,1.9830,inf
decoy323,3UU7,2OH_redock_3UU7,0.2755,1.6840,inf
decoy324,4MGC,27M_redock_4MGC,0.5178,3.5390,inf
decoy324,4MGA,27L_redock_4MGA,0.5099,3.4574,inf
decoy324,4MG9,27K_redock_4MG9,0.4125,2.7899,inf
decoy324,1G50,EST_redock_1G50,0.4043,2.4491,inf
decoy324,3UU7,2OH_redock_3UU7,0.3661,2.3388,inf
decoy324,1GWR,EST_redock_1GWR,0.3276,2.2737,inf
decoy324,4TUZ,36J_redock_4TUZ,0.3264,2.1645,inf
decoy324,4MG8,27J_redock_4MG8,0.3021,1.8873,inf
decoy324,3ERD,DES_redock_3ERD,0.3010,1.7560,inf
decoy324,1ERE,EST_redock_1ERE,0.2937,1.9403,inf
decoy324,3UUD,EST_redock_3UUD,0.2134,1.3364,inf
decoy324,6CBZ,EST_redock_6CBZ,0.1919,1.2715,inf
decoy324,4ZN7,DES_redock_4ZN7,0.1796,1.2097,inf
decoy325,4MGA,27L_redock_4MGA,0.7270,5.6532,inf
decoy325,3UU7,2OH_redock_3UU7,0.7240,5.7532,inf
decoy325,4ZN7,DES_redock_4ZN7,0.5883,4.5562,inf
decoy325,3ERD,DES_redock_3ERD,0.5708,4.4333,inf
decoy325,4MGC,27M_redock_4MGC,0.5131,3.7236,inf
decoy325,4MG8,27J_redock_4MG8,0.4859,3.5737,inf
decoy325,1GWR,EST_redock_1GWR,0.4693,3.4990,inf
decoy325,1G50,EST_redock_1G50,0.4549,3.4161,inf
decoy325,4TUZ,36J_redock_4TUZ,0.4336,2.8950,inf
decoy325,3UUD,EST_redock_3UUD,0.3995,3.0194,inf
decoy325,1ERE,EST_redock_1ERE,0.3381,2.5329,inf
decoy325,4MG9,27K_redock_4MG9,0.2896,2.1702,inf
decoy325,6CBZ,EST_redock_6CBZ,0.2201,1.5171,inf
decoy326,1GWR,EST_redock_1GWR,0.7457,6.1577,inf
decoy326,1G50,EST_redock_1G50,0.6280,4.8296,inf
decoy326,3UU7,2OH_redock_3UU7,0.6183,4.8531,inf
decoy326,4ZN7,DES_redock_4ZN7,0.5442,4.1099,inf
decoy326,3ERD,DES_redock_3ERD,0.5222,3.8450,inf
decoy326,4TUZ,36J_redock_4TUZ,0.5220,3.8454,inf
decoy326,1ERE,EST_redock_1ERE,0.5143,4.0371,inf
decoy326,3UUD,EST_redock_3UUD,0.4792,3.5239,inf
decoy326,6CBZ,EST_redock_6CBZ,0.4756,3.6561,inf
decoy326,4MGA,27L_redock_4MGA,0.4285,3.2504,inf
decoy326,4MG8,27J_redock_4MG8,0.3709,2.8170,inf
decoy326,4MGC,27M_redock_4MGC,0.3183,2.3225,inf
decoy326,4MG9,27K_redock_4MG9,0.3180,2.4004,inf
decoy327,4MGC,27M_redock_4MGC,0.6975,5.1234,inf
decoy327,4MG8,27J_redock_4MG8,0.4899,3.6512,inf
decoy327,4ZN7,DES_redock_4ZN7,0.4587,2.9468,inf
decoy327,1ERE,EST_redock_1ERE,0.4548,3.1405,inf
decoy327,4TUZ,36J_redock_4TUZ,0.4515,3.2130,inf
decoy327,3UU7,2OH_redock_3UU7,0.3984,2.7434,inf
decoy327,6CBZ,EST_redock_6CBZ,0.3611,2.5058,inf
decoy327,1G50,EST_redock_1G50,0.3557,2.3769,inf
decoy327,4MG9,27K_redock_4MG9,0.3466,2.5088,inf
decoy327,1GWR,EST_redock_1GWR,0.3465,2.3844,inf
decoy327,4MGA,27L_redock_4MGA,0.3209,1.9948,inf
decoy327,3UUD,EST_redock_3UUD,0.2793,1.9501,inf
decoy327,3ERD,DES_redock_3ERD,0.2580,1.8243,inf
decoy328,4MG9,27K_redock_4MG9,0.7009,4.9707,inf
decoy328,1GWR,EST_redock_1GWR,0.6934,5.3795,inf
decoy328,4ZN7,DES_redock_4ZN7,0.5993,4.6732,inf
decoy328,3UU7,2OH_redock_3UU7,0.5648,4.2075,inf
decoy328,6CBZ,EST_redock_6CBZ,0.5608,4.0985,inf
decoy328,4MGA,27L_redock_4MGA,0.5470,4.0962,inf
decoy328,3UUD,EST_redock_3UUD,0.5049,3.6890,inf
decoy328,1ERE,EST_redock_1ERE,0.4878,3.5850,inf
decoy328,3ERD,DES_redock_3ERD,0.4650,3.4696,inf
decoy328,4MGC,27M_redock_4MGC,0.4554,3.0914,inf
decoy328,1G50,EST_redock_1G50,0.4340,3.2380,inf
decoy328,4TUZ,36J_redock_4TUZ,0.3749,2.6747,inf
decoy328,4MG8,27J_redock_4MG8,0.2330,1.5756,inf
decoy329,1GWR,EST_redock_1GWR,0.8327,6.7469,inf
decoy329,6CBZ,EST_redock_6CBZ,0.8126,6.5524,inf
decoy329,4MG9,27K_redock_4MG9,0.7492,5.9897,inf
decoy329,3UU7,2OH_redock_3UU7,0.7248,5.7092,inf
decoy329,4ZN7,DES_redock_4ZN7,0.7024,5.6249,inf
decoy329,4TUZ,36J_redock_4TUZ,0.6845,5.4585,inf
decoy329,3ERD,DES_redock_3ERD,0.6809,5.2856,inf
decoy329,1G50,EST_redock_1G50,0.6553,5.2193,inf
decoy329,1ERE,EST_redock_1ERE,0.6436,5.1119,inf
decoy329,4MGC,27M_redock_4MGC,0.6251,4.8500,inf
decoy329,3UUD,EST_redock_3UUD,0.6228,4.9373,inf
decoy329,4MGA,27L_redock_4MGA,0.6091,4.7265,inf
decoy329,4MG8,27J_redock_4MG8,0.5759,4.5630,inf
decoy33,4MGC,27M_redock_4MGC,0.7217,5.0449,inf
decoy33,6CBZ,EST_redock_6CBZ,0.6955,5.2132,inf
decoy33,4ZN7,DES_redock_4ZN7,0.6898,4.8391,inf
decoy33,3ERD,DES_redock_3ERD,0.6834,4.8934,inf
decoy33,1GWR,EST_redock_1GWR,0.6598,4.7016,inf
decoy33,4MG8,27J_redock_4MG8,0.6155,4.3560,inf
decoy33,3UUD,EST_redock_3UUD,0.5599,3.9561,inf
decoy33,1G50,EST_redock_1G50,0.5518,3.9913,inf
decoy33,4TUZ,36J_redock_4TUZ,0.5446,3.8462,inf
decoy33,1ERE,EST_redock_1ERE,0.4650,3.2864,inf
decoy33,3UU7,2OH_redock_3UU7,0.4482,3.1329,inf
decoy33,4MGA,27L_redock_4MGA,0.4427,3.0974,inf
decoy33,4MG9,27K_redock_4MG9,0.3585,2.2726,inf
decoy330,4MGC,27M_redock_4MGC,0.8818,6.6413,inf
decoy330,4ZN7,DES_redock_4ZN7,0.8713,6.6652,inf
decoy330,4MG8,27J_redock_4MG8,0.8682,6.6073,inf
decoy330,1G50,EST_redock_1G50,0.8476,6.5238,inf
decoy330,4MGA,27L_redock_4MGA,0.8216,6.2638,inf
decoy330,6CBZ,EST_redock_6CBZ,0.8115,6.2763,inf
decoy330,3UUD,EST_redock_3UUD,0.8028,6.2076,inf
decoy330,1GWR,EST_redock_1GWR,0.7998,6.0132,inf
decoy330,3ERD,DES_redock_3ERD,0.7806,5.8473,inf
decoy330,1ERE,EST_redock_1ERE,0.7782,6.0179,inf
decoy330,4TUZ,36J_redock_4TUZ,0.7558,5.6288,inf
decoy330,3UU7,2OH_redock_3UU7,0.7301,5.6482,inf
decoy330,4MG9,27K_redock_4MG9,0.6251,4.5184,inf
decoy331,1GWR,EST_redock_1GWR,0.9447,7.8978,inf
decoy331,6CBZ,EST_redock_6CBZ,0.8973,7.4011,inf
decoy331,3UUD,EST_redock_3UUD,0.8922,7.3467,inf
decoy331,3UU7,2OH_redock_3UU7,0.8896,7.2999,inf
decoy331,4TUZ,36J_redock_4TUZ,0.8636,7.2096,inf
decoy331,4MG9,27K_redock_4MG9,0.8578,6.9954,inf
decoy331,1ERE,EST_redock_1ERE,0.8566,7.0808,inf
decoy331,3ERD,DES_redock_3ERD,0.8486,6.9001,inf
decoy331,4MGA,27L_redock_4MGA,0.8363,6.8531,inf
decoy331,1G50,EST_redock_1G50,0.8287,6.7334,inf
decoy331,4ZN7,DES_redock_4ZN7,0.8232,6.8560,inf
decoy331,4MG8,27J_redock_4MG8,0.7646,6.2355,inf
decoy331,4MGC,27M_redock_4MGC,0.7078,5.5647,inf
decoy332,3ERD,DES_redock_3ERD,0.6609,4.9929,inf
decoy332,3UUD,EST_redock_3UUD,0.6577,4.9152,inf
decoy332,4ZN7,DES_redock_4ZN7,0.6166,4.5241,inf
decoy332,4MGC,27M_redock_4MGC,0.5544,4.0606,inf
decoy332,6CBZ,EST_redock_6CBZ,0.5306,3.9161,inf
decoy332,1GWR,EST_redock_1GWR,0.5300,3.7737,inf
decoy332,1ERE,EST_redock_1ERE,0.5160,3.8582,inf
decoy332,4TUZ,36J_redock_4TUZ,0.4960,3.5806,inf
decoy332,1G50,EST_redock_1G50,0.4960,3.6250,inf
decoy332,4MG8,27J_redock_4MG8,0.4752,3.4461,inf
decoy332,4MG9,27K_redock_4MG9,0.4547,3.1641,inf
decoy332,4MGA,27L_redock_4MGA,0.4313,3.1094,inf
decoy332,3UU7,2OH_redock_3UU7,0.4282,2.8762,inf
decoy333,1GWR,EST_redock_1GWR,0.6264,4.1814,inf
decoy333,4MG9,27K_redock_4MG9,0.5974,4.0225,inf
decoy333,1ERE,EST_redock_1ERE,0.5715,3.7591,inf
decoy333,4TUZ,36J_redock_4TUZ,0.4868,3.2966,inf
decoy333,4MG8,27J_redock_4MG8,0.4562,3.0512,inf
decoy333,6CBZ,EST_redock_6CBZ,0.4440,2.9568,inf
decoy333,3UUD,EST_redock_3UUD,0.4369,2.9468,inf
decoy333,4MGC,27M_redock_4MGC,0.4266,2.7375,inf
decoy333,4MGA,27L_redock_4MGA,0.3775,2.4111,inf
decoy333,1G50,EST_redock_1G50,0.3688,2.2477,inf
decoy333,4ZN7,DES_redock_4ZN7,0.3608,2.3788,inf
decoy333,3UU7,2OH_redock_3UU7,0.3338,2.1339,inf
decoy333,3ERD,DES_redock_3ERD,0.2614,1.6187,inf
decoy334,4TUZ,36J_redock_4TUZ,0.8298,6.7843,inf
decoy334,4MGC,27M_redock_4MGC,0.6291,4.7829,inf
decoy334,4MG8,27J_redock_4MG8,0.6244,4.2897,inf
decoy334,6CBZ,EST_redock_6CBZ,0.5658,4.3114,inf
decoy334,4ZN7,DES_redock_4ZN7,0.5637,4.2610,inf
decoy334,1GWR,EST_redock_1GWR,0.5183,3.9607,inf
decoy334,3ERD,DES_redock_3ERD,0.4962,3.6482,inf
decoy334,4MG9,27K_redock_4MG9,0.4572,3.4226,inf
decoy334,1ERE,EST_redock_1ERE,0.4496,3.3543,inf
decoy334,4MGA,27L_redock_4MGA,0.4139,2.9326,inf
decoy334,3UU7,2OH_redock_3UU7,0.3985,2.9504,inf
decoy334,3UUD,EST_redock_3UUD,0.3848,2.8750,inf
decoy334,1G50,EST_redock_1G50,0.3007,2.1504,inf
decoy335,3UUD,EST_redock_3UUD,0.7003,5.1039,inf
decoy335,4MGC,27M_redock_4MGC,0.6246,4.2372,inf
decoy335,4MGA,27L_redock_4MGA,0.5511,4.1029,inf
decoy335,3ERD,DES_redock_3ERD,0.5320,3.8251,inf
decoy335,1ERE,EST_redock_1ERE,0.5174,3.6117,inf
decoy335,3UU7,2OH_redock_3UU7,0.5163,3.8464,inf
decoy335,4ZN7,DES_redock_4ZN7,0.5036,3.2889,inf
decoy335,1G50,EST_redock_1G50,0.4986,3.4581,inf
decoy335,4MG9,27K_redock_4MG9,0.4733,3.0948,inf
decoy335,4TUZ,36J_redock_4TUZ,0.4713,3.5074,inf
decoy335,4MG8,27J_redock_4MG8,0.4099,2.7597,inf
decoy335,1GWR,EST_redock_1GWR,0.3918,2.8291,inf
decoy335,6CBZ,EST_redock_6CBZ,0.3285,2.0936,inf
decoy336,1GWR,EST_redock_1GWR,0.9534,7.1585,inf
decoy336,4TUZ,36J_redock_4TUZ,0.9410,7.2180,inf
decoy336,6CBZ,EST_redock_6CBZ,0.9254,7.0344,inf
decoy336,4MG8,27J_redock_4MG8,0.9220,6.9745,inf
decoy336,4MGC,27M_redock_4MGC,0.8891,6.8318,inf
decoy336,3UUD,EST_redock_3UUD,0.8806,6.8005,inf
decoy336,4ZN7,DES_redock_4ZN7,0.8041,6.1327,inf
decoy336,1ERE,EST_redock_1ERE,0.7960,5.8842,inf
decoy336,1G50,EST_redock_1G50,0.7784,5.8373,inf
decoy336,4MGA,27L_redock_4MGA,0.6873,5.0569,inf
decoy336,4MG9,27K_redock_4MG9,0.6716,4.8587,inf
decoy336,3ERD,DES_redock_3ERD,0.6529,4.8788,inf
decoy336,3UU7,2OH_redock_3UU7,0.5839,4.3015,inf
decoy337,4MGC,27M_redock_4MGC,0.6043,3.6774,inf
decoy337,4TUZ,36J_redock_4TUZ,0.5818,4.4804,inf
decoy337,1GWR,EST_redock_1GWR,0.5665,4.2188,inf
decoy337,4MG8,27J_redock_4MG8,0.5131,3.8019,inf
decoy337,3UU7,2OH_redock_3UU7,0.4929,3.5535,inf
decoy337,6CBZ,EST_redock_6CBZ,0.4877,3.5823,inf
decoy337,3UUD,EST_redock_3UUD,0.4817,3.4925,inf
decoy337,3ERD,DES_redock_3ERD,0.4633,2.9220,inf
decoy337,1ERE,EST_redock_1ERE,0.4504,3.3870,inf
decoy337,1G50,EST_redock_1G50,0.4308,3.0887,inf
decoy337,4MGA,27L_redock_4MGA,0.3943,2.8946,inf
decoy337,4MG9,27K_redock_4MG9,0.3446,2.3299,inf
decoy337,4ZN7,DES_redock_4ZN7,0.3365,2.3950,inf
decoy338,3ERD,DES_redock_3ERD,0.6734,4.6057,inf
decoy338,4MGC,27M_redock_4MGC,0.6329,4.1909,inf
decoy338,6CBZ,EST_redock_6CBZ,0.5802,3.7384,inf
decoy338,3UU7,2OH_redock_3UU7,0.5107,3.4031,inf
decoy338,1G50,EST_redock_1G50,0.4572,3.0470,inf
decoy338,4TUZ,36J_redock_4TUZ,0.4349,2.9379,inf
decoy338,4ZN7,DES_redock_4ZN7,0.4263,2.6186,inf
decoy338,4MG9,27K_redock_4MG9,0.4251,2.5599,inf
decoy338,4MG8,27J_redock_4MG8,0.4204,2.7748,inf
decoy338,1ERE,EST_redock_1ERE,0.3875,2.4538,inf
decoy338,1GWR,EST_redock_1GWR,0.3160,1.9697,inf
decoy338,4MGA,27L_redock_4MGA,0.3072,1.9742,inf
decoy338,3UUD,EST_redock_3UUD,0.2893,1.8575,inf
decoy339,4MGC,27M_redock_4MGC,0.6589,4.1305,inf
decoy339,1GWR,EST_redock_1GWR,0.5510,3.5886,inf
decoy339,4ZN7,DES_redock_4ZN7,0.4499,3.1769,inf
decoy339,6CBZ,EST_redock_6CBZ,0.4162,2.6907,inf
decoy339,1G50,EST_redock_1G50,0.4139,2.4375,inf
decoy339,3UU7,2OH_redock_3UU7,0.4097,2.7032,inf
decoy339,3ERD,DES_redock_3ERD,0.4068,2.7501,inf
decoy339,1ERE,EST_redock_1ERE,0.3986,2.3561,inf
decoy339,4MG8,27J_redock_4MG8,0.3901,2.6743,inf
decoy339,4MGA,27L_redock_4MGA,0.3865,2.4165,inf
decoy339,4MG9,27K_redock_4MG9,0.3610,2.5124,inf
decoy339,4TUZ,36J_redock_4TUZ,0.3452,2.0378,inf
decoy339,3UUD,EST_redock_3UUD,0.2715,1.8549,inf
decoy34,4ZN7,DES_redock_4ZN7,0.8921,6.2523,inf
decoy34,1ERE,EST_redock_1ERE,0.8870,6.5032,inf
decoy34,6CBZ,EST_redock_6CBZ,0.8330,5.9343,inf
decoy34,4MGA,27L_redock_4MGA,0.8192,5.6648,inf
decoy34,3ERD,DES_redock_3ERD,0.8172,5.7067,inf
decoy34,3UU7,2OH_redock_3UU7,0.8096,5.8340,inf
decoy34,4MG8,27J_redock_4MG8,0.8048,5.4083,inf
decoy34,4MG9,27K_redock_4MG9,0.7964,5.6609,inf
decoy34,3UUD,EST_redock_3UUD,0.7790,5.3779,inf
decoy34,1G50,EST_redock_1G50,0.7763,5.3604,inf
decoy34,4TUZ,36J_redock_4TUZ,0.7672,5.3262,inf
decoy34,1GWR,EST_redock_1GWR,0.6815,4.6319,inf
decoy34,4MGC,27M_redock_4MGC,0.6204,4.2191,inf
decoy340,1GWR,EST_redock_1GWR,0.7238,5.6319,inf
decoy340,1ERE,EST_redock_1ERE,0.4813,3.6496,inf
decoy340,4MGC,27M_redock_4MGC,0.4702,3.3368,inf
decoy340,3UUD,EST_redock_3UUD,0.4395,2.4384,inf
decoy340,4MGA,27L_redock_4MGA,0.4350,3.1024,inf
decoy340,4MG9,27K_redock_4MG9,0.4047,3.1494,inf
decoy340,4ZN7,DES_redock_4ZN7,0.3835,2.7561,inf
decoy340,1G50,EST_redock_1G50,0.3815,2.8323,inf
decoy340,3ERD,DES_redock_3ERD,0.3808,2.5465,inf
decoy340,3UU7,2OH_redock_3UU7,0.3576,2.6772,inf
decoy340,4TUZ,36J_redock_4TUZ,0.3481,2.6145,inf
decoy340,6CBZ,EST_redock_6CBZ,0.3267,2.5110,inf
decoy340,4MG8,27J_redock_4MG8,0.3040,2.1419,inf
decoy341,4MG8,27J_redock_4MG8,0.6373,4.6244,inf
decoy341,4TUZ,36J_redock_4TUZ,0.5824,4.1400,inf
decoy341,3ERD,DES_redock_3ERD,0.5034,3.4409,inf
decoy341,4ZN7,DES_redock_4ZN7,0.4820,3.5152,inf
decoy341,4MGA,27L_redock_4MGA,0.4813,3.3871,inf
decoy341,4MG9,27K_redock_4MG9,0.4390,3.0568,inf
decoy341,1G50,EST_redock_1G50,0.3957,2.8035,inf
decoy341,3UU7,2OH_redock_3UU7,0.3705,2.6023,inf
decoy341,1GWR,EST_redock_1GWR,0.3464,2.4016,inf
decoy341,6CBZ,EST_redock_6CBZ,0.3329,2.3035,inf
decoy341,4MGC,27M_redock_4MGC,0.3131,2.1651,inf
decoy341,1ERE,EST_redock_1ERE,0.2710,1.8997,inf
decoy341,3UUD,EST_redock_3UUD,0.2315,1.5785,inf
decoy342,3UUD,EST_redock_3UUD,0.7966,6.0938,inf
decoy342,4MG8,27J_redock_4MG8,0.7372,5.5577,inf
decoy342,4MGC,27M_redock_4MGC,0.6785,5.0576,inf
decoy342,1GWR,EST_redock_1GWR,0.6359,4.8046,inf
decoy342,4TUZ,36J_redock_4TUZ,0.6091,4.5087,inf
decoy342,6CBZ,EST_redock_6CBZ,0.5773,4.2363,inf
decoy342,1ERE,EST_redock_1ERE,0.5607,4.0603,inf
decoy342,3UU7,2OH_redock_3UU7,0.5494,4.0695,inf
decoy342,1G50,EST_redock_1G50,0.5390,3.9025,inf
decoy342,4MGA,27L_redock_4MGA,0.5066,3.6711,inf
decoy342,4ZN7,DES_redock_4ZN7,0.4481,3.2341,inf
decoy342,4MG9,27K_redock_4MG9,0.4276,3.1501,inf
decoy342,3ERD,DES_redock_3ERD,0.3743,2.7206,inf
decoy343,1GWR,EST_redock_1GWR,0.5588,3.9666,inf
decoy343,4ZN7,DES_redock_4ZN7,0.4872,3.3433,inf
decoy343,1G50,EST_redock_1G50,0.4643,3.2548,inf
decoy343,6CBZ,EST_redock_6CBZ,0.4398,3.1146,inf
decoy343,4MGC,27M_redock_4MGC,0.4124,2.6676,inf
decoy343,3ERD,DES_redock_3ERD,0.3913,2.6902,inf
decoy343,1ERE,EST_redock_1ERE,0.3615,2.5188,inf
decoy343,4MG9,27K_redock_4MG9,0.3231,1.6303,inf
decoy343,4TUZ,36J_redock_4TUZ,0.2967,2.0887,inf
decoy343,3UUD,EST_redock_3UUD,0.2896,1.8733,inf
decoy343,4MGA,27L_redock_4MGA,0.2589,1.6860,inf
decoy343,4MG8,27J_redock_4MG8,0.2520,1.6767,inf
decoy343,3UU7,2OH_redock_3UU7,0.2188,1.5337,inf
decoy344,4MGA,27L_redock_4MGA,0.6468,4.0772,inf
decoy344,4MG9,27K_redock_4MG9,0.5735,3.4515,inf
decoy344,1GWR,EST_redock_1GWR,0.5709,4.0321,inf
decoy344,3ERD,DES_redock_3ERD,0.5619,3.7978,inf
decoy344,4ZN7,DES_redock_4ZN7,0.5508,3.7328,inf
decoy344,3UU7,2OH_redock_3UU7,0.5473,3.9913,inf
decoy344,1ERE,EST_redock_1ERE,0.5102,3.5685,inf
decoy344,4MG8,27J_redock_4MG8,0.4986,3.4708,inf
decoy344,4MGC,27M_redock_4MGC,0.4814,3.2375,inf
decoy344,3UUD,EST_redock_3UUD,0.4724,3.2849,inf
decoy344,6CBZ,EST_redock_6CBZ,0.4411,3.0229,inf
decoy344,1G50,EST_redock_1G50,0.4071,2.6175,inf
decoy344,4TUZ,36J_redock_4TUZ,0.3669,2.5119,inf
decoy345,4MGA,27L_redock_4MGA,0.8816,6.7162,inf
decoy345,3UU7,2OH_redock_3UU7,0.8768,6.9332,inf
decoy345,1GWR,EST_redock_1GWR,0.8499,6.4638,inf
decoy345,1ERE,EST_redock_1ERE,0.8368,6.5757,inf
decoy345,1G50,EST_redock_1G50,0.8360,6.2247,inf
decoy345,4MG8,27J_redock_4MG8,0.8304,6.2815,inf
decoy345,4MGC,27M_redock_4MGC,0.8281,6.3092,inf
decoy345,6CBZ,EST_redock_6CBZ,0.8191,6.2237,inf
decoy345,4MG9,27K_redock_4MG9,0.8131,6.4060,inf
decoy345,4ZN7,DES_redock_4ZN7,0.8043,6.2259,inf
decoy345,4TUZ,36J_redock_4TUZ,0.7887,6.0055,inf
decoy345,3UUD,EST_redock_3UUD,0.7744,5.9052,inf
decoy345,3ERD,DES_redock_3ERD,0.7502,5.5781,inf
decoy346,1G50,EST_redock_1G50,0.5277,3.2713,inf
decoy346,4ZN7,DES_redock_4ZN7,0.4959,3.4248,inf
decoy346,1ERE,EST_redock_1ERE,0.4338,3.0090,inf
decoy346,4TUZ,36J_redock_4TUZ,0.4129,2.7900,inf
decoy346,4MG8,27J_redock_4MG8,0.4034,2.2841,inf
decoy346,4MGC,27M_redock_4MGC,0.3864,2.5927,inf
decoy346,3ERD,DES_redock_3ERD,0.3616,2.4464,inf
decoy346,3UUD,EST_redock_3UUD,0.3394,2.3560,inf
decoy346,1GWR,EST_redock_1GWR,0.3303,2.1672,inf
decoy346,6CBZ,EST_redock_6CBZ,0.3289,2.0184,inf
decoy346,4MG9,27K_redock_4MG9,0.3091,2.1173,inf
decoy346,3UU7,2OH_redock_3UU7,0.2916,1.9513,inf
decoy346,4MGA,27L_redock_4MGA,0.2714,1.7441,inf
decoy347,1G50,EST_redock_1G50,0.6186,3.5599,inf
decoy347,3UU7,2OH_redock_3UU7,0.6115,4.0185,inf
decoy347,4MGC,27M_redock_4MGC,0.5403,3.5175,inf
decoy347,4TUZ,36J_redock_4TUZ,0.4536,3.0969,inf
decoy347,4MGA,27L_redock_4MGA,0.4442,2.9527,inf
decoy347,1GWR,EST_redock_1GWR,0.4286,2.7797,inf
decoy347,4MG8,27J_redock_4MG8,0.4224,2.8066,inf
decoy347,3UUD,EST_redock_3UUD,0.3750,2.3363,inf
decoy347,4ZN7,DES_redock_4ZN7,0.3708,2.3922,inf
decoy347,4MG9,27K_redock_4MG9,0.3650,2.3509,inf
decoy347,1ERE,EST_redock_1ERE,0.3616,2.4121,inf
decoy347,3ERD,DES_redock_3ERD,0.3454,2.2239,inf
decoy347,6CBZ,EST_redock_6CBZ,0.2809,1.5913,inf
decoy348,3ERD,DES_redock_3ERD,0.6109,3.9888,inf
decoy348,1ERE,EST_redock_1ERE,0.5706,3.7418,inf
decoy348,1G50,EST_redock_1G50,0.5347,3.0221,inf
decoy348,1GWR,EST_redock_1GWR,0.5287,3.3127,inf
decoy348,4ZN7,DES_redock_4ZN7,0.4858,2.8050,inf
decoy348,4MGC,27M_redock_4MGC,0.4853,2.9946,inf
decoy348,4MG8,27J_redock_4MG8,0.4787,3.0426,inf
decoy348,6CBZ,EST_redock_6CBZ,0.4772,3.2448,inf
decoy348,4TUZ,36J_redock_4TUZ,0.4761,3.1327,inf
decoy348,4MG9,27K_redock_4MG9,0.4584,2.8461,inf
decoy348,4MGA,27L_redock_4MGA,0.4482,2.7593,inf
decoy348,3UU7,2OH_redock_3UU7,0.4423,2.8840,inf
decoy348,3UUD,EST_redock_3UUD,0.4119,2.6376,inf
decoy349,4ZN7,DES_redock_4ZN7,0.7107,5.1300,inf
decoy349,4MG8,27J_redock_4MG8,0.7017,4.9634,inf
decoy349,1GWR,EST_redock_1GWR,0.7010,4.9210,inf
decoy349,4TUZ,36J_redock_4TUZ,0.6927,4.9511,inf
decoy349,4MGC,27M_redock_4MGC,0.6898,4.7254,inf
decoy349,3ERD,DES_redock_3ERD,0.6801,4.7738,inf
decoy349,3UUD,EST_redock_3UUD,0.6794,4.9090,inf
decoy349,4MGA,27L_redock_4MGA,0.6788,4.9137,inf
decoy349,6CBZ,EST_redock_6CBZ,0.6771,4.8782,inf
decoy349,1ERE,EST_redock_1ERE,0.6541,4.6563,inf
decoy349,4MG9,27K_redock_4MG9,0.5899,4.1425,inf
decoy349,1G50,EST_redock_1G50,0.5881,4.1721,inf
decoy349,3UU7,2OH_redock_3UU7,0.4576,3.1630,inf
decoy35,4ZN7,DES_redock_4ZN7,0.5244,3.3010,inf
decoy35,3ERD,DES_redock_3ERD,0.4566,2.8766,inf
decoy35,4MG8,27J_redock_4MG8,0.4419,3.0684,inf
decoy35,4TUZ,36J_redock_4TUZ,0.4287,2.9838,inf
decoy35,4MGC,27M_redock_4MGC,0.4079,2.7511,inf
decoy35,1ERE,EST_redock_1ERE,0.3790,2.5707,inf
decoy35,3UUD,EST_redock_3UUD,0.3732,2.5761,inf
decoy35,6CBZ,EST_redock_6CBZ,0.3256,1.6120,inf
decoy35,1G50,EST_redock_1G50,0.2903,1.9621,inf
decoy35,1GWR,EST_redock_1GWR,0.2893,1.4021,inf
decoy35,4MGA,27L_redock_4MGA,0.2778,1.8933,inf
decoy35,4MG9,27K_redock_4MG9,0.2523,1.4427,inf
decoy35,3UU7,2OH_redock_3UU7,0.2277,1.4422,inf
decoy350,4MGA,27L_redock_4MGA,0.5065,3.0492,inf
decoy350,4MG9,27K_redock_4MG9,0.4825,3.0291,inf
decoy350,3UU7,2OH_redock_3UU7,0.4822,2.9542,inf
decoy350,1ERE,EST_redock_1ERE,0.4636,3.2151,inf
decoy350,4ZN7,DES_redock_4ZN7,0.4569,2.6285,inf
decoy350,4MG8,27J_redock_4MG8,0.4265,2.8995,inf
decoy350,1GWR,EST_redock_1GWR,0.3867,2.3625,inf
decoy350,4MGC,27M_redock_4MGC,0.3738,2.5051,inf
decoy350,3UUD,EST_redock_3UUD,0.3640,2.1458,inf
decoy350,3ERD,DES_redock_3ERD,0.3586,2.1481,inf
decoy350,4TUZ,36J_redock_4TUZ,0.3536,2.3274,inf
decoy350,1G50,EST_redock_1G50,0.3254,1.8559,inf
decoy350,6CBZ,EST_redock_6CBZ,0.3163,1.9789,inf
decoy351,3UU7,2OH_redock_3UU7,0.7618,5.1107,inf
decoy351,1GWR,EST_redock_1GWR,0.7271,4.9438,inf
decoy351,4MGA,27L_redock_4MGA,0.6995,4.3603,inf
decoy351,4ZN7,DES_redock_4ZN7,0.6465,4.3185,inf
decoy351,4MG9,27K_redock_4MG9,0.6147,3.9927,inf
decoy351,1ERE,EST_redock_1ERE,0.6110,4.0386,inf
decoy351,3ERD,DES_redock_3ERD,0.5850,3.7093,inf
decoy351,4MGC,27M_redock_4MGC,0.5411,3.3787,inf
decoy351,4TUZ,36J_redock_4TUZ,0.5378,2.9659,inf
decoy351,1G50,EST_redock_1G50,0.5092,3.3044,inf
decoy351,3UUD,EST_redock_3UUD,0.4660,2.9786,inf
decoy351,6CBZ,EST_redock_6CBZ,0.4473,2.8329,inf
decoy351,4MG8,27J_redock_4MG8,0.4205,2.7003,inf
decoy352,6CBZ,EST_redock_6CBZ,0.5569,4.2483,inf
decoy352,1GWR,EST_redock_1GWR,0.5427,3.5940,inf
decoy352,3UUD,EST_redock_3UUD,0.4744,3.3198,inf
decoy352,3ERD,DES_redock_3ERD,0.4701,3.3320,inf
decoy352,4MGC,27M_redock_4MGC,0.4647,3.3470,inf
decoy352,4MGA,27L_redock_4MGA,0.4643,3.3072,inf
decoy352,1ERE,EST_redock_1ERE,0.4523,3.3006,inf
decoy352,4ZN7,DES_redock_4ZN7,0.4511,3.2903,inf
decoy352,4MG8,27J_redock_4MG8,0.4387,3.0337,inf
decoy352,3UU7,2OH_redock_3UU7,0.4141,2.5760,inf
decoy352,4MG9,27K_redock_4MG9,0.4094,2.9186,inf
decoy352,4TUZ,36J_redock_4TUZ,0.4085,2.6646,inf
decoy352,1G50,EST_redock_1G50,0.3039,2.0594,inf
decoy353,3ERD,DES_redock_3ERD,0.5763,4.1308,inf
decoy353,3UU7,2OH_redock_3UU7,0.5379,3.8611,inf
decoy353,1ERE,EST_redock_1ERE,0.5098,3.4730,inf
decoy353,4TUZ,36J_redock_4TUZ,0.4993,3.1317,inf
decoy353,4MGA,27L_redock_4MGA,0.4447,3.0972,inf
decoy353,4ZN7,DES_redock_4ZN7,0.4423,3.1975,inf
decoy353,4MG9,27K_redock_4MG9,0.4273,3.1724,inf
decoy353,4MGC,27M_redock_4MGC,0.4213,2.8895,inf
decoy353,1GWR,EST_redock_1GWR,0.4056,2.9184,inf
decoy353,4MG8,27J_redock_4MG8,0.3929,2.4568,inf
decoy353,6CBZ,EST_redock_6CBZ,0.3301,2.2946,inf
decoy353,3UUD,EST_redock_3UUD,0.3292,2.3426,inf
decoy353,1G50,EST_redock_1G50,0.2585,1.7878,inf
decoy354,1GWR,EST_redock_1GWR,0.6686,4.2718,inf
decoy354,4MG8,27J_redock_4MG8,0.5098,3.2605,inf
decoy354,3UU7,2OH_redock_3UU7,0.4553,2.9600,inf
decoy354,4MGC,27M_redock_4MGC,0.4246,2.7433,inf
decoy354,4MGA,27L_redock_4MGA,0.4080,2.4842,inf
decoy354,4TUZ,36J_redock_4TUZ,0.4066,2.5780,inf
decoy354,4ZN7,DES_redock_4ZN7,0.3940,2.5242,inf
decoy354,1ERE,EST_redock_1ERE,0.3897,2.5430,inf
decoy354,3UUD,EST_redock_3UUD,0.3758,2.2261,inf
decoy354,4MG9,27K_redock_4MG9,0.3451,2.1232,inf
decoy354,3ERD,DES_redock_3ERD,0.3426,2.2249,inf
decoy354,1G50,EST_redock_1G50,0.3039,1.7676,inf
decoy354,6CBZ,EST_redock_6CBZ,0.2989,1.9218,inf
decoy355,1GWR,EST_redock_1GWR,0.9106,6.6379,inf
decoy355,4TUZ,36J_redock_4TUZ,0.7826,5.6009,inf
decoy355,4MG8,27J_redock_4MG8,0.7562,5.3442,inf
decoy355,3UUD,EST_redock_3UUD,0.6578,4.5198,inf
decoy355,4ZN7,DES_redock_4ZN7,0.6307,4.4897,inf
decoy355,6CBZ,EST_redock_6CBZ,0.6123,4.2300,inf
decoy355,1ERE,EST_redock_1ERE,0.6064,4.0767,inf
decoy355,4MGC,27M_redock_4MGC,0.6055,4.2047,inf
decoy355,3ERD,DES_redock_3ERD,0.5920,4.0965,inf
decoy355,4MGA,27L_redock_4MGA,0.5421,3.6481,inf
decoy355,4MG9,27K_redock_4MG9,0.5084,3.4503,inf
decoy355,3UU7,2OH_redock_3UU7,0.4232,2.8080,inf
decoy355,1G50,EST_redock_1G50,0.3501,2.3086,inf
decoy356,4MG8,27J_redock_4MG8,0.6549,3.4218,inf
decoy356,3ERD,DES_redock_3ERD,0.6324,4.3923,inf
decoy356,4MGC,27M_redock_4MGC,0.6288,4.0456,inf
decoy356,4TUZ,36J_redock_4TUZ,0.6174,4.2894,inf
decoy356,4MG9,27K_redock_4MG9,0.5983,3.6215,inf
decoy356,4MGA,27L_redock_4MGA,0.5809,3.9029,inf
decoy356,1ERE,EST_redock_1ERE,0.5725,3.4592,inf
decoy356,4ZN7,DES_redock_4ZN7,0.5648,3.8448,inf
decoy356,1G50,EST_redock_1G50,0.5308,3.2593,inf
decoy356,3UU7,2OH_redock_3UU7,0.5307,3.3971,inf
decoy356,1GWR,EST_redock_1GWR,0.5208,3.5406,inf
decoy356,6CBZ,EST_redock_6CBZ,0.4997,3.3588,inf
decoy356,3UUD,EST_redock_3UUD,0.4668,3.1923,inf
decoy357,3UUD,EST_redock_3UUD,0.7150,4.2912,inf
decoy357,3UU7,2OH_redock_3UU7,0.6101,3.6181,inf
decoy357,4MG8,27J_redock_4MG8,0.6080,3.6949,inf
decoy357,4MGC,27M_redock_4MGC,0.5911,3.9469,inf
decoy357,4ZN7,DES_redock_4ZN7,0.5867,4.0879,inf
decoy357,4MG9,27K_redock_4MG9,0.5268,2.8313,inf
decoy357,3ERD,DES_redock_3ERD,0.4943,3.5145,inf
decoy357,4MGA,27L_redock_4MGA,0.4783,3.1892,inf
decoy357,1G50,EST_redock_1G50,0.4695,3.2091,inf
decoy357,4TUZ,36J_redock_4TUZ,0.4530,2.9498,inf
decoy357,1ERE,EST_redock_1ERE,0.4323,2.5060,inf
decoy357,6CBZ,EST_redock_6CBZ,0.4246,2.1891,inf
decoy357,1GWR,EST_redock_1GWR,0.3693,2.0679,inf
decoy358,4MG9,27K_redock_4MG9,0.6079,3.9887,inf
decoy358,3ERD,DES_redock_3ERD,0.5837,4.1242,inf
decoy358,4MGA,27L_redock_4MGA,0.5736,4.0241,inf
decoy358,3UUD,EST_redock_3UUD,0.5685,3.6080,inf
decoy358,1GWR,EST_redock_1GWR,0.5026,3.1056,inf
decoy358,4ZN7,DES_redock_4ZN7,0.4935,3.2807,inf
decoy358,1ERE,EST_redock_1ERE,0.4907,3.0827,inf
decoy358,4MGC,27M_redock_4MGC,0.4821,3.1386,inf
decoy358,1G50,EST_redock_1G50,0.4810,3.1005,inf
decoy358,6CBZ,EST_redock_6CBZ,0.4177,2.6623,inf
decoy358,4MG8,27J_redock_4MG8,0.3863,2.5413,inf
decoy358,3UU7,2OH_redock_3UU7,0.3512,2.0739,inf
decoy358,4TUZ,36J_redock_4TUZ,0.3323,2.1861,inf
decoy359,3UU7,2OH_redock_3UU7,0.8728,5.7338,inf
decoy359,4MGA,27L_redock_4MGA,0.7867,5.0548,inf
decoy359,1GWR,EST_redock_1GWR,0.7766,4.4570,inf
decoy359,4ZN7,DES_redock_4ZN7,0.7380,4.9640,inf
decoy359,4MG9,27K_redock_4MG9,0.7309,4.7495,inf
decoy359,3ERD,DES_redock_3ERD,0.7285,4.6343,inf
decoy359,6CBZ,EST_redock_6CBZ,0.7259,4.6243,inf
decoy359,4MGC,27M_redock_4MGC,0.7086,4.2404,inf
decoy359,1G50,EST_redock_1G50,0.6913,4.3808,inf
decoy359,3UUD,EST_redock_3UUD,0.6817,4.4313,inf
decoy359,1ERE,EST_redock_1ERE,0.6743,4.1849,inf
decoy359,4MG8,27J_redock_4MG8,0.6565,3.8060,inf
decoy359,4TUZ,36J_redock_4TUZ,0.6476,3.9155,inf
decoy36,4MG8,27J_redock_4MG8,0.8405,6.0628,inf
decoy36,1G50,EST_redock_1G50,0.7949,5.6510,inf
decoy36,4ZN7,DES_redock_4ZN7,0.7550,5.5100,inf
decoy36,6CBZ,EST_redock_6CBZ,0.7510,5.4161,inf
decoy36,3UU7,2OH_redock_3UU7,0.7388,5.3897,inf
decoy36,4MGC,27M_redock_4MGC,0.7259,5.2302,inf
decoy36,4TUZ,36J_redock_4TUZ,0.7166,5.1389,inf
decoy36,4MG9,27K_redock_4MG9,0.7047,5.1075,inf
decoy36,3UUD,EST_redock_3UUD,0.6436,4.6383,inf
decoy36,3ERD,DES_redock_3ERD,0.5971,4.2498,inf
decoy36,1GWR,EST_redock_1GWR,0.5948,4.2388,inf
decoy36,1ERE,EST_redock_1ERE,0.5849,4.0965,inf
decoy36,4MGA,27L_redock_4MGA,0.4721,3.2608,inf
decoy360,3UUD,EST_redock_3UUD,0.5941,4.3497,inf
decoy360,4MG8,27J_redock_4MG8,0.5808,4.1214,inf
decoy360,1ERE,EST_redock_1ERE,0.5685,4.1631,inf
decoy360,4TUZ,36J_redock_4TUZ,0.5659,4.0581,inf
decoy360,4MGA,27L_redock_4MGA,0.5347,3.8297,inf
decoy360,6CBZ,EST_redock_6CBZ,0.4588,3.2404,inf
decoy360,3ERD,DES_redock_3ERD,0.4555,3.2826,inf
decoy360,3UU7,2OH_redock_3UU7,0.4336,2.8816,inf
decoy360,4MGC,27M_redock_4MGC,0.4110,2.5982,inf
decoy360,4ZN7,DES_redock_4ZN7,0.3850,2.7576,inf
decoy360,1G50,EST_redock_1G50,0.3828,2.6784,inf
decoy360,1GWR,EST_redock_1GWR,0.3671,2.4563,inf
decoy360,4MG9,27K_redock_4MG9,0.2472,1.6481,inf
decoy361,6CBZ,EST_redock_6CBZ,0.7981,6.0826,inf
decoy361,3ERD,DES_redock_3ERD,0.7635,5.7740,inf
decoy361,4ZN7,DES_redock_4ZN7,0.7589,5.9241,inf
decoy361,3UUD,EST_redock_3UUD,0.6729,5.0428,inf
decoy361,1ERE,EST_redock_1ERE,0.6649,5.1183,inf
decoy361,1GWR,EST_redock_1GWR,0.6638,4.8904,inf
decoy361,4MGA,27L_redock_4MGA,0.6601,4.9563,inf
decoy361,4MG8,27J_redock_4MG8,0.6380,4.7775,inf
decoy361,3UU7,2OH_redock_3UU7,0.6350,4.7071,inf
decoy361,1G50,EST_redock_1G50,0.6326,4.6611,inf
decoy361,4MGC,27M_redock_4MGC,0.6236,4.6414,inf
decoy361,4TUZ,36J_redock_4TUZ,0.5727,4.1822,inf
decoy361,4MG9,27K_redock_4MG9,0.5384,3.8694,inf
decoy362,4TUZ,36J_redock_4TUZ,0.6715,4.8661,inf
decoy362,1GWR,EST_redock_1GWR,0.6646,4.8088,inf
decoy362,6CBZ,EST_redock_6CBZ,0.6163,4.3902,inf
decoy362,4MGC,27M_redock_4MGC,0.6162,4.3177,inf
decoy362,4ZN7,DES_redock_4ZN7,0.5542,3.8578,inf
decoy362,3UUD,EST_redock_3UUD,0.4756,3.3244,inf
decoy362,1G50,EST_redock_1G50,0.4328,2.9201,inf
decoy362,4MG8,27J_redock_4MG8,0.4273,3.0000,inf
decoy362,3UU7,2OH_redock_3UU7,0.3900,2.7534,inf
decoy362,3ERD,DES_redock_3ERD,0.3832,2.7044,inf
decoy362,4MG9,27K_redock_4MG9,0.3493,2.3440,inf
decoy362,1ERE,EST_redock_1ERE,0.3353,2.3760,inf
decoy362,4MGA,27L_redock_4MGA,0.2741,1.8819,inf
decoy363,4ZN7,DES_redock_4ZN7,0.8912,6.8194,inf
decoy363,4MGC,27M_redock_4MGC,0.8474,5.9875,inf
decoy363,3ERD,DES_redock_3ERD,0.8462,6.1906,inf
decoy363,3UU7,2OH_redock_3UU7,0.7544,5.6169,inf
decoy363,3UUD,EST_redock_3UUD,0.7029,5.5350,inf
decoy363,4MGA,27L_redock_4MGA,0.6800,4.7711,inf
decoy363,6CBZ,EST_redock_6CBZ,0.6625,4.7175,inf
decoy363,4TUZ,36J_redock_4TUZ,0.6534,4.8184,inf
decoy363,1ERE,EST_redock_1ERE,0.6242,4.4980,inf
decoy363,1G50,EST_redock_1G50,0.6198,4.4751,inf
decoy363,4MG8,27J_redock_4MG8,0.6158,4.2218,inf
decoy363,1GWR,EST_redock_1GWR,0.5954,4.0682,inf
decoy363,4MG9,27K_redock_4MG9,0.5326,3.8663,inf
decoy364,1ERE,EST_redock_1ERE,0.6743,4.4577,inf
decoy364,6CBZ,EST_redock_6CBZ,0.6679,4.5117,inf
decoy364,1GWR,EST_redock_1GWR,0.6491,4.3790,inf
decoy364,4ZN7,DES_redock_4ZN7,0.6347,4.3203,inf
decoy364,1G50,EST_redock_1G50,0.6314,4.4105,inf
decoy364,4TUZ,36J_redock_4TUZ,0.6226,4.4574,inf
decoy364,3UUD,EST_redock_3UUD,0.6197,4.2050,inf
decoy364,4MGC,27M_redock_4MGC,0.5639,3.6781,inf
decoy364,4MG9,27K_redock_4MG9,0.5411,3.7404,inf
decoy364,4MG8,27J_redock_4MG8,0.5251,3.6264,inf
decoy364,3UU7,2OH_redock_3UU7,0.5117,3.2235,inf
decoy364,3ERD,DES_redock_3ERD,0.5048,3.3869,inf
decoy364,4MGA,27L_redock_4MGA,0.4477,2.8528,inf
decoy365,4MGA,27L_redock_4MGA,0.6037,3.8517,inf
decoy365,3ERD,DES_redock_3ERD,0.5968,3.7335,inf
decoy365,4ZN7,DES_redock_4ZN7,0.5962,3.3187,inf
decoy365,1GWR,EST_redock_1GWR,0.4912,2.8354,inf
decoy365,4MG8,27J_redock_4MG8,0.4479,2.6416,inf
decoy365,4MG9,27K_redock_4MG9,0.4341,2.3560,inf
decoy365,1G50,EST_redock_1G50,0.4273,2.3160,inf
decoy365,1ERE,EST_redock_1ERE,0.3571,1.9248,inf
decoy365,4TUZ,36J_redock_4TUZ,0.3175,1.7077,inf
decoy365,6CBZ,EST_redock_6CBZ,0.3164,2.0145,inf
decoy365,3UUD,EST_redock_3UUD,0.3094,1.9311,inf
decoy365,4MGC,27M_redock_4MGC,0.2983,1.8005,inf
decoy365,3UU7,2OH_redock_3UU7,0.2895,1.5958,inf
decoy366,4MGC,27M_redock_4MGC,0.5934,3.8774,inf
decoy366,4MG9,27K_redock_4MG9,0.5335,3.2568,inf
decoy366,4MG8,27J_redock_4MG8,0.5190,3.0794,inf
decoy366,1G50,EST_redock_1G50,0.4722,2.6448,inf
decoy366,4TUZ,36J_redock_4TUZ,0.4200,2.3590,inf
decoy366,6CBZ,EST_redock_6CBZ,0.4064,2.3758,inf
decoy366,4MGA,27L_redock_4MGA,0.3962,2.1859,inf
decoy366,4ZN7,DES_redock_4ZN7,0.3577,2.2625,inf
decoy366,1ERE,EST_redock_1ERE,0.3369,1.8911,inf
decoy366,3ERD,DES_redock_3ERD,0.3364,2.1088,inf
decoy366,3UUD,EST_redock_3UUD,0.3195,1.7301,inf
decoy366,1GWR,EST_redock_1GWR,0.2870,1.8257,inf
decoy366,3UU7,2OH_redock_3UU7,0.2820,1.5835,inf
decoy367,4MGC,27M_redock_4MGC,0.6639,4.6253,inf
decoy367,6CBZ,EST_redock_6CBZ,0.6331,4.4780,inf
decoy367,4TUZ,36J_redock_4TUZ,0.6331,4.4821,inf
decoy367,4MG8,27J_redock_4MG8,0.6083,4.2841,inf
decoy367,3UUD,EST_redock_3UUD,0.6063,4.2619,inf
decoy367,3ERD,DES_redock_3ERD,0.5859,4.0913,inf
decoy367,1G50,EST_redock_1G50,0.5649,4.0047,inf
decoy367,4ZN7,DES_redock_4ZN7,0.5197,3.6889,inf
decoy367,1GWR,EST_redock_1GWR,0.4925,3.4296,inf
decoy367,4MGA,27L_redock_4MGA,0.4712,3.3540,inf
decoy367,3UU7,2OH_redock_3UU7,0.4701,3.4242,inf
decoy367,4MG9,27K_redock_4MG9,0.4647,3.2281,inf
decoy367,1ERE,EST_redock_1ERE,0.4525,3.2132,inf
decoy368,3UUD,EST_redock_3UUD,0.9378,7.0465,inf
decoy368,4MGA,27L_redock_4MGA,0.9256,6.8996,inf
decoy368,3ERD,DES_redock_3ERD,0.9221,6.9258,inf
decoy368,1ERE,EST_redock_1ERE,0.9179,6.8983,inf
decoy368,1G50,EST_redock_1G50,0.9141,6.6815,inf
decoy368,4MG9,27K_redock_4MG9,0.9090,6.7803,inf
decoy368,4MG8,27J_redock_4MG8,0.9043,6.7761,inf
decoy368,3UU7,2OH_redock_3UU7,0.8876,6.7262,inf
decoy368,4ZN7,DES_redock_4ZN7,0.8803,6.6174,inf
decoy368,4TUZ,36J_redock_4TUZ,0.8779,6.4520,inf
decoy368,6CBZ,EST_redock_6CBZ,0.8755,6.4892,inf
decoy368,1GWR,EST_redock_1GWR,0.8381,6.2252,inf
decoy368,4MGC,27M_redock_4MGC,0.8363,6.0928,inf
decoy369,3ERD,DES_redock_3ERD,0.6514,4.3402,inf
decoy369,4TUZ,36J_redock_4TUZ,0.3990,2.0635,inf
decoy369,1GWR,EST_redock_1GWR,0.3972,2.4660,inf
decoy369,3UUD,EST_redock_3UUD,0.3309,2.1452,inf
decoy369,4MG8,27J_redock_4MG8,0.2950,2.0163,inf
decoy369,4MGA,27L_redock_4MGA,0.2745,1.8596,inf
decoy369,1ERE,EST_redock_1ERE,0.2595,1.6933,inf
decoy369,1G50,EST_redock_1G50,0.2535,1.6367,inf
decoy369,6CBZ,EST_redock_6CBZ,0.2508,1.4228,inf
decoy369,4ZN7,DES_redock_4ZN7,0.2143,1.2717,inf
decoy369,3UU7,2OH_redock_3UU7,0.2126,1.3207,inf
decoy369,4MGC,27M_redock_4MGC,0.2018,1.3132,inf
decoy369,4MG9,27K_redock_4MG9,0.1523,0.9387,inf
decoy37,4MGC,27M_redock_4MGC,0.7612,4.7584,inf
decoy37,3UUD,EST_redock_3UUD,0.7235,4.5292,inf
decoy37,3ERD,DES_redock_3ERD,0.7003,3.5041,inf
decoy37,1G50,EST_redock_1G50,0.6921,3.8649,inf
decoy37,6CBZ,EST_redock_6CBZ,0.6850,4.2410,inf
decoy37,4MGA,27L_redock_4MGA,0.6760,3.3516,inf
decoy37,4MG8,27J_redock_4MG8,0.6348,3.6222,inf
decoy37,4TUZ,36J_redock_4TUZ,0.6069,3.4846,inf
decoy37,1ERE,EST_redock_1ERE,0.5861,3.5824,inf
decoy37,4MG9,27K_redock_4MG9,0.5625,3.2583,inf
decoy37,3UU7,2OH_redock_3UU7,0.5535,3.3481,inf
decoy37,4ZN7,DES_redock_4ZN7,0.5026,2.9219,inf
decoy37,1GWR,EST_redock_1GWR,0.4853,2.6702,inf
decoy370,4MGC,27M_redock_4MGC,0.5755,4.2514,inf
decoy370,3UU7,2OH_redock_3UU7,0.4488,2.9009,inf
decoy370,4MG8,27J_redock_4MG8,0.3816,2.7423,inf
decoy370,4TUZ,36J_redock_4TUZ,0.3752,2.3490,inf
decoy370,4MG9,27K_redock_4MG9,0.3589,2.1497,inf
decoy370,3UUD,EST_redock_3UUD,0.2868,2.0683,inf
decoy370,4ZN7,DES_redock_4ZN7,0.2589,1.7996,inf
decoy370,6CBZ,EST_redock_6CBZ,0.2350,1.6336,inf
decoy370,1ERE,EST_redock_1ERE,0.2305,1.4676,inf
decoy370,4MGA,27L_redock_4MGA,0.2105,1.4313,inf
decoy370,3ERD,DES_redock_3ERD,0.1942,1.3400,inf
decoy370,1G50,EST_redock_1G50,0.1898,1.1134,inf
decoy370,1GWR,EST_redock_1GWR,0.1618,1.0830,inf
decoy371,4ZN7,DES_redock_4ZN7,0.3984,2.6378,inf
decoy371,3UU7,2OH_redock_3UU7,0.3635,2.0305,inf
decoy371,1ERE,EST_redock_1ERE,0.3559,2.1991,inf
decoy371,3ERD,DES_redock_3ERD,0.3337,1.5846,inf
decoy371,4MG9,27K_redock_4MG9,0.3312,1.7617,inf
decoy371,4MGA,27L_redock_4MGA,0.2896,1.8263,inf
decoy371,4TUZ,36J_redock_4TUZ,0.2774,1.4959,inf
decoy371,1GWR,EST_redock_1GWR,0.2693,1.4963,inf
decoy371,3UUD,EST_redock_3UUD,0.2529,1.3885,inf
decoy371,6CBZ,EST_redock_6CBZ,0.2277,1.3141,inf
decoy371,4MGC,27M_redock_4MGC,0.2179,1.2657,inf
decoy371,1G50,EST_redock_1G50,0.2149,1.2852,inf
decoy371,4MG8,27J_redock_4MG8,0.2003,1.0213,inf
decoy372,4MG8,27J_redock_4MG8,0.3777,2.6757,inf
decoy372,4TUZ,36J_redock_4TUZ,0.3586,2.5131,inf
decoy372,3UU7,2OH_redock_3UU7,0.3543,2.4006,inf
decoy372,4ZN7,DES_redock_4ZN7,0.3004,1.8040,inf
decoy372,1GWR,EST_redock_1GWR,0.2982,2.0205,inf
decoy372,3ERD,DES_redock_3ERD,0.2962,2.0592,inf
decoy372,4MG9,27K_redock_4MG9,0.2915,1.8896,inf
decoy372,1ERE,EST_redock_1ERE,0.2901,1.8259,inf
decoy372,1G50,EST_redock_1G50,0.2747,1.7750,inf
decoy372,3UUD,EST_redock_3UUD,0.2710,1.8661,inf
decoy372,4MGA,27L_redock_4MGA,0.2501,1.7683,inf
decoy372,6CBZ,EST_redock_6CBZ,0.2418,1.6009,inf
decoy372,4MGC,27M_redock_4MGC,0.2035,1.3645,inf
decoy373,6CBZ,EST_redock_6CBZ,0.6462,3.3340,inf
decoy373,1GWR,EST_redock_1GWR,0.6334,3.2655,inf
decoy373,4MG9,27K_redock_4MG9,0.5773,3.0274,inf
decoy373,4MGA,27L_redock_4MGA,0.5363,2.7461,inf
decoy373,4MGC,27M_redock_4MGC,0.5237,2.5814,inf
decoy373,4ZN7,DES_redock_4ZN7,0.5221,2.7500,inf
decoy373,4TUZ,36J_redock_4TUZ,0.5108,2.6205,inf
decoy373,4MG8,27J_redock_4MG8,0.5040,2.4087,inf
decoy373,3UU7,2OH_redock_3UU7,0.4947,2.8295,inf
decoy373,1ERE,EST_redock_1ERE,0.4677,2.5764,inf
decoy373,3UUD,EST_redock_3UUD,0.4624,2.1882,inf
decoy373,3ERD,DES_redock_3ERD,0.4290,1.9798,inf
decoy373,1G50,EST_redock_1G50,0.3756,1.8248,inf
decoy374,4ZN7,DES_redock_4ZN7,0.7378,4.9599,inf
decoy374,3ERD,DES_redock_3ERD,0.7348,4.7829,inf
decoy374,4MG8,27J_redock_4MG8,0.7186,4.4858,inf
decoy374,1GWR,EST_redock_1GWR,0.7001,4.4617,inf
decoy374,4MGC,27M_redock_4MGC,0.6760,4.0925,inf
decoy374,4MGA,27L_redock_4MGA,0.6712,4.5048,inf
decoy374,6CBZ,EST_redock_6CBZ,0.6528,4.2296,inf
decoy374,4MG9,27K_redock_4MG9,0.6523,4.2465,inf
decoy374,4TUZ,36J_redock_4TUZ,0.6440,4.1615,inf
decoy374,3UU7,2OH_redock_3UU7,0.6313,4.0247,inf
decoy374,3UUD,EST_redock_3UUD,0.6214,4.0650,inf
decoy374,1ERE,EST_redock_1ERE,0.5722,3.7839,inf
decoy374,1G50,EST_redock_1G50,0.5587,3.9986,inf
decoy375,1GWR,EST_redock_1GWR,0.9171,7.0449,inf
decoy375,1ERE,EST_redock_1ERE,0.8556,6.5805,inf
decoy375,1G50,EST_redock_1G50,0.8503,6.4225,inf
decoy375,3UUD,EST_redock_3UUD,0.8287,6.3243,inf
decoy375,6CBZ,EST_redock_6CBZ,0.8264,6.2091,inf
decoy375,4ZN7,DES_redock_4ZN7,0.7674,6.0375,inf
decoy375,4MGA,27L_redock_4MGA,0.7568,5.6888,inf
decoy375,4MG9,27K_redock_4MG9,0.7526,5.6485,inf
decoy375,4MG8,27J_redock_4MG8,0.7446,5.6588,inf
decoy375,3UU7,2OH_redock_3UU7,0.7430,5.6233,inf
decoy375,4TUZ,36J_redock_4TUZ,0.7359,5.5326,inf
decoy375,4MGC,27M_redock_4MGC,0.6882,5.2060,inf
decoy375,3ERD,DES_redock_3ERD,0.6594,4.8641,inf
decoy376,3ERD,DES_redock_3ERD,0.9195,6.8368,inf
decoy376,4ZN7,DES_redock_4ZN7,0.8886,6.3056,inf
decoy376,4MG9,27K_redock_4MG9,0.8327,6.2070,inf
decoy376,4MGC,27M_redock_4MGC,0.8284,5.8180,inf
decoy376,4MGA,27L_redock_4MGA,0.7599,5.6827,inf
decoy376,1GWR,EST_redock_1GWR,0.7359,5.2982,inf
decoy376,3UU7,2OH_redock_3UU7,0.7328,4.9639,inf
decoy376,4MG8,27J_redock_4MG8,0.7140,4.9458,inf
decoy376,4TUZ,36J_redock_4TUZ,0.7116,4.6588,inf
decoy376,1G50,EST_redock_1G50,0.7022,5.1853,inf
decoy376,6CBZ,EST_redock_6CBZ,0.6836,4.5534,inf
decoy376,3UUD,EST_redock_3UUD,0.6685,4.8382,inf
decoy376,1ERE,EST_redock_1ERE,0.5821,4.2521,inf
decoy377,1GWR,EST_redock_1GWR,0.4757,2.8382,inf
decoy377,4MG8,27J_redock_4MG8,0.4435,2.6215,inf
decoy377,3UU7,2OH_redock_3UU7,0.3872,2.4952,inf
decoy377,4MGC,27M_redock_4MGC,0.3572,2.0102,inf
decoy377,6CBZ,EST_redock_6CBZ,0.3425,1.9169,inf
decoy377,1ERE,EST_redock_1ERE,0.2874,1.7189,inf
decoy377,4TUZ,36J_redock_4TUZ,0.2859,1.7360,inf
decoy377,4ZN7,DES_redock_4ZN7,0.2574,1.6656,inf
decoy377,3ERD,DES_redock_3ERD,0.2223,1.4512,inf
decoy377,3UUD,EST_redock_3UUD,0.2197,1.4727,inf
decoy377,4MG9,27K_redock_4MG9,0.1879,1.2140,inf
decoy377,4MGA,27L_redock_4MGA,0.1562,0.9971,inf
decoy377,1G50,EST_redock_1G50,0.1542,0.8654,inf
decoy378,3ERD,DES_redock_3ERD,0.4418,2.9124,inf
decoy378,4ZN7,DES_redock_4ZN7,0.3783,2.4945,inf
decoy378,1ERE,EST_redock_1ERE,0.3767,2.5345,inf
decoy378,3UUD,EST_redock_3UUD,0.3742,2.4233,inf
decoy378,4MGC,27M_redock_4MGC,0.3558,2.1604,inf
decoy378,1GWR,EST_redock_1GWR,0.3551,2.2598,inf
decoy378,6CBZ,EST_redock_6CBZ,0.3495,2.2561,inf
decoy378,3UU7,2OH_redock_3UU7,0.3397,2.2363,inf
decoy378,4TUZ,36J_redock_4TUZ,0.3102,2.0023,inf
decoy378,1G50,EST_redock_1G50,0.2835,1.8124,inf
decoy378,4MG9,27K_redock_4MG9,0.2649,1.7035,inf
decoy378,4MG8,27J_redock_4MG8,0.2382,1.4889,inf
decoy378,4MGA,27L_redock_4MGA,0.2230,1.1557,inf
decoy379,4MG8,27J_redock_4MG8,0.5344,3.6878,inf
decoy379,3UU7,2OH_redock_3UU7,0.5213,3.8637,inf
decoy379,1ERE,EST_redock_1ERE,0.4893,3.4101,inf
decoy379,1GWR,EST_redock_1GWR,0.4796,3.5461,inf
decoy379,4MG9,27K_redock_4MG9,0.4780,3.1615,inf
decoy379,4TUZ,36J_redock_4TUZ,0.4694,3.2240,inf
decoy379,4MGC,27M_redock_4MGC,0.4255,2.5623,inf
decoy379,3UUD,EST_redock_3UUD,0.4226,2.9968,inf
decoy379,4ZN7,DES_redock_4ZN7,0.4087,2.8634,inf
decoy379,6CBZ,EST_redock_6CBZ,0.3945,2.7282,inf
decoy379,1G50,EST_redock_1G50,0.3893,2.5448,inf
decoy379,3ERD,DES_redock_3ERD,0.3636,2.5903,inf
decoy379,4MGA,27L_redock_4MGA,0.3397,2.2891,inf
decoy38,4MG8,27J_redock_4MG8,0.7575,3.9077,inf
decoy38,4MGC,27M_redock_4MGC,0.6959,3.5057,inf
decoy38,6CBZ,EST_redock_6CBZ,0.6153,3.7386,inf
decoy38,4TUZ,36J_redock_4TUZ,0.6113,3.8493,inf
decoy38,4ZN7,DES_redock_4ZN7,0.6091,3.3225,inf
decoy38,4MG9,27K_redock_4MG9,0.5789,3.6000,inf
decoy38,3UU7,2OH_redock_3UU7,0.5734,3.1700,inf
decoy38,3ERD,DES_redock_3ERD,0.5700,3.0723,inf
decoy38,1GWR,EST_redock_1GWR,0.5674,3.3658,inf
decoy38,3UUD,EST_redock_3UUD,0.5387,3.2224,inf
decoy38,1ERE,EST_redock_1ERE,0.4862,3.2785,inf
decoy38,4MGA,27L_redock_4MGA,0.4737,3.1545,inf
decoy38,1G50,EST_redock_1G50,0.4246,2.5360,inf
decoy380,1G50,EST_redock_1G50,0.4672,2.8365,inf
decoy380,4MGC,27M_redock_4MGC,0.4454,2.8324,inf
decoy380,1GWR,EST_redock_1GWR,0.4106,2.7668,inf
decoy380,3ERD,DES_redock_3ERD,0.4038,2.3965,inf
decoy380,3UU7,2OH_redock_3UU7,0.4030,2.3636,inf
decoy380,6CBZ,EST_redock_6CBZ,0.3943,2.3507,inf
decoy380,4MGA,27L_redock_4MGA,0.3762,2.0880,inf
decoy380,4MG8,27J_redock_4MG8,0.3754,2.1970,inf
decoy380,3UUD,EST_redock_3UUD,0.3670,2.3643,inf
decoy380,4ZN7,DES_redock_4ZN7,0.3669,2.2845,inf
decoy380,4MG9,27K_redock_4MG9,0.3615,2.0491,inf
decoy380,4TUZ,36J_redock_4TUZ,0.3143,2.0158,inf
decoy380,1ERE,EST_redock_1ERE,0.3076,2.1542,inf
decoy381,1GWR,EST_redock_1GWR,0.8394,5.9627,inf
decoy381,4ZN7,DES_redock_4ZN7,0.8145,5.6271,inf
decoy381,3ERD,DES_redock_3ERD,0.8035,5.5413,inf
decoy381,6CBZ,EST_redock_6CBZ,0.7881,5.7297,inf
decoy381,4TUZ,36J_redock_4TUZ,0.7670,5.6628,inf
decoy381,3UUD,EST_redock_3UUD,0.7555,4.8077,inf
decoy381,4MG8,27J_redock_4MG8,0.7297,4.9824,inf
decoy381,1ERE,EST_redock_1ERE,0.7000,5.0608,inf
decoy381,4MGC,27M_redock_4MGC,0.6988,4.9898,inf
decoy381,1G50,EST_redock_1G50,0.6762,4.7928,inf
decoy381,4MGA,27L_redock_4MGA,0.6423,4.4465,inf
decoy381,3UU7,2OH_redock_3UU7,0.6208,4.3073,inf
decoy381,4MG9,27K_redock_4MG9,0.4291,2.7423,inf
decoy382,4TUZ,36J_redock_4TUZ,0.7956,5.8974,inf
decoy382,1GWR,EST_redock_1GWR,0.7814,5.8697,inf
decoy382,4MGC,27M_redock_4MGC,0.7204,5.2454,inf
decoy382,6CBZ,EST_redock_6CBZ,0.6802,4.8807,inf
decoy382,4MGA,27L_redock_4MGA,0.6543,4.7681,inf
decoy382,3UUD,EST_redock_3UUD,0.6535,4.6823,inf
decoy382,4ZN7,DES_redock_4ZN7,0.6482,4.5521,inf
decoy382,4MG8,27J_redock_4MG8,0.6238,4.6131,inf
decoy382,3UU7,2OH_redock_3UU7,0.6235,4.5936,inf
decoy382,3ERD,DES_redock_3ERD,0.6109,4.4849,inf
decoy382,1G50,EST_redock_1G50,0.5553,3.9037,inf
decoy382,1ERE,EST_redock_1ERE,0.5290,3.7183,inf
decoy382,4MG9,27K_redock_4MG9,0.3763,2.6605,inf
decoy383,4MGC,27M_redock_4MGC,0.4537,3.1666,inf
decoy383,4MG8,27J_redock_4MG8,0.4420,2.7623,inf
decoy383,4ZN7,DES_redock_4ZN7,0.4360,2.8030,inf
decoy383,4MGA,27L_redock_4MGA,0.4151,2.9613,inf
decoy383,4TUZ,36J_redock_4TUZ,0.3715,2.3832,inf
decoy383,3UU7,2OH_redock_3UU7,0.3666,2.3349,inf
decoy383,1G50,EST_redock_1G50,0.3581,2.1243,inf
decoy383,6CBZ,EST_redock_6CBZ,0.3528,2.1962,inf
decoy383,4MG9,27K_redock_4MG9,0.3494,2.2917,inf
decoy383,3ERD,DES_redock_3ERD,0.3311,2.2566,inf
decoy383,1GWR,EST_redock_1GWR,0.3295,2.0891,inf
decoy383,3UUD,EST_redock_3UUD,0.3227,2.1863,inf
decoy383,1ERE,EST_redock_1ERE,0.3173,1.7359,inf
decoy384,1GWR,EST_redock_1GWR,0.7909,5.5721,inf
decoy384,1G50,EST_redock_1G50,0.7714,5.6126,inf
decoy384,4TUZ,36J_redock_4TUZ,0.7678,5.6671,inf
decoy384,4MGC,27M_redock_4MGC,0.7560,5.3149,inf
decoy384,6CBZ,EST_redock_6CBZ,0.7520,4.9367,inf
decoy384,4MG8,27J_redock_4MG8,0.6775,4.8994,inf
decoy384,3UUD,EST_redock_3UUD,0.6557,4.4831,inf
decoy384,1ERE,EST_redock_1ERE,0.6522,4.5572,inf
decoy384,4ZN7,DES_redock_4ZN7,0.6505,4.5611,inf
decoy384,3ERD,DES_redock_3ERD,0.6374,4.4309,inf
decoy384,3UU7,2OH_redock_3UU7,0.6197,4.3590,inf
decoy384,4MGA,27L_redock_4MGA,0.6140,4.2933,inf
decoy384,4MG9,27K_redock_4MG9,0.5882,4.2000,inf
decoy385,6CBZ,EST_redock_6CBZ,0.5805,4.3652,inf
decoy385,3UUD,EST_redock_3UUD,0.5503,4.1116,inf
decoy385,1GWR,EST_redock_1GWR,0.4923,3.5384,inf
decoy385,4MG8,27J_redock_4MG8,0.4368,3.1767,inf
decoy385,4MG9,27K_redock_4MG9,0.4337,3.1122,inf
decoy385,1ERE,EST_redock_1ERE,0.4217,3.1323,inf
decoy385,3UU7,2OH_redock_3UU7,0.3722,2.6772,inf
decoy385,4TUZ,36J_redock_4TUZ,0.3650,2.6357,inf
decoy385,4MGC,27M_redock_4MGC,0.3340,2.3778,inf
decoy385,4MGA,27L_redock_4MGA,0.2846,1.9843,inf
decoy385,3ERD,DES_redock_3ERD,0.2822,1.9790,inf
decoy385,4ZN7,DES_redock_4ZN7,0.2622,1.8124,inf
decoy385,1G50,EST_redock_1G50,0.2261,1.5554,inf
decoy386,1GWR,EST_redock_1GWR,0.7685,5.3311,inf
decoy386,4ZN7,DES_redock_4ZN7,0.6854,4.8954,inf
decoy386,1ERE,EST_redock_1ERE,0.6613,4.5368,inf
decoy386,4MGA,27L_redock_4MGA,0.6471,4.0780,inf
decoy386,4MG8,27J_redock_4MG8,0.6424,4.4161,inf
decoy386,4TUZ,36J_redock_4TUZ,0.6297,4.3830,inf
decoy386,4MGC,27M_redock_4MGC,0.5740,3.9160,inf
decoy386,3UUD,EST_redock_3UUD,0.5422,3.7474,inf
decoy386,4MG9,27K_redock_4MG9,0.5381,3.5829,inf
decoy386,3ERD,DES_redock_3ERD,0.5174,3.5682,inf
decoy386,6CBZ,EST_redock_6CBZ,0.5053,3.3188,inf
decoy386,3UU7,2OH_redock_3UU7,0.4606,3.1007,inf
decoy386,1G50,EST_redock_1G50,0.4058,2.6459,inf
decoy387,4ZN7,DES_redock_4ZN7,0.6895,4.8187,inf
decoy387,3ERD,DES_redock_3ERD,0.6809,4.6816,inf
decoy387,4MGC,27M_redock_4MGC,0.6197,4.1126,inf
decoy387,4MG8,27J_redock_4MG8,0.5645,3.6715,inf
decoy387,4TUZ,36J_redock_4TUZ,0.5341,3.6826,inf
decoy387,3UU7,2OH_redock_3UU7,0.5256,3.2372,inf
decoy387,1GWR,EST_redock_1GWR,0.4372,2.8611,inf
decoy387,6CBZ,EST_redock_6CBZ,0.4275,2.9529,inf
decoy387,3UUD,EST_redock_3UUD,0.4196,2.6545,inf
decoy387,1G50,EST_redock_1G50,0.4020,2.7025,inf
decoy387,4MGA,27L_redock_4MGA,0.4009,2.6947,inf
decoy387,1ERE,EST_redock_1ERE,0.3649,2.4816,inf
decoy387,4MG9,27K_redock_4MG9,0.3288,1.8162,inf
decoy388,4MGC,27M_redock_4MGC,0.9533,6.3871,inf
decoy388,4MG8,27J_redock_4MG8,0.9373,6.0786,inf
decoy388,4TUZ,36J_redock_4TUZ,0.9127,5.8599,inf
decoy388,3UU7,2OH_redock_3UU7,0.9106,5.9339,inf
decoy388,1GWR,EST_redock_1GWR,0.8821,5.8875,inf
decoy388,6CBZ,EST_redock_6CBZ,0.8796,5.7086,inf
decoy388,1ERE,EST_redock_1ERE,0.7841,5.2802,inf
decoy388,4ZN7,DES_redock_4ZN7,0.7673,4.9904,inf
decoy388,4MG9,27K_redock_4MG9,0.7621,4.9511,inf
decoy388,4MGA,27L_redock_4MGA,0.6984,4.3725,inf
decoy388,3UUD,EST_redock_3UUD,0.6905,4.4467,inf
decoy388,3ERD,DES_redock_3ERD,0.6209,3.8131,inf
decoy388,1G50,EST_redock_1G50,0.6175,3.8642,inf
decoy389,4MGC,27M_redock_4MGC,0.7829,5.7883,inf
decoy389,4ZN7,DES_redock_4ZN7,0.7520,5.5336,inf
decoy389,1GWR,EST_redock_1GWR,0.7317,5.3537,inf
decoy389,3ERD,DES_redock_3ERD,0.7168,5.3389,inf
decoy389,4MG8,27J_redock_4MG8,0.7080,5.3215,inf
decoy389,4TUZ,36J_redock_4TUZ,0.6906,4.9987,inf
decoy389,6CBZ,EST_redock_6CBZ,0.6865,5.0519,inf
decoy389,1ERE,EST_redock_1ERE,0.6113,4.4826,inf
decoy389,4MGA,27L_redock_4MGA,0.5983,4.4911,inf
decoy389,4MG9,27K_redock_4MG9,0.5735,4.1888,inf
decoy389,3UUD,EST_redock_3UUD,0.5499,4.0575,inf
decoy389,1G50,EST_redock_1G50,0.5453,3.9228,inf
decoy389,3UU7,2OH_redock_3UU7,0.4929,3.4720,inf
decoy39,4ZN7,DES_redock_4ZN7,0.6847,4.7581,inf
decoy39,4MG9,27K_redock_4MG9,0.6742,4.8942,inf
decoy39,3ERD,DES_redock_3ERD,0.5938,4.2242,inf
decoy39,3UUD,EST_redock_3UUD,0.5883,4.4072,inf
decoy39,4MG8,27J_redock_4MG8,0.5795,4.2149,inf
decoy39,1ERE,EST_redock_1ERE,0.5656,4.0983,inf
decoy39,6CBZ,EST_redock_6CBZ,0.5611,4.0206,inf
decoy39,1GWR,EST_redock_1GWR,0.5322,3.7321,inf
decoy39,4MGA,27L_redock_4MGA,0.4710,3.3730,inf
decoy39,3UU7,2OH_redock_3UU7,0.4563,3.2980,inf
decoy39,4MGC,27M_redock_4MGC,0.4453,3.0570,inf
decoy39,1G50,EST_redock_1G50,0.3754,1.9215,inf
decoy39,4TUZ,36J_redock_4TUZ,0.3693,2.6109,inf
decoy390,4MG9,27K_redock_4MG9,0.6691,5.2163,inf
decoy390,3UUD,EST_redock_3UUD,0.5561,4.2484,inf
decoy390,1GWR,EST_redock_1GWR,0.5552,4.1825,inf
decoy390,3ERD,DES_redock_3ERD,0.5369,4.0395,inf
decoy390,6CBZ,EST_redock_6CBZ,0.5098,3.8669,inf
decoy390,1G50,EST_redock_1G50,0.4887,3.6007,inf
decoy390,4ZN7,DES_redock_4ZN7,0.4870,3.7265,inf
decoy390,4MGA,27L_redock_4MGA,0.4443,3.3118,inf
decoy390,3UU7,2OH_redock_3UU7,0.4126,3.1186,inf
decoy390,4MGC,27M_redock_4MGC,0.3809,2.7134,inf
decoy390,4MG8,27J_redock_4MG8,0.3651,2.6968,inf
decoy390,4TUZ,36J_redock_4TUZ,0.3436,2.5390,inf
decoy390,1ERE,EST_redock_1ERE,0.2982,2.1956,inf
decoy391,1GWR,EST_redock_1GWR,0.6069,3.6527,inf
decoy391,1ERE,EST_redock_1ERE,0.5020,3.4826,inf
decoy391,4MG8,27J_redock_4MG8,0.4589,3.0564,inf
decoy391,4TUZ,36J_redock_4TUZ,0.4558,3.0307,inf
decoy391,4MGA,27L_redock_4MGA,0.4160,2.4575,inf
decoy391,4MG9,27K_redock_4MG9,0.4017,2.7569,inf
decoy391,3UU7,2OH_redock_3UU7,0.3897,2.5164,inf
decoy391,4ZN7,DES_redock_4ZN7,0.3588,2.4459,inf
decoy391,4MGC,27M_redock_4MGC,0.3500,2.0853,inf
decoy391,3ERD,DES_redock_3ERD,0.3274,1.9537,inf
decoy391,3UUD,EST_redock_3UUD,0.3138,1.6277,inf
decoy391,1G50,EST_redock_1G50,0.2645,1.6100,inf
decoy391,6CBZ,EST_redock_6CBZ,0.2592,1.7294,inf
decoy392,4MGA,27L_redock_4MGA,0.8095,5.3416,inf
decoy392,1GWR,EST_redock_1GWR,0.8035,5.8025,inf
decoy392,4MG8,27J_redock_4MG8,0.7785,5.6576,inf
decoy392,4MGC,27M_redock_4MGC,0.7655,5.4916,inf
decoy392,3ERD,DES_redock_3ERD,0.7346,5.0956,inf
decoy392,1ERE,EST_redock_1ERE,0.6565,4.3231,inf
decoy392,4ZN7,DES_redock_4ZN7,0.6498,4.5527,inf
decoy392,3UU7,2OH_redock_3UU7,0.5899,3.9077,inf
decoy392,4MG9,27K_redock_4MG9,0.5871,4.0731,inf
decoy392,4TUZ,36J_redock_4TUZ,0.5857,4.0547,inf
decoy392,1G50,EST_redock_1G50,0.5775,3.3764,inf
decoy392,6CBZ,EST_redock_6CBZ,0.5663,3.6879,inf
decoy392,3UUD,EST_redock_3UUD,0.5634,3.9358,inf
decoy393,1GWR,EST_redock_1GWR,0.8214,5.2816,inf
decoy393,3UU7,2OH_redock_3UU7,0.7986,5.5277,inf
decoy393,4MGA,27L_redock_4MGA,0.7767,5.3210,inf
decoy393,4MGC,27M_redock_4MGC,0.7652,5.0585,inf
decoy393,4ZN7,DES_redock_4ZN7,0.7555,4.9652,inf
decoy393,4TUZ,36J_redock_4TUZ,0.7388,4.7823,inf
decoy393,1G50,EST_redock_1G50,0.7387,4.8549,inf
decoy393,6CBZ,EST_redock_6CBZ,0.7300,4.7213,inf
decoy393,3UUD,EST_redock_3UUD,0.7114,4.5588,inf
decoy393,4MG9,27K_redock_4MG9,0.6570,4.3429,inf
decoy393,1ERE,EST_redock_1ERE,0.6506,4.0962,inf
decoy393,4MG8,27J_redock_4MG8,0.6117,3.9451,inf
decoy393,3ERD,DES_redock_3ERD,0.5454,3.6202,inf
decoy394,4TUZ,36J_redock_4TUZ,0.7951,5.7904,inf
decoy394,1G50,EST_redock_1G50,0.7724,5.6326,inf
decoy394,3UU7,2OH_redock_3UU7,0.7551,5.4724,inf
decoy394,4MG9,27K_redock_4MG9,0.6790,4.8812,inf
decoy394,3UUD,EST_redock_3UUD,0.6696,4.9216,inf
decoy394,1ERE,EST_redock_1ERE,0.6691,4.8394,inf
decoy394,4MGC,27M_redock_4MGC,0.6607,4.7608,inf
decoy394,4MG8,27J_redock_4MG8,0.6517,4.6308,inf
decoy394,1GWR,EST_redock_1GWR,0.6404,4.6952,inf
decoy394,3ERD,DES_redock_3ERD,0.6391,4.6536,inf
decoy394,6CBZ,EST_redock_6CBZ,0.5998,4.3787,inf
decoy394,4ZN7,DES_redock_4ZN7,0.5936,3.5355,inf
decoy394,4MGA,27L_redock_4MGA,0.5617,4.0743,inf
decoy395,4MGC,27M_redock_4MGC,0.7282,4.3440,inf
decoy395,1GWR,EST_redock_1GWR,0.4454,2.7296,inf
decoy395,4MG8,27J_redock_4MG8,0.4196,2.6498,inf
decoy395,3UU7,2OH_redock_3UU7,0.4029,2.3431,inf
decoy395,4MG9,27K_redock_4MG9,0.3267,2.0277,inf
decoy395,1ERE,EST_redock_1ERE,0.3235,1.9573,inf
decoy395,4MGA,27L_redock_4MGA,0.3087,1.8577,inf
decoy395,6CBZ,EST_redock_6CBZ,0.3071,1.8031,inf
decoy395,4ZN7,DES_redock_4ZN7,0.2930,1.6956,inf
decoy395,3UUD,EST_redock_3UUD,0.2783,1.4148,inf
decoy395,4TUZ,36J_redock_4TUZ,0.2679,1.6103,inf
decoy395,1G50,EST_redock_1G50,0.2573,1.1538,inf
decoy395,3ERD,DES_redock_3ERD,0.2450,1.4224,inf
decoy396,4MGC,27M_redock_4MGC,0.7387,4.7267,inf
decoy396,4MG8,27J_redock_4MG8,0.7145,4.7516,inf
decoy396,3ERD,DES_redock_3ERD,0.7096,4.6224,inf
decoy396,6CBZ,EST_redock_6CBZ,0.6946,4.7513,inf
decoy396,4MG9,27K_redock_4MG9,0.6666,4.6042,inf
decoy396,1GWR,EST_redock_1GWR,0.6665,4.4620,inf
decoy396,3UU7,2OH_redock_3UU7,0.6625,4.1616,inf
decoy396,4ZN7,DES_redock_4ZN7,0.6609,4.3698,inf
decoy396,3UUD,EST_redock_3UUD,0.6489,4.4004,inf
decoy396,4MGA,27L_redock_4MGA,0.6348,4.1508,inf
decoy396,4TUZ,36J_redock_4TUZ,0.6201,4.0369,inf
decoy396,1ERE,EST_redock_1ERE,0.5819,4.0176,inf
decoy396,1G50,EST_redock_1G50,0.5799,4.0883,inf
decoy397,1GWR,EST_redock_1GWR,0.9031,6.3461,inf
decoy397,4ZN7,DES_redock_4ZN7,0.8919,6.3023,inf
decoy397,3UUD,EST_redock_3UUD,0.8909,6.5036,inf
decoy397,1ERE,EST_redock_1ERE,0.8908,6.4142,inf
decoy397,3UU7,2OH_redock_3UU7,0.8902,6.5012,inf
decoy397,6CBZ,EST_redock_6CBZ,0.8892,6.2135,inf
decoy397,4TUZ,36J_redock_4TUZ,0.8602,6.2611,inf
decoy397,4MGC,27M_redock_4MGC,0.8577,6.0659,inf
decoy397,4MGA,27L_redock_4MGA,0.8439,5.9125,inf
decoy397,4MG9,27K_redock_4MG9,0.8432,6.0999,inf
decoy397,3ERD,DES_redock_3ERD,0.8266,5.9033,inf
decoy397,4MG8,27J_redock_4MG8,0.8240,5.8207,inf
decoy397,1G50,EST_redock_1G50,0.7833,5.4969,inf
decoy398,4MG8,27J_redock_4MG8,0.5584,3.7309,inf
decoy398,1GWR,EST_redock_1GWR,0.5436,3.6097,inf
decoy398,3UU7,2OH_redock_3UU7,0.5238,3.0283,inf
decoy398,4ZN7,DES_redock_4ZN7,0.4857,3.1107,inf
decoy398,1ERE,EST_redock_1ERE,0.4809,3.2280,inf
decoy398,6CBZ,EST_redock_6CBZ,0.4753,3.1968,inf
decoy398,4MG9,27K_redock_4MG9,0.4600,3.0133,inf
decoy398,3ERD,DES_redock_3ERD,0.4478,2.9676,inf
decoy398,4MGA,27L_redock_4MGA,0.4445,3.0361,inf
decoy398,3UUD,EST_redock_3UUD,0.4122,2.8097,inf
decoy398,4TUZ,36J_redock_4TUZ,0.4018,2.5636,inf
decoy398,4MGC,27M_redock_4MGC,0.4010,2.6708,inf
decoy398,1G50,EST_redock_1G50,0.2716,1.6620,inf
decoy399,4TUZ,36J_redock_4TUZ,0.6119,4.2625,inf
decoy399,3ERD,DES_redock_3ERD,0.6102,4.0877,inf
decoy399,1G50,EST_redock_1G50,0.6025,4.0615,inf
decoy399,4ZN7,DES_redock_4ZN7,0.5882,3.8596,inf
decoy399,4MG8,27J_redock_4MG8,0.5872,3.9029,inf
decoy399,3UUD,EST_redock_3UUD,0.5578,3.6806,inf
decoy399,4MGA,27L_redock_4MGA,0.5439,3.6376,inf
decoy399,4MG9,27K_redock_4MG9,0.5396,3.6186,inf
decoy399,3UU7,2OH_redock_3UU7,0.5388,3.6330,inf
decoy399,1ERE,EST_redock_1ERE,0.5187,3.3886,inf
decoy399,1GWR,EST_redock_1GWR,0.4829,3.1490,inf
decoy399,6CBZ,EST_redock_6CBZ,0.4582,2.9199,inf
decoy399,4MGC,27M_redock_4MGC,0.4445,2.9824,inf
decoy4,4MGC,27M_redock_4MGC,0.7991,5.5793,inf
decoy4,4TUZ,36J_redock_4TUZ,0.7931,5.6239,inf
decoy4,1G50,EST_redock_1G50,0.7634,5.1743,inf
decoy4,3UUD,EST_redock_3UUD,0.7607,5.1848,inf
decoy4,4ZN7,DES_redock_4ZN7,0.7599,5.3211,inf
decoy4,1ERE,EST_redock_1ERE,0.7570,5.2736,inf
decoy4,1GWR,EST_redock_1GWR,0.7461,4.9121,inf
decoy4,4MG8,27J_redock_4MG8,0.7460,5.0913,inf
decoy4,4MGA,27L_redock_4MGA,0.7441,5.2244,inf
decoy4,4MG9,27K_redock_4MG9,0.7346,5.0803,inf
decoy4,3ERD,DES_redock_3ERD,0.7012,4.8107,inf
decoy4,6CBZ,EST_redock_6CBZ,0.6744,4.5234,inf
decoy4,3UU7,2OH_redock_3UU7,0.5328,3.5114,inf
decoy40,4TUZ,36J_redock_4TUZ,0.6220,4.4232,inf
decoy40,1GWR,EST_redock_1GWR,0.6062,4.3815,inf
decoy40,4ZN7,DES_redock_4ZN7,0.6011,4.2759,inf
decoy40,4MG8,27J_redock_4MG8,0.5310,3.7355,inf
decoy40,4MGA,27L_redock_4MGA,0.5255,3.7114,inf
decoy40,6CBZ,EST_redock_6CBZ,0.5234,3.7630,inf
decoy40,3ERD,DES_redock_3ERD,0.4993,3.4809,inf
decoy40,3UU7,2OH_redock_3UU7,0.4921,3.4479,inf
decoy40,3UUD,EST_redock_3UUD,0.4746,3.3534,inf
decoy40,4MGC,27M_redock_4MGC,0.4488,3.0173,inf
decoy40,1ERE,EST_redock_1ERE,0.4220,2.9465,inf
decoy40,4MG9,27K_redock_4MG9,0.3984,2.5231,inf
decoy40,1G50,EST_redock_1G50,0.3718,2.4280,inf
decoy400,4TUZ,36J_redock_4TUZ,0.7477,5.3866,inf
decoy400,3UU7,2OH_redock_3UU7,0.6994,5.1642,inf
decoy400,6CBZ,EST_redock_6CBZ,0.6402,4.5917,inf
decoy400,1G50,EST_redock_1G50,0.5545,4.0439,inf
decoy400,3ERD,DES_redock_3ERD,0.5396,3.9519,inf
decoy400,1GWR,EST_redock_1GWR,0.5379,3.9610,inf
decoy400,4ZN7,DES_redock_4ZN7,0.5358,3.7437,inf
decoy400,3UUD,EST_redock_3UUD,0.5356,3.8964,inf
decoy400,4MGA,27L_redock_4MGA,0.5099,3.6744,inf
decoy400,4MG8,27J_redock_4MG8,0.4964,3.5265,inf
decoy400,1ERE,EST_redock_1ERE,0.4898,3.5994,inf
decoy400,4MGC,27M_redock_4MGC,0.4603,3.2583,inf
decoy400,4MG9,27K_redock_4MG9,0.3826,2.7703,inf
decoy401,4MG8,27J_redock_4MG8,0.6864,4.8304,inf
decoy401,4TUZ,36J_redock_4TUZ,0.6160,4.2504,inf
decoy401,6CBZ,EST_redock_6CBZ,0.5884,4.0476,inf
decoy401,1ERE,EST_redock_1ERE,0.5733,3.9264,inf
decoy401,3UUD,EST_redock_3UUD,0.5609,3.9537,inf
decoy401,1GWR,EST_redock_1GWR,0.5280,3.6182,inf
decoy401,3ERD,DES_redock_3ERD,0.5013,3.4558,inf
decoy401,4MGC,27M_redock_4MGC,0.4471,3.0418,inf
decoy401,4ZN7,DES_redock_4ZN7,0.4061,2.7262,inf
decoy401,4MG9,27K_redock_4MG9,0.3891,2.5860,inf
decoy401,4MGA,27L_redock_4MGA,0.2963,2.0153,inf
decoy401,3UU7,2OH_redock_3UU7,0.2912,1.8890,inf
decoy401,1G50,EST_redock_1G50,0.2588,1.6769,inf
decoy402,1GWR,EST_redock_1GWR,0.5106,3.4315,inf
decoy402,3ERD,DES_redock_3ERD,0.4937,3.3748,inf
decoy402,1ERE,EST_redock_1ERE,0.4793,3.0872,inf
decoy402,4ZN7,DES_redock_4ZN7,0.4728,3.2992,inf
decoy402,3UUD,EST_redock_3UUD,0.4539,2.9330,inf
decoy402,4MG9,27K_redock_4MG9,0.4404,2.5402,inf
decoy402,4MGA,27L_redock_4MGA,0.4377,2.8018,inf
decoy402,4MGC,27M_redock_4MGC,0.4258,2.1591,inf
decoy402,3UU7,2OH_redock_3UU7,0.3961,2.5933,inf
decoy402,1G50,EST_redock_1G50,0.3734,2.4808,inf
decoy402,4TUZ,36J_redock_4TUZ,0.3649,2.4179,inf
decoy402,4MG8,27J_redock_4MG8,0.3490,2.1228,inf
decoy402,6CBZ,EST_redock_6CBZ,0.3433,2.3355,inf
decoy403,1GWR,EST_redock_1GWR,0.7386,4.8230,inf
decoy403,4TUZ,36J_redock_4TUZ,0.7315,4.7805,inf
decoy403,4ZN7,DES_redock_4ZN7,0.7304,5.0468,inf
decoy403,4MG8,27J_redock_4MG8,0.6671,3.9111,inf
decoy403,4MG9,27K_redock_4MG9,0.6444,3.4662,inf
decoy403,1G50,EST_redock_1G50,0.5815,3.9179,inf
decoy403,3UU7,2OH_redock_3UU7,0.5629,3.4925,inf
decoy403,4MGA,27L_redock_4MGA,0.5570,3.7651,inf
decoy403,4MGC,27M_redock_4MGC,0.5487,3.8330,inf
decoy403,6CBZ,EST_redock_6CBZ,0.5444,3.4544,inf
decoy403,1ERE,EST_redock_1ERE,0.5182,3.4106,inf
decoy403,3ERD,DES_redock_3ERD,0.5179,3.4152,inf
decoy403,3UUD,EST_redock_3UUD,0.4989,3.2586,inf
decoy404,4TUZ,36J_redock_4TUZ,0.7549,5.1772,inf
decoy404,1GWR,EST_redock_1GWR,0.7508,5.2924,inf
decoy404,4MGC,27M_redock_4MGC,0.6950,4.7192,inf
decoy404,6CBZ,EST_redock_6CBZ,0.6709,4.5130,inf
decoy404,4ZN7,DES_redock_4ZN7,0.6261,4.2356,inf
decoy404,1ERE,EST_redock_1ERE,0.5721,3.7884,inf
decoy404,3UUD,EST_redock_3UUD,0.5706,3.5798,inf
decoy404,4MG8,27J_redock_4MG8,0.5675,3.8234,inf
decoy404,4MG9,27K_redock_4MG9,0.5201,3.4402,inf
decoy404,1G50,EST_redock_1G50,0.4976,3.3116,inf
decoy404,3ERD,DES_redock_3ERD,0.4758,3.2433,inf
decoy404,3UU7,2OH_redock_3UU7,0.4585,3.0554,inf
decoy404,4MGA,27L_redock_4MGA,0.3648,2.3787,inf
decoy405,1G50,EST_redock_1G50,0.7650,5.1276,inf
decoy405,3UU7,2OH_redock_3UU7,0.7183,4.8871,inf
decoy405,3ERD,DES_redock_3ERD,0.7144,4.6977,inf
decoy405,4MGC,27M_redock_4MGC,0.7101,4.6031,inf
decoy405,4MGA,27L_redock_4MGA,0.7023,4.7268,inf
decoy405,4TUZ,36J_redock_4TUZ,0.6853,4.5057,inf
decoy405,4MG9,27K_redock_4MG9,0.6097,3.8528,inf
decoy405,4MG8,27J_redock_4MG8,0.6005,3.7293,inf
decoy405,1GWR,EST_redock_1GWR,0.5832,3.7507,inf
decoy405,3UUD,EST_redock_3UUD,0.5709,3.6543,inf
decoy405,1ERE,EST_redock_1ERE,0.5628,3.6778,inf
decoy405,4ZN7,DES_redock_4ZN7,0.5339,3.2874,inf
decoy405,6CBZ,EST_redock_6CBZ,0.4605,2.9332,inf
decoy406,4MG9,27K_redock_4MG9,0.7025,5.4311,inf
decoy406,4ZN7,DES_redock_4ZN7,0.6916,5.3575,inf
decoy406,1ERE,EST_redock_1ERE,0.6450,4.8169,inf
decoy406,1GWR,EST_redock_1GWR,0.6409,4.9385,inf
decoy406,3ERD,DES_redock_3ERD,0.6131,4.5393,inf
decoy406,4MG8,27J_redock_4MG8,0.6114,4.6031,inf
decoy406,4TUZ,36J_redock_4TUZ,0.5552,4.1964,inf
decoy406,6CBZ,EST_redock_6CBZ,0.5450,3.8512,inf
decoy406,1G50,EST_redock_1G50,0.4970,3.3477,inf
decoy406,4MGC,27M_redock_4MGC,0.4810,2.9225,inf
decoy406,3UU7,2OH_redock_3UU7,0.4731,3.4627,inf
decoy406,4MGA,27L_redock_4MGA,0.4718,3.3941,inf
decoy406,3UUD,EST_redock_3UUD,0.4642,3.3292,inf
decoy407,1GWR,EST_redock_1GWR,0.8726,6.1495,inf
decoy407,4MG8,27J_redock_4MG8,0.7930,4.4287,inf
decoy407,6CBZ,EST_redock_6CBZ,0.7599,5.3136,inf
decoy407,1ERE,EST_redock_1ERE,0.7593,5.5189,inf
decoy407,3UUD,EST_redock_3UUD,0.7254,5.1919,inf
decoy407,4MGC,27M_redock_4MGC,0.7201,5.1116,inf
decoy407,4ZN7,DES_redock_4ZN7,0.6875,4.9799,inf
decoy407,3UU7,2OH_redock_3UU7,0.6790,3.8859,inf
decoy407,4TUZ,36J_redock_4TUZ,0.5912,3.9757,inf
decoy407,4MG9,27K_redock_4MG9,0.5839,4.1143,inf
decoy407,1G50,EST_redock_1G50,0.5007,3.2470,inf
decoy407,3ERD,DES_redock_3ERD,0.4788,3.1748,inf
decoy407,4MGA,27L_redock_4MGA,0.4376,2.9841,inf
decoy408,4MG9,27K_redock_4MG9,0.7342,4.2797,inf
decoy408,4ZN7,DES_redock_4ZN7,0.6867,5.3316,inf
decoy408,3UU7,2OH_redock_3UU7,0.6559,4.9285,inf
decoy408,1G50,EST_redock_1G50,0.6340,4.7330,inf
decoy408,3ERD,DES_redock_3ERD,0.6175,4.6395,inf
decoy408,4MG8,27J_redock_4MG8,0.6098,4.5666,inf
decoy408,3UUD,EST_redock_3UUD,0.5778,4.3726,inf
decoy408,1GWR,EST_redock_1GWR,0.5366,4.0610,inf
decoy408,4MGA,27L_redock_4MGA,0.5295,3.7835,inf
decoy408,6CBZ,EST_redock_6CBZ,0.5236,3.8981,inf
decoy408,4TUZ,36J_redock_4TUZ,0.4960,3.6435,inf
decoy408,4MGC,27M_redock_4MGC,0.4843,3.5556,inf
decoy408,1ERE,EST_redock_1ERE,0.4468,3.2682,inf
decoy409,4MG9,27K_redock_4MG9,0.6267,4.6584,inf
decoy409,3UU7,2OH_redock_3UU7,0.6143,4.5738,inf
decoy409,4MGA,27L_redock_4MGA,0.6080,4.5177,inf
decoy409,4MGC,27M_redock_4MGC,0.5920,4.3066,inf
decoy409,1ERE,EST_redock_1ERE,0.5911,4.3887,inf
decoy409,1GWR,EST_redock_1GWR,0.5652,3.9428,inf
decoy409,3ERD,DES_redock_3ERD,0.5529,4.1952,inf
decoy409,4ZN7,DES_redock_4ZN7,0.5500,4.0609,inf
decoy409,1G50,EST_redock_1G50,0.5113,3.6059,inf
decoy409,4TUZ,36J_redock_4TUZ,0.5013,3.7198,inf
decoy409,4MG8,27J_redock_4MG8,0.4906,3.5773,inf
decoy409,3UUD,EST_redock_3UUD,0.4808,3.5546,inf
decoy409,6CBZ,EST_redock_6CBZ,0.4754,3.4975,inf
decoy41,1GWR,EST_redock_1GWR,0.7696,5.1092,inf
decoy41,4ZN7,DES_redock_4ZN7,0.7643,5.0478,inf
decoy41,4MG8,27J_redock_4MG8,0.7245,4.9908,inf
decoy41,4MGC,27M_redock_4MGC,0.7129,4.3418,inf
decoy41,1ERE,EST_redock_1ERE,0.6689,4.5167,inf
decoy41,6CBZ,EST_redock_6CBZ,0.6685,4.3305,inf
decoy41,4MG9,27K_redock_4MG9,0.6542,4.3247,inf
decoy41,4TUZ,36J_redock_4TUZ,0.6121,4.0173,inf
decoy41,3UUD,EST_redock_3UUD,0.5815,3.6645,inf
decoy41,3ERD,DES_redock_3ERD,0.5645,3.6574,inf
decoy41,3UU7,2OH_redock_3UU7,0.5617,3.6017,inf
decoy41,4MGA,27L_redock_4MGA,0.5288,3.4360,inf
decoy41,1G50,EST_redock_1G50,0.4348,2.7440,inf
decoy410,3ERD,DES_redock_3ERD,0.9174,6.0688,inf
decoy410,4MGA,27L_redock_4MGA,0.9155,5.9517,inf
decoy410,6CBZ,EST_redock_6CBZ,0.9129,6.1331,inf
decoy410,4MGC,27M_redock_4MGC,0.8966,6.1257,inf
decoy410,1G50,EST_redock_1G50,0.8957,6.2746,inf
decoy410,4ZN7,DES_redock_4ZN7,0.8942,5.8420,inf
decoy410,3UU7,2OH_redock_3UU7,0.8930,6.2481,inf
decoy410,1GWR,EST_redock_1GWR,0.8893,6.1115,inf
decoy410,3UUD,EST_redock_3UUD,0.8885,5.9351,inf
decoy410,4MG8,27J_redock_4MG8,0.8630,5.6566,inf
decoy410,4MG9,27K_redock_4MG9,0.8315,5.7707,inf
decoy410,1ERE,EST_redock_1ERE,0.8223,5.7098,inf
decoy410,4TUZ,36J_redock_4TUZ,0.8079,5.3782,inf
decoy411,1GWR,EST_redock_1GWR,0.8418,6.0128,inf
decoy411,4ZN7,DES_redock_4ZN7,0.8302,5.8812,inf
decoy411,1ERE,EST_redock_1ERE,0.8131,5.5721,inf
decoy411,4MG8,27J_redock_4MG8,0.7462,4.7808,inf
decoy411,1G50,EST_redock_1G50,0.7452,5.1467,inf
decoy411,4TUZ,36J_redock_4TUZ,0.7424,5.0267,inf
decoy411,3UUD,EST_redock_3UUD,0.7371,4.7409,inf
decoy411,4MGC,27M_redock_4MGC,0.7195,4.6113,inf
decoy411,6CBZ,EST_redock_6CBZ,0.7158,4.8567,inf
decoy411,3UU7,2OH_redock_3UU7,0.6764,3.9912,inf
decoy411,3ERD,DES_redock_3ERD,0.6541,4.4346,inf
decoy411,4MG9,27K_redock_4MG9,0.6335,4.4903,inf
decoy411,4MGA,27L_redock_4MGA,0.6138,4.2839,inf
decoy412,1G50,EST_redock_1G50,0.7559,5.0732,inf
decoy412,1GWR,EST_redock_1GWR,0.6882,4.2181,inf
decoy412,6CBZ,EST_redock_6CBZ,0.6514,3.9667,inf
decoy412,4MG8,27J_redock_4MG8,0.5905,3.7740,inf
decoy412,4MGC,27M_redock_4MGC,0.5381,3.6838,inf
decoy412,3ERD,DES_redock_3ERD,0.5320,3.3924,inf
decoy412,1ERE,EST_redock_1ERE,0.5077,3.4559,inf
decoy412,4TUZ,36J_redock_4TUZ,0.4895,3.4876,inf
decoy412,4ZN7,DES_redock_4ZN7,0.4412,3.0661,inf
decoy412,3UU7,2OH_redock_3UU7,0.4320,3.1040,inf
decoy412,3UUD,EST_redock_3UUD,0.4238,2.6928,inf
decoy412,4MGA,27L_redock_4MGA,0.4149,2.9081,inf
decoy412,4MG9,27K_redock_4MG9,0.4100,2.6589,inf
decoy413,4MG8,27J_redock_4MG8,0.7311,4.1652,inf
decoy413,4TUZ,36J_redock_4TUZ,0.7245,4.0589,inf
decoy413,4MG9,27K_redock_4MG9,0.7241,4.1158,inf
decoy413,4ZN7,DES_redock_4ZN7,0.7011,4.3005,inf
decoy413,3ERD,DES_redock_3ERD,0.6932,4.5194,inf
decoy413,4MGC,27M_redock_4MGC,0.6858,3.8040,inf
decoy413,4MGA,27L_redock_4MGA,0.6639,4.0738,inf
decoy413,3UU7,2OH_redock_3UU7,0.6213,3.3186,inf
decoy413,3UUD,EST_redock_3UUD,0.6198,3.5065,inf
decoy413,1G50,EST_redock_1G50,0.5549,3.4757,inf
decoy413,1ERE,EST_redock_1ERE,0.5505,3.4104,inf
decoy413,6CBZ,EST_redock_6CBZ,0.4969,3.0304,inf
decoy413,1GWR,EST_redock_1GWR,0.4617,2.8256,inf
decoy414,1GWR,EST_redock_1GWR,0.7587,5.2013,inf
decoy414,4MG9,27K_redock_4MG9,0.7265,4.6423,inf
decoy414,4MGA,27L_redock_4MGA,0.7078,4.6421,inf
decoy414,4MGC,27M_redock_4MGC,0.6807,4.6321,inf
decoy414,4MG8,27J_redock_4MG8,0.6663,4.4340,inf
decoy414,4TUZ,36J_redock_4TUZ,0.6661,4.4887,inf
decoy414,1G50,EST_redock_1G50,0.6039,4.0765,inf
decoy414,3UU7,2OH_redock_3UU7,0.5924,3.7892,inf
decoy414,1ERE,EST_redock_1ERE,0.5744,3.8491,inf
decoy414,3UUD,EST_redock_3UUD,0.5711,3.8741,inf
decoy414,4ZN7,DES_redock_4ZN7,0.5256,3.7093,inf
decoy414,3ERD,DES_redock_3ERD,0.5097,3.3467,inf
decoy414,6CBZ,EST_redock_6CBZ,0.5020,3.3311,inf
decoy415,4MGC,27M_redock_4MGC,0.7005,4.6452,inf
decoy415,4TUZ,36J_redock_4TUZ,0.6864,4.6270,inf
decoy415,1GWR,EST_redock_1GWR,0.6799,4.5992,inf
decoy415,3UU7,2OH_redock_3UU7,0.6759,4.4054,inf
decoy415,1ERE,EST_redock_1ERE,0.6638,4.4706,inf
decoy415,4MGA,27L_redock_4MGA,0.6593,4.1004,inf
decoy415,4ZN7,DES_redock_4ZN7,0.6548,4.0628,inf
decoy415,4MG8,27J_redock_4MG8,0.6475,4.3507,inf
decoy415,6CBZ,EST_redock_6CBZ,0.6294,4.2368,inf
decoy415,1G50,EST_redock_1G50,0.6190,3.9233,inf
decoy415,3UUD,EST_redock_3UUD,0.5778,3.9109,inf
decoy415,3ERD,DES_redock_3ERD,0.5736,3.7676,inf
decoy415,4MG9,27K_redock_4MG9,0.4528,2.9091,inf
decoy416,1GWR,EST_redock_1GWR,0.8811,5.2137,inf
decoy416,6CBZ,EST_redock_6CBZ,0.8416,5.0614,inf
decoy416,4MG8,27J_redock_4MG8,0.8034,4.8702,inf
decoy416,4TUZ,36J_redock_4TUZ,0.8011,4.9159,inf
decoy416,3UUD,EST_redock_3UUD,0.7998,4.7788,inf
decoy416,3UU7,2OH_redock_3UU7,0.7920,4.9735,inf
decoy416,4MGC,27M_redock_4MGC,0.7895,4.8870,inf
decoy416,1G50,EST_redock_1G50,0.7884,4.5987,inf
decoy416,1ERE,EST_redock_1ERE,0.7567,4.6165,inf
decoy416,4MG9,27K_redock_4MG9,0.7501,4.5524,inf
decoy416,4ZN7,DES_redock_4ZN7,0.7095,4.1775,inf
decoy416,4MGA,27L_redock_4MGA,0.6237,3.6581,inf
decoy416,3ERD,DES_redock_3ERD,0.6067,3.6858,inf
decoy417,3UU7,2OH_redock_3UU7,0.9562,6.7240,inf
decoy417,4MGA,27L_redock_4MGA,0.9560,6.6342,inf
decoy417,3UUD,EST_redock_3UUD,0.9452,6.6708,inf
decoy417,6CBZ,EST_redock_6CBZ,0.9305,6.5586,inf
decoy417,4MGC,27M_redock_4MGC,0.9255,6.4889,inf
decoy417,1GWR,EST_redock_1GWR,0.9224,6.2392,inf
decoy417,1ERE,EST_redock_1ERE,0.9152,6.4357,inf
decoy417,4TUZ,36J_redock_4TUZ,0.9059,6.2145,inf
decoy417,1G50,EST_redock_1G50,0.9036,6.6177,inf
decoy417,4MG8,27J_redock_4MG8,0.8950,6.1845,inf
decoy417,3ERD,DES_redock_3ERD,0.8862,6.1174,inf
decoy417,4MG9,27K_redock_4MG9,0.8835,6.2694,inf
decoy417,4ZN7,DES_redock_4ZN7,0.8686,6.3738,inf
decoy418,3ERD,DES_redock_3ERD,0.6093,4.0733,inf
decoy418,4MGC,27M_redock_4MGC,0.5816,3.9827,inf
decoy418,1GWR,EST_redock_1GWR,0.5774,4.1102,inf
decoy418,4MG8,27J_redock_4MG8,0.5622,3.9184,inf
decoy418,4TUZ,36J_redock_4TUZ,0.5527,3.8055,inf
decoy418,6CBZ,EST_redock_6CBZ,0.5077,3.5461,inf
decoy418,4MGA,27L_redock_4MGA,0.5050,3.3452,inf
decoy418,1ERE,EST_redock_1ERE,0.4902,3.3713,inf
decoy418,1G50,EST_redock_1G50,0.4716,3.1479,inf
decoy418,4ZN7,DES_redock_4ZN7,0.4631,3.2534,inf
decoy418,3UU7,2OH_redock_3UU7,0.4600,3.2682,inf
decoy418,3UUD,EST_redock_3UUD,0.4080,2.8794,inf
decoy418,4MG9,27K_redock_4MG9,0.3520,2.3416,inf
decoy419,4MGA,27L_redock_4MGA,0.8968,5.8780,inf
decoy419,3UU7,2OH_redock_3UU7,0.8803,5.7599,inf
decoy419,3ERD,DES_redock_3ERD,0.8626,5.8186,inf
decoy419,1G50,EST_redock_1G50,0.8581,5.8902,inf
decoy419,1ERE,EST_redock_1ERE,0.8578,5.9354,inf
decoy419,3UUD,EST_redock_3UUD,0.8538,5.7636,inf
decoy419,4MGC,27M_redock_4MGC,0.8530,5.7803,inf
decoy419,6CBZ,EST_redock_6CBZ,0.8527,5.8273,inf
decoy419,4MG8,27J_redock_4MG8,0.8368,5.5734,inf
decoy419,1GWR,EST_redock_1GWR,0.8273,5.4424,inf
decoy419,4TUZ,36J_redock_4TUZ,0.8176,5.6510,inf
decoy419,4ZN7,DES_redock_4ZN7,0.8170,5.3348,inf
decoy419,4MG9,27K_redock_4MG9,0.8084,5.4768,inf
decoy42,6CBZ,EST_redock_6CBZ,0.7392,4.8991,inf
decoy42,4TUZ,36J_redock_4TUZ,0.6608,4.7558,inf
decoy42,3UU7,2OH_redock_3UU7,0.6205,4.2222,inf
decoy42,1GWR,EST_redock_1GWR,0.6192,4.0498,inf
decoy42,4MGC,27M_redock_4MGC,0.5941,4.0834,inf
decoy42,4MG9,27K_redock_4MG9,0.5760,3.8174,inf
decoy42,4ZN7,DES_redock_4ZN7,0.5757,3.8447,inf
decoy42,3UUD,EST_redock_3UUD,0.5660,3.7283,inf
decoy42,3ERD,DES_redock_3ERD,0.5565,3.8689,inf
decoy42,1ERE,EST_redock_1ERE,0.5002,3.2573,inf
decoy42,1G50,EST_redock_1G50,0.4962,3.2451,inf
decoy42,4MGA,27L_redock_4MGA,0.4265,2.8301,inf
decoy42,4MG8,27J_redock_4MG8,0.4117,2.6131,inf
decoy420,4MG9,27K_redock_4MG9,0.7579,5.1841,inf
decoy420,3UUD,EST_redock_3UUD,0.7263,4.9605,inf
decoy420,1GWR,EST_redock_1GWR,0.7086,4.6233,inf
decoy420,3UU7,2OH_redock_3UU7,0.6601,4.7039,inf
decoy420,4MG8,27J_redock_4MG8,0.6536,4.4134,inf
decoy420,1G50,EST_redock_1G50,0.6425,4.5665,inf
decoy420,4ZN7,DES_redock_4ZN7,0.6243,4.4200,inf
decoy420,6CBZ,EST_redock_6CBZ,0.6221,4.2660,inf
decoy420,3ERD,DES_redock_3ERD,0.6058,3.9298,inf
decoy420,4MGA,27L_redock_4MGA,0.5803,3.8455,inf
decoy420,4TUZ,36J_redock_4TUZ,0.5417,3.5641,inf
decoy420,4MGC,27M_redock_4MGC,0.5388,3.4454,inf
decoy420,1ERE,EST_redock_1ERE,0.5237,3.5287,inf
decoy421,4MGC,27M_redock_4MGC,0.6424,3.7751,inf
decoy421,4MGA,27L_redock_4MGA,0.6228,3.3732,inf
decoy421,6CBZ,EST_redock_6CBZ,0.5870,3.6713,inf
decoy421,1G50,EST_redock_1G50,0.5670,3.6638,inf
decoy421,3UU7,2OH_redock_3UU7,0.5615,3.1353,inf
decoy421,4MG8,27J_redock_4MG8,0.5502,2.6404,inf
decoy421,4MG9,27K_redock_4MG9,0.5134,2.7696,inf
decoy421,1ERE,EST_redock_1ERE,0.5083,3.4406,inf
decoy421,1GWR,EST_redock_1GWR,0.4830,2.8095,inf
decoy421,3UUD,EST_redock_3UUD,0.4792,2.7648,inf
decoy421,3ERD,DES_redock_3ERD,0.4770,2.6635,inf
decoy421,4TUZ,36J_redock_4TUZ,0.4062,2.2168,inf
decoy421,4ZN7,DES_redock_4ZN7,0.3504,2.0863,inf
decoy422,1ERE,EST_redock_1ERE,0.6590,4.5843,inf
decoy422,4ZN7,DES_redock_4ZN7,0.6557,4.7657,inf
decoy422,3ERD,DES_redock_3ERD,0.6271,4.5888,inf
decoy422,3UU7,2OH_redock_3UU7,0.6164,4.3386,inf
decoy422,1GWR,EST_redock_1GWR,0.6136,4.3479,inf
decoy422,4MGC,27M_redock_4MGC,0.5976,4.1327,inf
decoy422,3UUD,EST_redock_3UUD,0.5640,3.8761,inf
decoy422,4MG9,27K_redock_4MG9,0.5399,3.2860,inf
decoy422,6CBZ,EST_redock_6CBZ,0.5131,3.6058,inf
decoy422,4MGA,27L_redock_4MGA,0.5079,3.6180,inf
decoy422,4TUZ,36J_redock_4TUZ,0.5053,3.4563,inf
decoy422,1G50,EST_redock_1G50,0.4948,3.2686,inf
decoy422,4MG8,27J_redock_4MG8,0.4597,3.2195,inf
decoy423,4MGA,27L_redock_4MGA,0.5549,3.2714,inf
decoy423,3ERD,DES_redock_3ERD,0.4763,2.8183,inf
decoy423,3UU7,2OH_redock_3UU7,0.4349,3.0368,inf
decoy423,4MG9,27K_redock_4MG9,0.4092,2.4298,inf
decoy423,3UUD,EST_redock_3UUD,0.3941,2.6832,inf
decoy423,4ZN7,DES_redock_4ZN7,0.3871,2.6450,inf
decoy423,4MGC,27M_redock_4MGC,0.3860,2.6162,inf
decoy423,4MG8,27J_redock_4MG8,0.3787,2.2089,inf
decoy423,1GWR,EST_redock_1GWR,0.3409,2.2026,inf
decoy423,4TUZ,36J_redock_4TUZ,0.3400,2.2989,inf
decoy423,6CBZ,EST_redock_6CBZ,0.3207,2.1505,inf
decoy423,1ERE,EST_redock_1ERE,0.2972,1.9946,inf
decoy423,1G50,EST_redock_1G50,0.2512,1.4027,inf
decoy424,4MGC,27M_redock_4MGC,0.5854,3.6253,inf
decoy424,4MG8,27J_redock_4MG8,0.5527,3.3550,inf
decoy424,4ZN7,DES_redock_4ZN7,0.4892,2.9784,inf
decoy424,6CBZ,EST_redock_6CBZ,0.4759,2.5387,inf
decoy424,1GWR,EST_redock_1GWR,0.4655,2.5808,inf
decoy424,4TUZ,36J_redock_4TUZ,0.4261,2.4652,inf
decoy424,4MG9,27K_redock_4MG9,0.4213,2.5475,inf
decoy424,1ERE,EST_redock_1ERE,0.3927,2.5770,inf
decoy424,1G50,EST_redock_1G50,0.3915,2.0031,inf
decoy424,3ERD,DES_redock_3ERD,0.3822,2.0834,inf
decoy424,4MGA,27L_redock_4MGA,0.3621,2.0311,inf
decoy424,3UUD,EST_redock_3UUD,0.3419,1.8487,inf
decoy424,3UU7,2OH_redock_3UU7,0.3221,1.8458,inf
decoy425,4MG9,27K_redock_4MG9,0.7806,5.6040,inf
decoy425,6CBZ,EST_redock_6CBZ,0.7297,5.1168,inf
decoy425,1ERE,EST_redock_1ERE,0.7250,5.1618,inf
decoy425,1GWR,EST_redock_1GWR,0.7003,4.8186,inf
decoy425,4TUZ,36J_redock_4TUZ,0.6334,4.4652,inf
decoy425,4MG8,27J_redock_4MG8,0.6023,4.1441,inf
decoy425,4ZN7,DES_redock_4ZN7,0.5661,3.5812,inf
decoy425,4MGC,27M_redock_4MGC,0.5444,3.6834,inf
decoy425,3UUD,EST_redock_3UUD,0.5358,3.8248,inf
decoy425,3ERD,DES_redock_3ERD,0.4546,3.2125,inf
decoy425,4MGA,27L_redock_4MGA,0.4014,2.6612,inf
decoy425,3UU7,2OH_redock_3UU7,0.3902,2.6590,inf
decoy425,1G50,EST_redock_1G50,0.3717,2.5350,inf
decoy426,4MG9,27K_redock_4MG9,0.7113,5.0888,inf
decoy426,6CBZ,EST_redock_6CBZ,0.6388,4.4885,inf
decoy426,3UUD,EST_redock_3UUD,0.6160,4.3726,inf
decoy426,1GWR,EST_redock_1GWR,0.6042,4.1527,inf
decoy426,4MG8,27J_redock_4MG8,0.5921,4.1369,inf
decoy426,4TUZ,36J_redock_4TUZ,0.5225,3.6348,inf
decoy426,1ERE,EST_redock_1ERE,0.5117,3.5390,inf
decoy426,4MGA,27L_redock_4MGA,0.4936,3.4352,inf
decoy426,1G50,EST_redock_1G50,0.4622,2.9358,inf
decoy426,4MGC,27M_redock_4MGC,0.4105,2.7677,inf
decoy426,3UU7,2OH_redock_3UU7,0.3975,2.7957,inf
decoy426,4ZN7,DES_redock_4ZN7,0.3709,2.3623,inf
decoy426,3ERD,DES_redock_3ERD,0.3445,2.3726,inf
decoy427,4MGA,27L_redock_4MGA,0.7105,4.3814,inf
decoy427,4MGC,27M_redock_4MGC,0.6831,4.3717,inf
decoy427,4ZN7,DES_redock_4ZN7,0.6483,4.5151,inf
decoy427,3ERD,DES_redock_3ERD,0.6336,4.3371,inf
decoy427,3UU7,2OH_redock_3UU7,0.5828,4.0060,inf
decoy427,3UUD,EST_redock_3UUD,0.5513,3.7376,inf
decoy427,1ERE,EST_redock_1ERE,0.5496,3.5081,inf
decoy427,4TUZ,36J_redock_4TUZ,0.5422,3.4734,inf
decoy427,1GWR,EST_redock_1GWR,0.5296,3.4098,inf
decoy427,4MG9,27K_redock_4MG9,0.5050,3.2485,inf
decoy427,6CBZ,EST_redock_6CBZ,0.4990,3.1846,inf
decoy427,4MG8,27J_redock_4MG8,0.4905,3.2806,inf
decoy427,1G50,EST_redock_1G50,0.4679,3.0124,inf
decoy428,6CBZ,EST_redock_6CBZ,0.7845,5.3794,inf
decoy428,3UUD,EST_redock_3UUD,0.7618,5.3358,inf
decoy428,4ZN7,DES_redock_4ZN7,0.7538,5.1760,inf
decoy428,4MG9,27K_redock_4MG9,0.7439,5.2042,inf
decoy428,1GWR,EST_redock_1GWR,0.7426,5.1158,inf
decoy428,4MGC,27M_redock_4MGC,0.7086,4.6589,inf
decoy428,4TUZ,36J_redock_4TUZ,0.6676,4.6753,inf
decoy428,3ERD,DES_redock_3ERD,0.6517,4.5280,inf
decoy428,3UU7,2OH_redock_3UU7,0.6513,4.2187,inf
decoy428,4MG8,27J_redock_4MG8,0.6324,4.4379,inf
decoy428,4MGA,27L_redock_4MGA,0.6284,3.8100,inf
decoy428,1ERE,EST_redock_1ERE,0.5718,3.9026,inf
decoy428,1G50,EST_redock_1G50,0.3964,2.4426,inf
decoy429,6CBZ,EST_redock_6CBZ,0.7515,5.5193,inf
decoy429,1GWR,EST_redock_1GWR,0.7357,5.3368,inf
decoy429,4ZN7,DES_redock_4ZN7,0.6951,5.2934,inf
decoy429,1ERE,EST_redock_1ERE,0.6873,5.1161,inf
decoy429,4MG9,27K_redock_4MG9,0.6791,4.9942,inf
decoy429,3UUD,EST_redock_3UUD,0.6669,4.9339,inf
decoy429,4TUZ,36J_redock_4TUZ,0.6600,4.8473,inf
decoy429,4MG8,27J_redock_4MG8,0.6343,4.6932,inf
decoy429,4MGC,27M_redock_4MGC,0.6204,4.6461,inf
decoy429,3UU7,2OH_redock_3UU7,0.5901,4.1952,inf
decoy429,4MGA,27L_redock_4MGA,0.5526,4.1016,inf
decoy429,3ERD,DES_redock_3ERD,0.5157,3.7064,inf
decoy429,1G50,EST_redock_1G50,0.5078,3.5992,inf
decoy43,4MGC,27M_redock_4MGC,0.8287,5.3843,inf
decoy43,3ERD,DES_redock_3ERD,0.7989,5.2201,inf
decoy43,4ZN7,DES_redock_4ZN7,0.7718,5.1342,inf
decoy43,4MG8,27J_redock_4MG8,0.7659,5.2420,inf
decoy43,4MGA,27L_redock_4MGA,0.7405,3.8075,inf
decoy43,1GWR,EST_redock_1GWR,0.7189,4.7590,inf
decoy43,4TUZ,36J_redock_4TUZ,0.7107,4.5205,inf
decoy43,3UUD,EST_redock_3UUD,0.6844,4.4459,inf
decoy43,6CBZ,EST_redock_6CBZ,0.6807,4.4817,inf
decoy43,1ERE,EST_redock_1ERE,0.6218,4.1400,inf
decoy43,4MG9,27K_redock_4MG9,0.5937,3.3042,inf
decoy43,1G50,EST_redock_1G50,0.5848,3.2941,inf
decoy43,3UU7,2OH_redock_3UU7,0.5672,3.5154,inf
decoy430,4MGA,27L_redock_4MGA,0.5530,3.6761,inf
decoy430,1GWR,EST_redock_1GWR,0.5356,3.3957,inf
decoy430,3UU7,2OH_redock_3UU7,0.4789,3.1243,inf
decoy430,4ZN7,DES_redock_4ZN7,0.4462,3.1790,inf
decoy430,4MGC,27M_redock_4MGC,0.4141,2.6419,inf
decoy430,3ERD,DES_redock_3ERD,0.4121,2.6215,inf
decoy430,1ERE,EST_redock_1ERE,0.3786,2.2121,inf
decoy430,4MG9,27K_redock_4MG9,0.3528,2.3401,inf
decoy430,4MG8,27J_redock_4MG8,0.3395,2.2503,inf
decoy430,4TUZ,36J_redock_4TUZ,0.3392,2.2642,inf
decoy430,6CBZ,EST_redock_6CBZ,0.3218,2.0450,inf
decoy430,1G50,EST_redock_1G50,0.2603,1.7257,inf
decoy430,3UUD,EST_redock_3UUD,0.2323,1.5841,inf
decoy431,4ZN7,DES_redock_4ZN7,0.9244,6.8004,inf
decoy431,3ERD,DES_redock_3ERD,0.8668,6.5590,inf
decoy431,1GWR,EST_redock_1GWR,0.8351,6.1636,inf
decoy431,4MGC,27M_redock_4MGC,0.8229,6.0198,inf
decoy431,4MG8,27J_redock_4MG8,0.8196,6.1549,inf
decoy431,3UUD,EST_redock_3UUD,0.8127,6.2791,inf
decoy431,3UU7,2OH_redock_3UU7,0.8078,6.2347,inf
decoy431,6CBZ,EST_redock_6CBZ,0.8067,5.9846,inf
decoy431,4MGA,27L_redock_4MGA,0.7931,6.0877,inf
decoy431,4TUZ,36J_redock_4TUZ,0.7839,5.7040,inf
decoy431,4MG9,27K_redock_4MG9,0.7782,5.8443,inf
decoy431,1ERE,EST_redock_1ERE,0.7747,6.0555,inf
decoy431,1G50,EST_redock_1G50,0.7234,5.4183,inf
decoy432,4MG8,27J_redock_4MG8,0.4728,2.9556,inf
decoy432,1G50,EST_redock_1G50,0.4439,2.3742,inf
decoy432,3UU7,2OH_redock_3UU7,0.3852,2.6660,inf
decoy432,4MGC,27M_redock_4MGC,0.3635,2.2830,inf
decoy432,3ERD,DES_redock_3ERD,0.3398,2.1013,inf
decoy432,4ZN7,DES_redock_4ZN7,0.2945,1.6472,inf
decoy432,4TUZ,36J_redock_4TUZ,0.2923,1.7791,inf
decoy432,3UUD,EST_redock_3UUD,0.2877,1.7764,inf
decoy432,1GWR,EST_redock_1GWR,0.2506,1.5772,inf
decoy432,4MG9,27K_redock_4MG9,0.2421,1.6630,inf
decoy432,6CBZ,EST_redock_6CBZ,0.2266,1.1058,inf
decoy432,4MGA,27L_redock_4MGA,0.2174,1.3167,inf
decoy432,1ERE,EST_redock_1ERE,0.2001,1.3528,inf
decoy433,4MG8,27J_redock_4MG8,0.6231,4.2631,inf
decoy433,4MGC,27M_redock_4MGC,0.6041,4.0737,inf
decoy433,1GWR,EST_redock_1GWR,0.4879,3.3019,inf
decoy433,4ZN7,DES_redock_4ZN7,0.4719,3.2453,inf
decoy433,1ERE,EST_redock_1ERE,0.4717,2.8601,inf
decoy433,4TUZ,36J_redock_4TUZ,0.4605,3.1265,inf
decoy433,4MG9,27K_redock_4MG9,0.4430,2.7966,inf
decoy433,6CBZ,EST_redock_6CBZ,0.4332,2.9377,inf
decoy433,3ERD,DES_redock_3ERD,0.4281,2.8586,inf
decoy433,1G50,EST_redock_1G50,0.3890,2.4232,inf
decoy433,3UU7,2OH_redock_3UU7,0.3486,2.1519,inf
decoy433,4MGA,27L_redock_4MGA,0.3237,2.1362,inf
decoy433,3UUD,EST_redock_3UUD,0.3044,1.9848,inf
decoy434,3UU7,2OH_redock_3UU7,0.9507,6.7615,inf
decoy434,4MGA,27L_redock_4MGA,0.9347,6.2636,inf
decoy434,1ERE,EST_redock_1ERE,0.9082,6.3526,inf
decoy434,4MG9,27K_redock_4MG9,0.9079,6.4399,inf
decoy434,4ZN7,DES_redock_4ZN7,0.8999,6.2031,inf
decoy434,6CBZ,EST_redock_6CBZ,0.8979,6.1812,inf
decoy434,3ERD,DES_redock_3ERD,0.8820,6.0291,inf
decoy434,4MG8,27J_redock_4MG8,0.8812,5.8900,inf
decoy434,4TUZ,36J_redock_4TUZ,0.8557,5.9868,inf
decoy434,1GWR,EST_redock_1GWR,0.8489,5.8670,inf
decoy434,3UUD,EST_redock_3UUD,0.8458,5.8092,inf
decoy434,1G50,EST_redock_1G50,0.8328,5.8233,inf
decoy434,4MGC,27M_redock_4MGC,0.8320,5.6358,inf
decoy44,4TUZ,36J_redock_4TUZ,0.7710,5.3036,inf
decoy44,4ZN7,DES_redock_4ZN7,0.7505,4.9714,inf
decoy44,4MG8,27J_redock_4MG8,0.7493,5.0869,inf
decoy44,6CBZ,EST_redock_6CBZ,0.7275,4.9295,inf
decoy44,4MGC,27M_redock_4MGC,0.6778,4.5611,inf
decoy44,1G50,EST_redock_1G50,0.6289,4.1433,inf
decoy44,4MG9,27K_redock_4MG9,0.6236,4.2199,inf
decoy44,1GWR,EST_redock_1GWR,0.6148,4.0886,inf
decoy44,3UUD,EST_redock_3UUD,0.5934,3.9865,inf
decoy44,3UU7,2OH_redock_3UU7,0.5807,3.7990,inf
decoy44,3ERD,DES_redock_3ERD,0.5557,3.8409,inf
decoy44,1ERE,EST_redock_1ERE,0.5336,3.6043,inf
decoy44,4MGA,27L_redock_4MGA,0.4890,3.1511,inf
decoy45,4MGA,27L_redock_4MGA,0.8104,5.6551,inf
decoy45,3ERD,DES_redock_3ERD,0.7855,5.4674,inf
decoy45,3UU7,2OH_redock_3UU7,0.7689,5.3257,inf
decoy45,4MG9,27K_redock_4MG9,0.7616,5.0945,2.1061
decoy45,1ERE,EST_redock_1ERE,0.7357,5.0522,inf
decoy45,4MGC,27M_redock_4MGC,0.7248,4.6507,inf
decoy45,1G50,EST_redock_1G50,0.7110,4.9190,inf
decoy45,4ZN7,DES_redock_4ZN7,0.7018,4.7212,inf
decoy45,4MG8,27J_redock_4MG8,0.6888,4.6106,inf
decoy45,1GWR,EST_redock_1GWR,0.6865,4.5076,inf
decoy45,6CBZ,EST_redock_6CBZ,0.6821,4.3890,inf
decoy45,3UUD,EST_redock_3UUD,0.6815,4.6116,inf
decoy45,4TUZ,36J_redock_4TUZ,0.6186,3.9646,inf
decoy46,6CBZ,EST_redock_6CBZ,0.6031,4.0692,inf
decoy46,4ZN7,DES_redock_4ZN7,0.5540,3.5780,inf
decoy46,1GWR,EST_redock_1GWR,0.5226,3.4067,inf
decoy46,4MGC,27M_redock_4MGC,0.4767,3.2067,inf
decoy46,4MG8,27J_redock_4MG8,0.4448,2.8867,inf
decoy46,3UUD,EST_redock_3UUD,0.4325,2.8525,inf
decoy46,1G50,EST_redock_1G50,0.4324,2.8206,inf
decoy46,4MGA,27L_redock_4MGA,0.4242,2.6358,inf
decoy46,3UU7,2OH_redock_3UU7,0.4093,2.6247,inf
decoy46,4MG9,27K_redock_4MG9,0.3967,2.5951,inf
decoy46,4TUZ,36J_redock_4TUZ,0.3954,2.6232,inf
decoy46,3ERD,DES_redock_3ERD,0.3782,2.4306,inf
decoy46,1ERE,EST_redock_1ERE,0.3741,2.4096,inf
decoy47,4MGC,27M_redock_4MGC,0.6681,4.7372,inf
decoy47,1GWR,EST_redock_1GWR,0.5713,3.7819,inf
decoy47,1G50,EST_redock_1G50,0.5700,3.4502,inf
decoy47,4MGA,27L_redock_4MGA,0.5299,3.0450,inf
decoy47,3ERD,DES_redock_3ERD,0.4902,2.7863,inf
decoy47,6CBZ,EST_redock_6CBZ,0.4809,3.2062,inf
decoy47,3UUD,EST_redock_3UUD,0.4431,2.8158,inf
decoy47,3UU7,2OH_redock_3UU7,0.4120,2.7397,inf
decoy47,4MG8,27J_redock_4MG8,0.3810,2.6432,inf
decoy47,4MG9,27K_redock_4MG9,0.3739,2.3112,inf
decoy47,4ZN7,DES_redock_4ZN7,0.3613,2.3805,inf
decoy47,4TUZ,36J_redock_4TUZ,0.3426,2.1426,inf
decoy47,1ERE,EST_redock_1ERE,0.3358,1.9643,inf
decoy48,4ZN7,DES_redock_4ZN7,0.9119,6.0419,inf
decoy48,3ERD,DES_redock_3ERD,0.9110,6.0541,inf
decoy48,6CBZ,EST_redock_6CBZ,0.9022,5.8607,inf
decoy48,4MGC,27M_redock_4MGC,0.8682,5.6106,inf
decoy48,3UUD,EST_redock_3UUD,0.8676,5.8410,inf
decoy48,1GWR,EST_redock_1GWR,0.8666,5.4614,inf
decoy48,4MGA,27L_redock_4MGA,0.8606,5.5892,inf
decoy48,4TUZ,36J_redock_4TUZ,0.8557,5.5567,inf
decoy48,3UU7,2OH_redock_3UU7,0.8528,5.5679,inf
decoy48,1ERE,EST_redock_1ERE,0.8387,5.4793,inf
decoy48,4MG9,27K_redock_4MG9,0.8076,5.2737,inf
decoy48,1G50,EST_redock_1G50,0.8071,5.3019,inf
decoy48,4MG8,27J_redock_4MG8,0.7179,4.6702,inf
decoy49,4MGA,27L_redock_4MGA,0.7948,5.5170,inf
decoy49,4MG9,27K_redock_4MG9,0.7757,5.3929,inf
decoy49,3ERD,DES_redock_3ERD,0.7480,4.9210,inf
decoy49,4MG8,27J_redock_4MG8,0.7249,4.8623,inf
decoy49,4MGC,27M_redock_4MGC,0.7191,4.6532,inf
decoy49,3UU7,2OH_redock_3UU7,0.7172,4.9346,inf
decoy49,4ZN7,DES_redock_4ZN7,0.6625,4.3849,inf
decoy49,3UUD,EST_redock_3UUD,0.6464,4.3311,inf
decoy49,6CBZ,EST_redock_6CBZ,0.5700,3.6902,inf
decoy49,4TUZ,36J_redock_4TUZ,0.5622,3.7310,inf
decoy49,1GWR,EST_redock_1GWR,0.5399,3.6019,inf
decoy49,1ERE,EST_redock_1ERE,0.4694,3.2549,inf
decoy49,1G50,EST_redock_1G50,0.4474,3.0444,inf
decoy5,4MGC,27M_redock_4MGC,0.8420,6.3846,inf
decoy5,4ZN7,DES_redock_4ZN7,0.8091,5.9511,inf
decoy5,4TUZ,36J_redock_4TUZ,0.7867,5.7320,inf
decoy5,1ERE,EST_redock_1ERE,0.7792,6.0067,inf
decoy5,1GWR,EST_redock_1GWR,0.7594,5.5391,inf
decoy5,4MG9,27K_redock_4MG9,0.7143,5.0575,inf
decoy5,1G50,EST_redock_1G50,0.7113,5.3601,inf
decoy5,6CBZ,EST_redock_6CBZ,0.7029,5.0777,inf
decoy5,4MGA,27L_redock_4MGA,0.6994,5.1915,inf
decoy5,4MG8,27J_redock_4MG8,0.6959,5.0164,inf
decoy5,3UUD,EST_redock_3UUD,0.6887,4.9300,inf
decoy5,3UU7,2OH_redock_3UU7,0.6817,4.8671,inf
decoy5,3ERD,DES_redock_3ERD,0.6705,4.8867,inf
decoy50,4MGC,27M_redock_4MGC,0.8976,6.7102,inf
decoy50,3ERD,DES_redock_3ERD,0.8519,6.2024,inf
decoy50,4ZN7,DES_redock_4ZN7,0.8094,6.0103,inf
decoy50,4MGA,27L_redock_4MGA,0.6863,4.9943,inf
decoy50,6CBZ,EST_redock_6CBZ,0.6742,4.8914,inf
decoy50,1GWR,EST_redock_1GWR,0.6729,4.6358,inf
decoy50,4MG9,27K_redock_4MG9,0.6445,4.5920,inf
decoy50,3UU7,2OH_redock_3UU7,0.6322,4.4737,inf
decoy50,4TUZ,36J_redock_4TUZ,0.6157,4.3799,inf
decoy50,3UUD,EST_redock_3UUD,0.6087,4.2924,inf
decoy50,4MG8,27J_redock_4MG8,0.6046,4.4368,inf
decoy50,1G50,EST_redock_1G50,0.5836,4.1639,inf
decoy50,1ERE,EST_redock_1ERE,0.5814,4.3350,inf
decoy51,4MG8,27J_redock_4MG8,0.7258,5.2527,inf
decoy51,4MGC,27M_redock_4MGC,0.6799,4.7899,inf
decoy51,3ERD,DES_redock_3ERD,0.6502,4.5877,inf
decoy51,1GWR,EST_redock_1GWR,0.6381,4.4313,inf
decoy51,1ERE,EST_redock_1ERE,0.6139,4.3218,inf
decoy51,3UUD,EST_redock_3UUD,0.5907,4.1879,inf
decoy51,4TUZ,36J_redock_4TUZ,0.5838,4.1603,inf
decoy51,4ZN7,DES_redock_4ZN7,0.5716,4.0274,inf
decoy51,6CBZ,EST_redock_6CBZ,0.5707,4.0116,inf
decoy51,3UU7,2OH_redock_3UU7,0.5482,3.6491,inf
decoy51,1G50,EST_redock_1G50,0.5204,3.4469,inf
decoy51,4MG9,27K_redock_4MG9,0.4613,3.1786,inf
decoy51,4MGA,27L_redock_4MGA,0.4550,3.1303,inf
decoy52,4ZN7,DES_redock_4ZN7,0.8337,5.5764,inf
decoy52,1GWR,EST_redock_1GWR,0.6741,4.2410,inf
decoy52,3ERD,DES_redock_3ERD,0.6545,4.1116,inf
decoy52,1G50,EST_redock_1G50,0.6233,4.1018,inf
decoy52,4MG8,27J_redock_4MG8,0.6098,3.6126,inf
decoy52,4MGC,27M_redock_4MGC,0.6005,3.7438,inf
decoy52,3UUD,EST_redock_3UUD,0.5810,3.8888,inf
decoy52,6CBZ,EST_redock_6CBZ,0.5792,3.4970,inf
decoy52,4TUZ,36J_redock_4TUZ,0.5788,3.6408,inf
decoy52,3UU7,2OH_redock_3UU7,0.5661,3.6523,inf
decoy52,4MG9,27K_redock_4MG9,0.5617,3.5771,inf
decoy52,4MGA,27L_redock_4MGA,0.4940,3.1477,inf
decoy52,1ERE,EST_redock_1ERE,0.4608,2.8956,inf
decoy53,4MGC,27M_redock_4MGC,0.6794,4.7984,inf
decoy53,4MG9,27K_redock_4MG9,0.6065,4.1623,inf
decoy53,1G50,EST_redock_1G50,0.5439,3.4156,inf
decoy53,6CBZ,EST_redock_6CBZ,0.5380,3.2220,inf
decoy53,4MGA,27L_redock_4MGA,0.5264,2.9116,inf
decoy53,4MG8,27J_redock_4MG8,0.5115,3.0894,inf
decoy53,1GWR,EST_redock_1GWR,0.5015,3.4943,inf
decoy53,4TUZ,36J_redock_4TUZ,0.4945,3.4986,inf
decoy53,4ZN7,DES_redock_4ZN7,0.4928,3.0982,inf
decoy53,3UU7,2OH_redock_3UU7,0.4742,3.1918,inf
decoy53,3UUD,EST_redock_3UUD,0.4501,2.6924,inf
decoy53,3ERD,DES_redock_3ERD,0.4156,2.4993,inf
decoy53,1ERE,EST_redock_1ERE,0.3191,1.8818,inf
decoy54,1ERE,EST_redock_1ERE,0.8925,6.1496,inf
decoy54,1GWR,EST_redock_1GWR,0.8784,6.3691,inf
decoy54,6CBZ,EST_redock_6CBZ,0.8687,6.2216,inf
decoy54,4MG8,27J_redock_4MG8,0.8548,6.1569,inf
decoy54,4TUZ,36J_redock_4TUZ,0.8234,5.8417,inf
decoy54,4MGC,27M_redock_4MGC,0.8151,5.7277,inf
decoy54,1G50,EST_redock_1G50,0.7965,5.6672,inf
decoy54,3UUD,EST_redock_3UUD,0.7904,5.6115,inf
decoy54,3UU7,2OH_redock_3UU7,0.7600,5.2409,inf
decoy54,4MG9,27K_redock_4MG9,0.7256,4.8649,inf
decoy54,4ZN7,DES_redock_4ZN7,0.6963,5.1780,inf
decoy54,4MGA,27L_redock_4MGA,0.6197,4.3895,inf
decoy54,3ERD,DES_redock_3ERD,0.6109,4.1594,inf
decoy55,4MG9,27K_redock_4MG9,0.8834,6.6835,inf
decoy55,6CBZ,EST_redock_6CBZ,0.7263,5.0984,inf
decoy55,1GWR,EST_redock_1GWR,0.7018,5.1988,inf
decoy55,4TUZ,36J_redock_4TUZ,0.6990,5.1543,inf
decoy55,4MG8,27J_redock_4MG8,0.6794,4.9935,inf
decoy55,4MGC,27M_redock_4MGC,0.6408,4.7151,inf
decoy55,3UUD,EST_redock_3UUD,0.6256,4.4940,inf
decoy55,1G50,EST_redock_1G50,0.6041,4.3534,inf
decoy55,3ERD,DES_redock_3ERD,0.5968,4.3565,inf
decoy55,3UU7,2OH_redock_3UU7,0.5640,4.1876,inf
decoy55,4ZN7,DES_redock_4ZN7,0.4069,2.8503,inf
decoy55,4MGA,27L_redock_4MGA,0.3902,2.7754,inf
decoy55,1ERE,EST_redock_1ERE,0.3406,2.2586,inf
decoy56,4MG9,27K_redock_4MG9,0.6920,3.7268,inf
decoy56,1GWR,EST_redock_1GWR,0.6658,3.6344,inf
decoy56,4MG8,27J_redock_4MG8,0.6579,3.3982,inf
decoy56,4MGC,27M_redock_4MGC,0.6198,3.1275,inf
decoy56,4MGA,27L_redock_4MGA,0.6187,3.0369,inf
decoy56,6CBZ,EST_redock_6CBZ,0.6014,3.3459,inf
decoy56,3UU7,2OH_redock_3UU7,0.5828,2.9211,inf
decoy56,4ZN7,DES_redock_4ZN7,0.5809,3.1113,inf
decoy56,3UUD,EST_redock_3UUD,0.5521,2.7733,inf
decoy56,1G50,EST_redock_1G50,0.5426,2.6790,inf
decoy56,3ERD,DES_redock_3ERD,0.5399,2.7249,inf
decoy56,4TUZ,36J_redock_4TUZ,0.5367,2.7481,inf
decoy56,1ERE,EST_redock_1ERE,0.5299,2.7432,inf
decoy57,4MG9,27K_redock_4MG9,0.9320,6.7587,inf
decoy57,6CBZ,EST_redock_6CBZ,0.8802,6.4597,inf
decoy57,1GWR,EST_redock_1GWR,0.8069,5.8567,inf
decoy57,3UUD,EST_redock_3UUD,0.7306,5.3966,inf
decoy57,4TUZ,36J_redock_4TUZ,0.7174,5.2781,inf
decoy57,4MGC,27M_redock_4MGC,0.7001,4.9632,inf
decoy57,4ZN7,DES_redock_4ZN7,0.6892,4.9651,inf
decoy57,3ERD,DES_redock_3ERD,0.6822,4.7919,inf
decoy57,1ERE,EST_redock_1ERE,0.6753,4.8610,inf
decoy57,4MG8,27J_redock_4MG8,0.6106,4.4373,inf
decoy57,3UU7,2OH_redock_3UU7,0.5738,4.2321,inf
decoy57,4MGA,27L_redock_4MGA,0.5409,3.8640,inf
decoy57,1G50,EST_redock_1G50,0.5031,3.6062,inf
decoy58,3ERD,DES_redock_3ERD,0.3991,2.3073,inf
decoy58,4MGA,27L_redock_4MGA,0.3262,2.1570,inf
decoy58,4TUZ,36J_redock_4TUZ,0.3183,1.6717,inf
decoy58,1GWR,EST_redock_1GWR,0.2754,1.8162,inf
decoy58,4ZN7,DES_redock_4ZN7,0.2476,1.7056,inf
decoy58,1ERE,EST_redock_1ERE,0.2397,1.5675,inf
decoy58,3UUD,EST_redock_3UUD,0.2249,1.4816,inf
decoy58,6CBZ,EST_redock_6CBZ,0.2243,1.4829,inf
decoy58,4MGC,27M_redock_4MGC,0.2213,1.3035,inf
decoy58,4MG8,27J_redock_4MG8,0.2059,1.3530,inf
decoy58,4MG9,27K_redock_4MG9,0.2043,1.2715,inf
decoy58,1G50,EST_redock_1G50,0.1986,1.2552,inf
decoy58,3UU7,2OH_redock_3UU7,0.1715,1.1303,inf
decoy59,3UUD,EST_redock_3UUD,0.7568,5.1170,inf
decoy59,3ERD,DES_redock_3ERD,0.7269,4.8751,inf
decoy59,4MGA,27L_redock_4MGA,0.6352,4.2946,inf
decoy59,1GWR,EST_redock_1GWR,0.6160,3.9728,inf
decoy59,4ZN7,DES_redock_4ZN7,0.5949,4.1593,inf
decoy59,1G50,EST_redock_1G50,0.5886,3.9529,inf
decoy59,6CBZ,EST_redock_6CBZ,0.5394,3.5458,inf
decoy59,4MG8,27J_redock_4MG8,0.5371,3.7028,inf
decoy59,1ERE,EST_redock_1ERE,0.5324,3.5553,inf
decoy59,4MGC,27M_redock_4MGC,0.4880,3.1912,inf
decoy59,3UU7,2OH_redock_3UU7,0.4845,3.2814,inf
decoy59,4TUZ,36J_redock_4TUZ,0.4401,2.8132,inf
decoy59,4MG9,27K_redock_4MG9,0.4014,2.6630,inf
decoy6,4MGC,27M_redock_4MGC,0.8917,5.4422,inf
decoy6,4ZN7,DES_redock_4ZN7,0.8882,5.6978,inf
decoy6,3ERD,DES_redock_3ERD,0.8733,5.3027,inf
decoy6,3UU7,2OH_redock_3UU7,0.8643,5.1022,inf
decoy6,3UUD,EST_redock_3UUD,0.8228,5.2628,inf
decoy6,6CBZ,EST_redock_6CBZ,0.8190,5.0784,inf
decoy6,4TUZ,36J_redock_4TUZ,0.8071,5.1828,inf
decoy6,4MG8,27J_redock_4MG8,0.7970,5.0820,inf
decoy6,4MG9,27K_redock_4MG9,0.7705,4.5549,inf
decoy6,1GWR,EST_redock_1GWR,0.7562,4.8505,inf
decoy6,1G50,EST_redock_1G50,0.7546,4.7529,inf
decoy6,4MGA,27L_redock_4MGA,0.7515,4.6892,inf
decoy6,1ERE,EST_redock_1ERE,0.7014,4.5075,inf
decoy60,4MG8,27J_redock_4MG8,0.9262,5.8771,inf
decoy60,3UU7,2OH_redock_3UU7,0.9032,5.9338,inf
decoy60,6CBZ,EST_redock_6CBZ,0.8990,5.6297,inf
decoy60,4MGC,27M_redock_4MGC,0.8961,5.5887,inf
decoy60,4MG9,27K_redock_4MG9,0.8901,5.8327,inf
decoy60,4TUZ,36J_redock_4TUZ,0.8875,5.7029,inf
decoy60,3UUD,EST_redock_3UUD,0.8771,5.6514,inf
decoy60,1GWR,EST_redock_1GWR,0.8670,5.4494,inf
decoy60,4MGA,27L_redock_4MGA,0.8617,5.5161,inf
decoy60,3ERD,DES_redock_3ERD,0.8477,5.4622,inf
decoy60,1G50,EST_redock_1G50,0.8180,5.2066,inf
decoy60,4ZN7,DES_redock_4ZN7,0.8131,5.2193,inf
decoy60,1ERE,EST_redock_1ERE,0.7853,5.1592,inf
decoy61,3ERD,DES_redock_3ERD,0.9497,6.9618,inf
decoy61,1GWR,EST_redock_1GWR,0.9368,6.9329,inf
decoy61,4ZN7,DES_redock_4ZN7,0.9325,7.0163,inf
decoy61,4MGC,27M_redock_4MGC,0.9076,6.5266,inf
decoy61,4MG9,27K_redock_4MG9,0.8847,6.4934,inf
decoy61,3UUD,EST_redock_3UUD,0.8699,6.3124,inf
decoy61,3UU7,2OH_redock_3UU7,0.8544,6.2628,inf
decoy61,6CBZ,EST_redock_6CBZ,0.8362,6.2868,inf
decoy61,1ERE,EST_redock_1ERE,0.8301,6.1713,inf
decoy61,4MGA,27L_redock_4MGA,0.8079,5.9571,inf
decoy61,4TUZ,36J_redock_4TUZ,0.7587,5.6154,inf
decoy61,4MG8,27J_redock_4MG8,0.7447,5.3762,inf
decoy61,1G50,EST_redock_1G50,0.7420,5.5505,inf
decoy62,4TUZ,36J_redock_4TUZ,0.8495,5.4879,inf
decoy62,1G50,EST_redock_1G50,0.8495,5.6607,inf
decoy62,1GWR,EST_redock_1GWR,0.8267,5.0730,inf
decoy62,4MGC,27M_redock_4MGC,0.7974,4.9860,inf
decoy62,3UUD,EST_redock_3UUD,0.7915,5.0286,inf
decoy62,4ZN7,DES_redock_4ZN7,0.7803,4.8463,inf
decoy62,3UU7,2OH_redock_3UU7,0.7470,3.9816,inf
decoy62,4MGA,27L_redock_4MGA,0.7460,4.6130,inf
decoy62,6CBZ,EST_redock_6CBZ,0.7426,4.5636,inf
decoy62,4MG8,27J_redock_4MG8,0.7336,4.7102,inf
decoy62,1ERE,EST_redock_1ERE,0.7145,4.4505,inf
decoy62,4MG9,27K_redock_4MG9,0.6404,3.6398,inf
decoy62,3ERD,DES_redock_3ERD,0.6104,3.6064,inf
decoy63,4MG8,27J_redock_4MG8,0.8397,5.3383,inf
decoy63,6CBZ,EST_redock_6CBZ,0.8253,5.2149,inf
decoy63,4MGC,27M_redock_4MGC,0.8088,5.3103,inf
decoy63,4TUZ,36J_redock_4TUZ,0.7929,5.1109,inf
decoy63,3UUD,EST_redock_3UUD,0.7911,5.0514,inf
decoy63,1GWR,EST_redock_1GWR,0.7692,4.8757,inf
decoy63,1ERE,EST_redock_1ERE,0.7464,4.6880,inf
decoy63,4MG9,27K_redock_4MG9,0.7405,4.4521,inf
decoy63,4ZN7,DES_redock_4ZN7,0.7299,4.7133,inf
decoy63,3ERD,DES_redock_3ERD,0.7117,4.4084,inf
decoy63,3UU7,2OH_redock_3UU7,0.6454,4.0376,inf
decoy63,1G50,EST_redock_1G50,0.6445,4.0910,inf
decoy63,4MGA,27L_redock_4MGA,0.5842,3.5954,inf
decoy64,4TUZ,36J_redock_4TUZ,0.8612,5.9146,inf
decoy64,1GWR,EST_redock_1GWR,0.8207,5.5874,inf
decoy64,6CBZ,EST_redock_6CBZ,0.7706,5.1451,inf
decoy64,4MGC,27M_redock_4MGC,0.7321,4.9767,inf
decoy64,4MG8,27J_redock_4MG8,0.6908,4.7351,inf
decoy64,3UUD,EST_redock_3UUD,0.6906,4.5879,inf
decoy64,1G50,EST_redock_1G50,0.6557,4.4569,inf
decoy64,4MG9,27K_redock_4MG9,0.6049,3.9728,inf
decoy64,4ZN7,DES_redock_4ZN7,0.5798,3.9333,inf
decoy64,1ERE,EST_redock_1ERE,0.5763,3.7764,inf
decoy64,4MGA,27L_redock_4MGA,0.5686,3.6797,inf
decoy64,3ERD,DES_redock_3ERD,0.5489,3.5062,inf
decoy64,3UU7,2OH_redock_3UU7,0.5375,3.1656,inf
decoy65,1G50,EST_redock_1G50,0.5651,3.9520,inf
decoy65,3UUD,EST_redock_3UUD,0.5345,3.5717,inf
decoy65,1GWR,EST_redock_1GWR,0.4748,2.9532,inf
decoy65,4MG9,27K_redock_4MG9,0.4275,2.6876,inf
decoy65,3UU7,2OH_redock_3UU7,0.4179,2.8036,inf
decoy65,4MGC,27M_redock_4MGC,0.4002,2.7590,inf
decoy65,4ZN7,DES_redock_4ZN7,0.3979,2.7878,inf
decoy65,4MG8,27J_redock_4MG8,0.3813,2.6906,inf
decoy65,4MGA,27L_redock_4MGA,0.3729,2.4008,inf
decoy65,4TUZ,36J_redock_4TUZ,0.3644,2.5912,inf
decoy65,1ERE,EST_redock_1ERE,0.3532,2.5113,inf
decoy65,3ERD,DES_redock_3ERD,0.3338,1.9198,inf
decoy65,6CBZ,EST_redock_6CBZ,0.3245,2.2188,inf
decoy66,4MG9,27K_redock_4MG9,0.5978,2.8828,inf
decoy66,4MGC,27M_redock_4MGC,0.5856,2.9384,inf
decoy66,3ERD,DES_redock_3ERD,0.5826,2.9649,inf
decoy66,4MGA,27L_redock_4MGA,0.5217,2.6538,inf
decoy66,1G50,EST_redock_1G50,0.4918,2.6269,inf
decoy66,4MG8,27J_redock_4MG8,0.4844,2.2898,inf
decoy66,4TUZ,36J_redock_4TUZ,0.4746,2.7820,inf
decoy66,1GWR,EST_redock_1GWR,0.4490,2.4802,inf
decoy66,1ERE,EST_redock_1ERE,0.4453,2.3821,inf
decoy66,4ZN7,DES_redock_4ZN7,0.4261,2.3216,inf
decoy66,3UU7,2OH_redock_3UU7,0.4213,2.0192,inf
decoy66,6CBZ,EST_redock_6CBZ,0.4141,2.3279,inf
decoy66,3UUD,EST_redock_3UUD,0.3845,2.0468,inf
decoy67,4MGA,27L_redock_4MGA,0.7039,4.3817,inf
decoy67,4MG9,27K_redock_4MG9,0.6745,3.9198,inf
decoy67,1GWR,EST_redock_1GWR,0.6721,3.9215,inf
decoy67,4MG8,27J_redock_4MG8,0.6661,4.2896,inf
decoy67,1ERE,EST_redock_1ERE,0.6591,4.2410,inf
decoy67,3UU7,2OH_redock_3UU7,0.6477,3.8824,inf
decoy67,3UUD,EST_redock_3UUD,0.6062,3.7663,inf
decoy67,4TUZ,36J_redock_4TUZ,0.6039,3.7766,inf
decoy67,6CBZ,EST_redock_6CBZ,0.5902,3.5198,inf
decoy67,3ERD,DES_redock_3ERD,0.5757,3.5564,inf
decoy67,4ZN7,DES_redock_4ZN7,0.5460,3.4016,inf
decoy67,1G50,EST_redock_1G50,0.4734,2.9875,inf
decoy67,4MGC,27M_redock_4MGC,0.4617,2.7339,inf
decoy68,4ZN7,DES_redock_4ZN7,0.7330,4.9388,inf
decoy68,3ERD,DES_redock_3ERD,0.7281,4.7770,inf
decoy68,4MGC,27M_redock_4MGC,0.7221,4.6461,inf
decoy68,3UU7,2OH_redock_3UU7,0.7068,4.6514,inf
decoy68,4TUZ,36J_redock_4TUZ,0.6827,4.6166,inf
decoy68,1GWR,EST_redock_1GWR,0.6451,4.3838,inf
decoy68,4MG8,27J_redock_4MG8,0.6386,4.1486,inf
decoy68,3UUD,EST_redock_3UUD,0.6205,4.0961,inf
decoy68,4MG9,27K_redock_4MG9,0.6004,3.9318,inf
decoy68,6CBZ,EST_redock_6CBZ,0.5972,3.7731,inf
decoy68,4MGA,27L_redock_4MGA,0.5928,3.8708,inf
decoy68,1G50,EST_redock_1G50,0.5876,4.0266,inf
decoy68,1ERE,EST_redock_1ERE,0.4890,3.3553,inf
decoy69,1GWR,EST_redock_1GWR,0.8178,5.7332,inf
decoy69,4TUZ,36J_redock_4TUZ,0.7171,5.1044,inf
decoy69,3ERD,DES_redock_3ERD,0.6493,3.8482,inf
decoy69,1ERE,EST_redock_1ERE,0.5702,3.9866,inf
decoy69,6CBZ,EST_redock_6CBZ,0.5687,3.9781,inf
decoy69,4MG8,27J_redock_4MG8,0.5598,3.9179,inf
decoy69,3UUD,EST_redock_3UUD,0.5308,3.7540,inf
decoy69,1G50,EST_redock_1G50,0.5278,3.6672,inf
decoy69,4MGC,27M_redock_4MGC,0.5125,3.5585,inf
decoy69,4ZN7,DES_redock_4ZN7,0.4999,3.4963,inf
decoy69,3UU7,2OH_redock_3UU7,0.4994,3.2988,inf
decoy69,4MG9,27K_redock_4MG9,0.4957,3.2723,inf
decoy69,4MGA,27L_redock_4MGA,0.4788,3.3947,inf
decoy7,1GWR,EST_redock_1GWR,0.6810,4.7969,inf
decoy7,4MGA,27L_redock_4MGA,0.6480,4.6213,inf
decoy7,4MG9,27K_redock_4MG9,0.6391,4.5012,inf
decoy7,6CBZ,EST_redock_6CBZ,0.6185,4.3099,inf
decoy7,4MGC,27M_redock_4MGC,0.6160,4.2856,inf
decoy7,1ERE,EST_redock_1ERE,0.5992,4.2238,inf
decoy7,4TUZ,36J_redock_4TUZ,0.5985,4.2742,inf
decoy7,3UU7,2OH_redock_3UU7,0.5680,4.0959,inf
decoy7,1G50,EST_redock_1G50,0.5634,3.9308,inf
decoy7,4MG8,27J_redock_4MG8,0.5590,3.9318,inf
decoy7,4ZN7,DES_redock_4ZN7,0.5039,3.4721,inf
decoy7,3ERD,DES_redock_3ERD,0.5022,3.3913,inf
decoy7,3UUD,EST_redock_3UUD,0.4818,3.4489,inf
decoy70,3UU7,2OH_redock_3UU7,0.5996,3.8108,inf
decoy70,4ZN7,DES_redock_4ZN7,0.4871,2.9239,inf
decoy70,4MG8,27J_redock_4MG8,0.4380,2.7272,inf
decoy70,4MGA,27L_redock_4MGA,0.4229,2.5018,inf
decoy70,1G50,EST_redock_1G50,0.4179,2.5538,inf
decoy70,3ERD,DES_redock_3ERD,0.3944,2.2474,inf
decoy70,4MGC,27M_redock_4MGC,0.3637,2.0593,inf
decoy70,4MG9,27K_redock_4MG9,0.3475,2.1731,inf
decoy70,1ERE,EST_redock_1ERE,0.3419,2.3230,inf
decoy70,4TUZ,36J_redock_4TUZ,0.3289,2.1678,inf
decoy70,6CBZ,EST_redock_6CBZ,0.3135,1.8062,inf
decoy70,1GWR,EST_redock_1GWR,0.2804,1.5111,inf
decoy70,3UUD,EST_redock_3UUD,0.1704,1.1096,inf
decoy71,4ZN7,DES_redock_4ZN7,0.9191,6.7650,inf
decoy71,3UU7,2OH_redock_3UU7,0.8952,6.4386,inf
decoy71,6CBZ,EST_redock_6CBZ,0.8833,6.3397,inf
decoy71,1GWR,EST_redock_1GWR,0.8808,6.4874,inf
decoy71,3UUD,EST_redock_3UUD,0.8682,6.2333,inf
decoy71,4MGA,27L_redock_4MGA,0.8468,6.0056,inf
decoy71,4MG9,27K_redock_4MG9,0.8365,5.9921,inf
decoy71,3ERD,DES_redock_3ERD,0.8281,5.8207,inf
decoy71,1ERE,EST_redock_1ERE,0.8250,5.9970,inf
decoy71,1G50,EST_redock_1G50,0.7938,5.6046,inf
decoy71,4MGC,27M_redock_4MGC,0.7834,5.4342,inf
decoy71,4MG8,27J_redock_4MG8,0.7444,5.1563,inf
decoy71,4TUZ,36J_redock_4TUZ,0.7343,5.1043,inf
decoy72,3ERD,DES_redock_3ERD,0.9461,7.6571,inf
decoy72,4ZN7,DES_redock_4ZN7,0.9234,7.5368,inf
decoy72,1GWR,EST_redock_1GWR,0.9064,7.2374,inf
decoy72,4MG8,27J_redock_4MG8,0.8981,7.3131,inf
decoy72,4MGC,27M_redock_4MGC,0.8909,7.0936,inf
decoy72,3UUD,EST_redock_3UUD,0.8903,7.2872,inf
decoy72,6CBZ,EST_redock_6CBZ,0.8777,7.0325,inf
decoy72,4TUZ,36J_redock_4TUZ,0.8636,6.8653,inf
decoy72,4MGA,27L_redock_4MGA,0.8421,6.8029,inf
decoy72,1ERE,EST_redock_1ERE,0.8103,6.4065,inf
decoy72,4MG9,27K_redock_4MG9,0.7798,6.1108,inf
decoy72,1G50,EST_redock_1G50,0.7700,6.1664,inf
decoy72,3UU7,2OH_redock_3UU7,0.5160,3.9929,inf
decoy73,6CBZ,EST_redock_6CBZ,0.6742,3.4890,inf
decoy73,4TUZ,36J_redock_4TUZ,0.6175,3.4694,inf
decoy73,3UUD,EST_redock_3UUD,0.5958,3.3114,inf
decoy73,4MGA,27L_redock_4MGA,0.5819,2.7158,inf
decoy73,4MGC,27M_redock_4MGC,0.5809,2.7458,inf
decoy73,1GWR,EST_redock_1GWR,0.5533,3.1161,inf
decoy73,4MG8,27J_redock_4MG8,0.5393,2.5490,inf
decoy73,1ERE,EST_redock_1ERE,0.5005,3.0797,inf
decoy73,3ERD,DES_redock_3ERD,0.4906,2.1609,inf
decoy73,4ZN7,DES_redock_4ZN7,0.4733,2.3613,inf
decoy73,3UU7,2OH_redock_3UU7,0.3985,2.1896,inf
decoy73,4MG9,27K_redock_4MG9,0.3866,1.9469,inf
decoy73,1G50,EST_redock_1G50,0.3774,1.7645,inf
decoy74,3ERD,DES_redock_3ERD,0.5846,3.7713,inf
decoy74,4MG9,27K_redock_4MG9,0.4573,3.0714,inf
decoy74,3UU7,2OH_redock_3UU7,0.4435,3.1850,inf
decoy74,4MGC,27M_redock_4MGC,0.4314,2.9835,inf
decoy74,4TUZ,36J_redock_4TUZ,0.4216,2.8763,inf
decoy74,4ZN7,DES_redock_4ZN7,0.4183,2.9131,inf
decoy74,3UUD,EST_redock_3UUD,0.4073,2.8278,inf
decoy74,4MG8,27J_redock_4MG8,0.3962,2.7333,inf
decoy74,4MGA,27L_redock_4MGA,0.3890,2.4337,inf
decoy74,1ERE,EST_redock_1ERE,0.3550,2.4668,inf
decoy74,6CBZ,EST_redock_6CBZ,0.3486,2.3001,inf
decoy74,1G50,EST_redock_1G50,0.3316,2.1744,inf
decoy74,1GWR,EST_redock_1GWR,0.3036,2.0787,inf
decoy75,1GWR,EST_redock_1GWR,0.8639,5.9560,inf
decoy75,6CBZ,EST_redock_6CBZ,0.7947,5.3878,inf
decoy75,4MG8,27J_redock_4MG8,0.7643,5.2733,inf
decoy75,3UUD,EST_redock_3UUD,0.7232,4.7640,inf
decoy75,4TUZ,36J_redock_4TUZ,0.7112,4.7596,inf
decoy75,4MGA,27L_redock_4MGA,0.6702,4.6511,inf
decoy75,1G50,EST_redock_1G50,0.6643,4.3684,inf
decoy75,4MGC,27M_redock_4MGC,0.6627,4.3748,inf
decoy75,3ERD,DES_redock_3ERD,0.6387,4.4646,inf
decoy75,3UU7,2OH_redock_3UU7,0.6199,4.3108,inf
decoy75,4MG9,27K_redock_4MG9,0.6033,4.1798,inf
decoy75,4ZN7,DES_redock_4ZN7,0.5466,3.6896,inf
decoy75,1ERE,EST_redock_1ERE,0.4528,3.1449,inf
decoy76,3ERD,DES_redock_3ERD,0.8219,5.6787,inf
decoy76,3UUD,EST_redock_3UUD,0.8178,5.5271,inf
decoy76,4ZN7,DES_redock_4ZN7,0.8137,5.3914,inf
decoy76,4MG8,27J_redock_4MG8,0.7904,5.0869,inf
decoy76,6CBZ,EST_redock_6CBZ,0.7587,5.0424,inf
decoy76,1GWR,EST_redock_1GWR,0.7556,4.9675,inf
decoy76,4TUZ,36J_redock_4TUZ,0.7473,4.8259,inf
decoy76,4MGC,27M_redock_4MGC,0.7389,4.6210,inf
decoy76,3UU7,2OH_redock_3UU7,0.7241,4.9968,inf
decoy76,4MG9,27K_redock_4MG9,0.7168,4.9580,inf
decoy76,1G50,EST_redock_1G50,0.7155,4.7835,inf
decoy76,4MGA,27L_redock_4MGA,0.6971,4.6070,inf
decoy76,1ERE,EST_redock_1ERE,0.6840,4.6823,inf
decoy77,4MG9,27K_redock_4MG9,0.6218,4.1984,inf
decoy77,4MGC,27M_redock_4MGC,0.5703,3.8402,inf
decoy77,3ERD,DES_redock_3ERD,0.5539,3.2889,inf
decoy77,4ZN7,DES_redock_4ZN7,0.5325,3.3085,inf
decoy77,4TUZ,36J_redock_4TUZ,0.5109,3.4762,inf
decoy77,1GWR,EST_redock_1GWR,0.4692,2.6099,inf
decoy77,6CBZ,EST_redock_6CBZ,0.4580,3.1099,inf
decoy77,3UU7,2OH_redock_3UU7,0.4539,3.0935,inf
decoy77,1G50,EST_redock_1G50,0.4499,2.7633,inf
decoy77,4MG8,27J_redock_4MG8,0.4250,2.4465,inf
decoy77,3UUD,EST_redock_3UUD,0.3607,2.0999,inf
decoy77,4MGA,27L_redock_4MGA,0.3367,2.2759,inf
decoy77,1ERE,EST_redock_1ERE,0.3190,2.0077,inf
decoy78,3UUD,EST_redock_3UUD,0.9695,7.2709,inf
decoy78,3UU7,2OH_redock_3UU7,0.9600,7.4074,inf
decoy78,4MGA,27L_redock_4MGA,0.9578,7.1067,inf
decoy78,6CBZ,EST_redock_6CBZ,0.9576,7.3723,inf
decoy78,4ZN7,DES_redock_4ZN7,0.9568,7.4167,inf
decoy78,1ERE,EST_redock_1ERE,0.9539,7.3021,inf
decoy78,1GWR,EST_redock_1GWR,0.9516,7.2898,inf
decoy78,3ERD,DES_redock_3ERD,0.9475,7.0233,inf
decoy78,4MGC,27M_redock_4MGC,0.9111,6.7820,inf
decoy78,4MG8,27J_redock_4MG8,0.8792,6.4931,inf
decoy78,4TUZ,36J_redock_4TUZ,0.8664,6.4155,inf
decoy78,4MG9,27K_redock_4MG9,0.8608,6.4475,inf
decoy78,1G50,EST_redock_1G50,0.8197,6.1462,inf
decoy79,3UU7,2OH_redock_3UU7,0.5180,3.1172,inf
decoy79,4MGA,27L_redock_4MGA,0.5170,3.1716,inf
decoy79,4ZN7,DES_redock_4ZN7,0.5161,2.9398,inf
decoy79,4TUZ,36J_redock_4TUZ,0.5146,2.6658,inf
decoy79,1ERE,EST_redock_1ERE,0.5127,3.0165,inf
decoy79,4MGC,27M_redock_4MGC,0.4900,2.8986,inf
decoy79,3UUD,EST_redock_3UUD,0.4879,2.9874,inf
decoy79,3ERD,DES_redock_3ERD,0.4748,2.9689,inf
decoy79,1G50,EST_redock_1G50,0.4629,2.8665,inf
decoy79,6CBZ,EST_redock_6CBZ,0.4123,2.4922,inf
decoy79,4MG8,27J_redock_4MG8,0.4088,2.4887,inf
decoy79,1GWR,EST_redock_1GWR,0.3862,2.3347,inf
decoy79,4MG9,27K_redock_4MG9,0.3469,1.9818,inf
decoy8,4MGC,27M_redock_4MGC,0.6036,4.1959,inf
decoy8,1ERE,EST_redock_1ERE,0.5803,4.0001,inf
decoy8,4TUZ,36J_redock_4TUZ,0.5770,3.8391,inf
decoy8,3UUD,EST_redock_3UUD,0.5769,3.9121,inf
decoy8,4MGA,27L_redock_4MGA,0.5715,3.9853,inf
decoy8,4MG8,27J_redock_4MG8,0.5503,3.7854,inf
decoy8,3UU7,2OH_redock_3UU7,0.5475,3.6434,inf
decoy8,6CBZ,EST_redock_6CBZ,0.5441,3.5325,inf
decoy8,4ZN7,DES_redock_4ZN7,0.5315,3.5424,inf
decoy8,3ERD,DES_redock_3ERD,0.5243,3.4864,inf
decoy8,1G50,EST_redock_1G50,0.5193,3.3230,inf
decoy8,4MG9,27K_redock_4MG9,0.4956,3.2048,inf
decoy8,1GWR,EST_redock_1GWR,0.4810,3.0743,inf
decoy80,1GWR,EST_redock_1GWR,0.7320,5.2480,inf
decoy80,6CBZ,EST_redock_6CBZ,0.5787,4.0650,inf
decoy80,4MGC,27M_redock_4MGC,0.5688,3.7541,inf
decoy80,4MG8,27J_redock_4MG8,0.5598,3.9420,inf
decoy80,4MG9,27K_redock_4MG9,0.5542,3.7789,inf
decoy80,1G50,EST_redock_1G50,0.5490,3.7604,inf
decoy80,1ERE,EST_redock_1ERE,0.5477,3.9385,inf
decoy80,3UUD,EST_redock_3UUD,0.5072,3.4801,inf
decoy80,4TUZ,36J_redock_4TUZ,0.4880,3.4695,inf
decoy80,3UU7,2OH_redock_3UU7,0.4862,3.4510,inf
decoy80,4ZN7,DES_redock_4ZN7,0.4559,3.0874,inf
decoy80,3ERD,DES_redock_3ERD,0.4546,3.1683,inf
decoy80,4MGA,27L_redock_4MGA,0.3090,2.0941,inf
decoy81,4ZN7,DES_redock_4ZN7,0.9067,6.5217,inf
decoy81,3ERD,DES_redock_3ERD,0.8938,6.3578,inf
decoy81,3UU7,2OH_redock_3UU7,0.8846,6.3998,inf
decoy81,6CBZ,EST_redock_6CBZ,0.8769,6.2790,inf
decoy81,1GWR,EST_redock_1GWR,0.8730,6.2063,inf
decoy81,4MGA,27L_redock_4MGA,0.8717,6.0781,inf
decoy81,3UUD,EST_redock_3UUD,0.8536,6.0643,inf
decoy81,1ERE,EST_redock_1ERE,0.8030,5.9186,inf
decoy81,1G50,EST_redock_1G50,0.7712,5.4677,inf
decoy81,4MG9,27K_redock_4MG9,0.7581,5.2939,inf
decoy81,4MGC,27M_redock_4MGC,0.7498,5.1651,inf
decoy81,4TUZ,36J_redock_4TUZ,0.7310,5.1744,inf
decoy81,4MG8,27J_redock_4MG8,0.6968,4.8975,inf
decoy82,1GWR,EST_redock_1GWR,0.9040,6.4061,inf
decoy82,4ZN7,DES_redock_4ZN7,0.7563,5.2893,inf
decoy82,1ERE,EST_redock_1ERE,0.7482,5.2931,inf
decoy82,4TUZ,36J_redock_4TUZ,0.7009,4.7253,inf
decoy82,4MG9,27K_redock_4MG9,0.6906,4.7171,inf
decoy82,4MGC,27M_redock_4MGC,0.6664,4.5444,inf
decoy82,4MG8,27J_redock_4MG8,0.6471,4.5618,inf
decoy82,3UUD,EST_redock_3UUD,0.6460,4.4007,inf
decoy82,6CBZ,EST_redock_6CBZ,0.6402,4.5031,inf
decoy82,1G50,EST_redock_1G50,0.6365,4.3762,inf
decoy82,4MGA,27L_redock_4MGA,0.5911,4.1400,inf
decoy82,3ERD,DES_redock_3ERD,0.5377,3.8100,inf
decoy82,3UU7,2OH_redock_3UU7,0.4909,3.3881,inf
decoy83,4TUZ,36J_redock_4TUZ,0.7972,6.0278,inf
decoy83,1GWR,EST_redock_1GWR,0.6890,5.0581,inf
decoy83,4MG8,27J_redock_4MG8,0.6773,4.9592,inf
decoy83,6CBZ,EST_redock_6CBZ,0.6458,4.7289,inf
decoy83,1ERE,EST_redock_1ERE,0.6056,4.3766,inf
decoy83,3UUD,EST_redock_3UUD,0.5926,4.3017,inf
decoy83,3UU7,2OH_redock_3UU7,0.5771,4.3488,inf
decoy83,1G50,EST_redock_1G50,0.5671,4.0700,inf
decoy83,4ZN7,DES_redock_4ZN7,0.5417,3.9562,inf
decoy83,3ERD,DES_redock_3ERD,0.5378,3.9101,inf
decoy83,4MGC,27M_redock_4MGC,0.5237,3.8651,inf
decoy83,4MGA,27L_redock_4MGA,0.4806,3.4706,inf
decoy83,4MG9,27K_redock_4MG9,0.4669,3.4764,inf
decoy84,4MGC,27M_redock_4MGC,0.9078,6.6468,inf
decoy84,4MG8,27J_redock_4MG8,0.8481,6.1392,inf
decoy84,3UUD,EST_redock_3UUD,0.8312,5.9892,inf
decoy84,3ERD,DES_redock_3ERD,0.8067,5.7620,inf
decoy84,4MGA,27L_redock_4MGA,0.7677,5.4531,inf
decoy84,4TUZ,36J_redock_4TUZ,0.7483,5.3334,inf
decoy84,4ZN7,DES_redock_4ZN7,0.7229,5.0354,inf
decoy84,1GWR,EST_redock_1GWR,0.7135,4.8784,inf
decoy84,6CBZ,EST_redock_6CBZ,0.6890,4.7670,inf
decoy84,1G50,EST_redock_1G50,0.6846,4.7493,inf
decoy84,3UU7,2OH_redock_3UU7,0.5993,4.1143,inf
decoy84,4MG9,27K_redock_4MG9,0.5814,3.9670,inf
decoy84,1ERE,EST_redock_1ERE,0.5370,3.6252,inf
decoy85,1G50,EST_redock_1G50,0.8303,6.0510,inf
decoy85,1GWR,EST_redock_1GWR,0.8270,5.7768,inf
decoy85,3UUD,EST_redock_3UUD,0.7835,5.7934,inf
decoy85,4MGA,27L_redock_4MGA,0.7478,5.5106,inf
decoy85,6CBZ,EST_redock_6CBZ,0.7477,5.3338,inf
decoy85,4TUZ,36J_redock_4TUZ,0.7351,5.4086,inf
decoy85,4ZN7,DES_redock_4ZN7,0.7123,5.2987,inf
decoy85,4MG8,27J_redock_4MG8,0.7060,5.1099,inf
decoy85,1ERE,EST_redock_1ERE,0.7015,5.0245,inf
decoy85,3UU7,2OH_redock_3UU7,0.6973,5.0086,inf
decoy85,4MGC,27M_redock_4MGC,0.6574,4.6714,inf
decoy85,3ERD,DES_redock_3ERD,0.6218,4.4397,inf
decoy85,4MG9,27K_redock_4MG9,0.4784,3.3339,inf
decoy86,3UU7,2OH_redock_3UU7,0.5078,3.3530,inf
decoy86,4MGC,27M_redock_4MGC,0.4842,2.8764,inf
decoy86,1ERE,EST_redock_1ERE,0.4829,2.8296,inf
decoy86,4TUZ,36J_redock_4TUZ,0.4580,2.8844,inf
decoy86,1G50,EST_redock_1G50,0.4028,2.8316,inf
decoy86,4MG8,27J_redock_4MG8,0.4008,2.8224,inf
decoy86,3UUD,EST_redock_3UUD,0.3946,2.3146,inf
decoy86,3ERD,DES_redock_3ERD,0.3923,2.7106,inf
decoy86,4MGA,27L_redock_4MGA,0.3851,2.4916,inf
decoy86,4ZN7,DES_redock_4ZN7,0.3612,2.2381,inf
decoy86,4MG9,27K_redock_4MG9,0.3152,2.0292,inf
decoy86,6CBZ,EST_redock_6CBZ,0.2623,1.7321,inf
decoy86,1GWR,EST_redock_1GWR,0.2441,1.5649,inf
decoy87,4MG8,27J_redock_4MG8,0.8861,6.1791,inf
decoy87,1GWR,EST_redock_1GWR,0.8720,5.9488,inf
decoy87,6CBZ,EST_redock_6CBZ,0.8590,5.9061,inf
decoy87,4MG9,27K_redock_4MG9,0.8518,6.1917,inf
decoy87,4TUZ,36J_redock_4TUZ,0.8378,5.8645,inf
decoy87,4MGC,27M_redock_4MGC,0.8125,5.8746,inf
decoy87,1ERE,EST_redock_1ERE,0.7913,5.5747,inf
decoy87,3UUD,EST_redock_3UUD,0.7906,5.3226,inf
decoy87,3ERD,DES_redock_3ERD,0.7883,5.7843,inf
decoy87,4MGA,27L_redock_4MGA,0.7527,5.3868,inf
decoy87,3UU7,2OH_redock_3UU7,0.7132,5.1931,inf
decoy87,4ZN7,DES_redock_4ZN7,0.6534,4.7615,inf
decoy87,1G50,EST_redock_1G50,0.6183,4.4712,inf
decoy88,4MGC,27M_redock_4MGC,0.6694,4.6100,inf
decoy88,4MG9,27K_redock_4MG9,0.6630,4.7239,inf
decoy88,6CBZ,EST_redock_6CBZ,0.6436,4.4525,inf
decoy88,1GWR,EST_redock_1GWR,0.5427,3.7618,inf
decoy88,1ERE,EST_redock_1ERE,0.4779,3.2214,inf
decoy88,1G50,EST_redock_1G50,0.4697,2.8483,inf
decoy88,4MG8,27J_redock_4MG8,0.4544,3.1996,inf
decoy88,4TUZ,36J_redock_4TUZ,0.4540,2.4649,inf
decoy88,3UUD,EST_redock_3UUD,0.4278,3.0257,inf
decoy88,4MGA,27L_redock_4MGA,0.4139,2.5286,inf
decoy88,4ZN7,DES_redock_4ZN7,0.3968,2.7557,inf
decoy88,3ERD,DES_redock_3ERD,0.3936,2.4352,inf
decoy88,3UU7,2OH_redock_3UU7,0.3727,2.3365,inf
decoy89,3ERD,DES_redock_3ERD,0.6004,3.4456,inf
decoy89,1GWR,EST_redock_1GWR,0.5285,3.2266,inf
decoy89,4MG9,27K_redock_4MG9,0.5197,3.0683,inf
decoy89,4ZN7,DES_redock_4ZN7,0.5137,3.0382,inf
decoy89,1ERE,EST_redock_1ERE,0.4971,3.1982,inf
decoy89,4MG8,27J_redock_4MG8,0.4692,2.9407,inf
decoy89,4MGC,27M_redock_4MGC,0.4578,2.6428,inf
decoy89,4MGA,27L_redock_4MGA,0.4491,2.4668,inf
decoy89,4TUZ,36J_redock_4TUZ,0.4291,2.6139,inf
decoy89,3UUD,EST_redock_3UUD,0.4076,2.3965,inf
decoy89,6CBZ,EST_redock_6CBZ,0.3986,2.3747,inf
decoy89,3UU7,2OH_redock_3UU7,0.3932,2.3051,inf
decoy89,1G50,EST_redock_1G50,0.3853,1.9615,inf
decoy9,1GWR,EST_redock_1GWR,0.7709,5.6499,inf
decoy9,3UUD,EST_redock_3UUD,0.7130,5.4943,inf
decoy9,4TUZ,36J_redock_4TUZ,0.6802,4.9749,inf
decoy9,6CBZ,EST_redock_6CBZ,0.6386,4.6680,inf
decoy9,4ZN7,DES_redock_4ZN7,0.6239,4.6749,inf
decoy9,1G50,EST_redock_1G50,0.5842,4.2803,inf
decoy9,4MGC,27M_redock_4MGC,0.5816,4.2037,inf
decoy9,3UU7,2OH_redock_3UU7,0.5441,3.7839,inf
decoy9,1ERE,EST_redock_1ERE,0.5163,3.9116,inf
decoy9,4MG8,27J_redock_4MG8,0.4818,3.4140,inf
decoy9,4MGA,27L_redock_4MGA,0.4743,3.4142,inf
decoy9,3ERD,DES_redock_3ERD,0.4345,3.1842,inf
decoy9,4MG9,27K_redock_4MG9,0.3793,2.4924,inf
decoy90,4ZN7,DES_redock_4ZN7,0.8777,6.3377,inf
decoy90,3ERD,DES_redock_3ERD,0.8641,6.3206,inf
decoy90,3UU7,2OH_redock_3UU7,0.8008,5.4583,inf
decoy90,1G50,EST_redock_1G50,0.7998,5.7047,inf
decoy90,4MGA,27L_redock_4MGA,0.7752,5.4607,inf
decoy90,3UUD,EST_redock_3UUD,0.7578,5.6196,inf
decoy90,4MGC,27M_redock_4MGC,0.7335,4.9954,inf
decoy90,1GWR,EST_redock_1GWR,0.7225,5.1678,inf
decoy90,4MG8,27J_redock_4MG8,0.6738,4.6440,inf
decoy90,1ERE,EST_redock_1ERE,0.6653,4.9158,inf
decoy90,4TUZ,36J_redock_4TUZ,0.6634,4.5651,inf
decoy90,6CBZ,EST_redock_6CBZ,0.6571,4.4990,inf
decoy90,4MG9,27K_redock_4MG9,0.4597,3.0845,inf
decoy91,4MGC,27M_redock_4MGC,0.7255,4.9542,inf
decoy91,1GWR,EST_redock_1GWR,0.5812,4.1232,inf
decoy91,4TUZ,36J_redock_4TUZ,0.5765,3.8668,inf
decoy91,4MGA,27L_redock_4MGA,0.5725,4.1680,inf
decoy91,6CBZ,EST_redock_6CBZ,0.5661,3.9444,inf
decoy91,4MG8,27J_redock_4MG8,0.5627,3.8011,inf
decoy91,4MG9,27K_redock_4MG9,0.4763,3.1772,inf
decoy91,3UUD,EST_redock_3UUD,0.4644,3.2792,inf
decoy91,1ERE,EST_redock_1ERE,0.4556,3.1567,inf
decoy91,1G50,EST_redock_1G50,0.3829,2.4782,inf
decoy91,3ERD,DES_redock_3ERD,0.3679,2.4171,inf
decoy91,3UU7,2OH_redock_3UU7,0.3611,2.6145,inf
decoy91,4ZN7,DES_redock_4ZN7,0.3278,2.2669,inf
decoy92,1GWR,EST_redock_1GWR,0.9078,6.4368,inf
decoy92,4MG8,27J_redock_4MG8,0.8928,6.2424,inf
decoy92,1G50,EST_redock_1G50,0.8534,6.4528,inf
decoy92,4MGC,27M_redock_4MGC,0.8511,6.3149,inf
decoy92,3UU7,2OH_redock_3UU7,0.8377,6.2470,inf
decoy92,4MGA,27L_redock_4MGA,0.8373,6.0434,inf
decoy92,4TUZ,36J_redock_4TUZ,0.8339,5.9300,inf
decoy92,4MG9,27K_redock_4MG9,0.8085,6.1673,inf
decoy92,4ZN7,DES_redock_4ZN7,0.7921,5.8515,inf
decoy92,1ERE,EST_redock_1ERE,0.7806,5.7076,inf
decoy92,6CBZ,EST_redock_6CBZ,0.7797,5.5032,inf
decoy92,3ERD,DES_redock_3ERD,0.7778,5.3846,inf
decoy92,3UUD,EST_redock_3UUD,0.7516,5.4491,inf
decoy93,1GWR,EST_redock_1GWR,0.8504,5.0730,inf
decoy93,1G50,EST_redock_1G50,0.8319,5.6696,inf
decoy93,4ZN7,DES_redock_4ZN7,0.8311,5.2745,inf
decoy93,6CBZ,EST_redock_6CBZ,0.8187,4.8631,inf
decoy93,3UUD,EST_redock_3UUD,0.8127,4.7994,inf
decoy93,4MGC,27M_redock_4MGC,0.7845,4.7970,inf
decoy93,4TUZ,36J_redock_4TUZ,0.7730,4.5511,inf
decoy93,4MG8,27J_redock_4MG8,0.7724,5.1125,inf
decoy93,4MGA,27L_redock_4MGA,0.7297,4.6131,inf
decoy93,3ERD,DES_redock_3ERD,0.7240,4.5907,inf
decoy93,4MG9,27K_redock_4MG9,0.7217,4.2778,inf
decoy93,1ERE,EST_redock_1ERE,0.7145,4.0771,inf
decoy93,3UU7,2OH_redock_3UU7,0.6623,4.0029,inf
decoy94,4MGC,27M_redock_4MGC,0.9403,7.2369,inf
decoy94,1GWR,EST_redock_1GWR,0.9312,6.9541,inf
decoy94,4TUZ,36J_redock_4TUZ,0.8895,6.7874,inf
decoy94,6CBZ,EST_redock_6CBZ,0.8541,6.4503,inf
decoy94,4MGA,27L_redock_4MGA,0.8217,6.3645,inf
decoy94,1ERE,EST_redock_1ERE,0.8164,6.1432,inf
decoy94,3ERD,DES_redock_3ERD,0.8162,6.3085,inf
decoy94,4MG8,27J_redock_4MG8,0.7938,6.0405,inf
decoy94,1G50,EST_redock_1G50,0.7923,5.8123,inf
decoy94,3UU7,2OH_redock_3UU7,0.7920,6.1263,inf
decoy94,4ZN7,DES_redock_4ZN7,0.7529,5.9027,inf
decoy94,3UUD,EST_redock_3UUD,0.6622,4.9608,inf
decoy94,4MG9,27K_redock_4MG9,0.6090,4.5146,inf
decoy95,3ERD,DES_redock_3ERD,0.7270,4.9097,inf
decoy95,4MG8,27J_redock_4MG8,0.7156,4.8249,inf
decoy95,4MGA,27L_redock_4MGA,0.6943,4.5694,inf
decoy95,4MGC,27M_redock_4MGC,0.6857,4.4617,inf
decoy95,1ERE,EST_redock_1ERE,0.6773,4.2527,inf
decoy95,4TUZ,36J_redock_4TUZ,0.6728,4.5535,inf
decoy95,4ZN7,DES_redock_4ZN7,0.6666,4.4997,inf
decoy95,4MG9,27K_redock_4MG9,0.6617,4.2366,inf
decoy95,3UUD,EST_redock_3UUD,0.6229,4.2257,inf
decoy95,1G50,EST_redock_1G50,0.5877,3.0845,inf
decoy95,6CBZ,EST_redock_6CBZ,0.5803,3.8564,inf
decoy95,1GWR,EST_redock_1GWR,0.5533,3.5656,inf
decoy95,3UU7,2OH_redock_3UU7,0.5095,3.3403,inf
decoy96,6CBZ,EST_redock_6CBZ,0.4701,3.2334,inf
decoy96,4MG8,27J_redock_4MG8,0.4560,2.4249,inf
decoy96,4MG9,27K_redock_4MG9,0.4463,2.8598,inf
decoy96,4TUZ,36J_redock_4TUZ,0.4420,2.8908,inf
decoy96,3ERD,DES_redock_3ERD,0.4307,2.1490,inf
decoy96,1GWR,EST_redock_1GWR,0.4263,2.7880,inf
decoy96,3UUD,EST_redock_3UUD,0.3600,2.3395,inf
decoy96,1ERE,EST_redock_1ERE,0.3135,2.0168,inf
decoy96,1G50,EST_redock_1G50,0.2788,1.4140,inf
decoy96,4ZN7,DES_redock_4ZN7,0.2684,1.7955,inf
decoy96,3UU7,2OH_redock_3UU7,0.2525,1.4165,inf
decoy96,4MGC,27M_redock_4MGC,0.2459,1.5072,inf
decoy96,4MGA,27L_redock_4MGA,0.1768,1.1016,inf
decoy97,3ERD,DES_redock_3ERD,0.6382,3.9207,inf
decoy97,4MG9,27K_redock_4MG9,0.5709,3.5700,inf
decoy97,1GWR,EST_redock_1GWR,0.5412,3.1180,inf
decoy97,3UU7,2OH_redock_3UU7,0.4708,2.9948,inf
decoy97,4MGA,27L_redock_4MGA,0.4615,2.9395,inf
decoy97,4MG8,27J_redock_4MG8,0.4453,2.6036,inf
decoy97,4MGC,27M_redock_4MGC,0.4349,2.6518,inf
decoy97,4ZN7,DES_redock_4ZN7,0.4219,2.6435,inf
decoy97,3UUD,EST_redock_3UUD,0.4190,2.6545,inf
decoy97,6CBZ,EST_redock_6CBZ,0.4163,2.5517,inf
decoy97,1ERE,EST_redock_1ERE,0.3899,2.3054,inf
decoy97,1G50,EST_redock_1G50,0.3264,2.0049,inf
decoy97,4TUZ,36J_redock_4TUZ,0.3179,1.9082,inf
decoy98,1GWR,EST_redock_1GWR,0.4680,3.1639,inf
decoy98,4TUZ,36J_redock_4TUZ,0.4391,2.8279,inf
decoy98,4ZN7,DES_redock_4ZN7,0.3763,2.4469,inf
decoy98,4MG8,27J_redock_4MG8,0.3759,2.4897,inf
decoy98,3UU7,2OH_redock_3UU7,0.3624,2.4282,inf
decoy98,6CBZ,EST_redock_6CBZ,0.3254,2.0750,inf
decoy98,3UUD,EST_redock_3UUD,0.3234,2.0617,inf
decoy98,1ERE,EST_redock_1ERE,0.3168,1.7563,inf
decoy98,3ERD,DES_redock_3ERD,0.3040,1.9157,inf
decoy98,4MG9,27K_redock_4MG9,0.2484,1.6399,inf
decoy98,1G50,EST_redock_1G50,0.2358,1.3154,inf
decoy98,4MGC,27M_redock_4MGC,0.2296,1.3486,inf
decoy98,4MGA,27L_redock_4MGA,0.2148,1.3063,inf
decoy99,4ZN7,DES_redock_4ZN7,0.9050,6.6380,inf
decoy99,4MG9,27K_redock_4MG9,0.8800,6.6367,inf
decoy99,6CBZ,EST_redock_6CBZ,0.8751,6.6554,inf
decoy99,3UU7,2OH_redock_3UU7,0.8721,6.7288,inf
decoy99,4MGC,27M_redock_4MGC,0.8607,6.3010,inf
decoy99,1ERE,EST_redock_1ERE,0.8574,6.4043,inf
decoy99,1GWR,EST_redock_1GWR,0.8396,6.3248,inf
decoy99,3UUD,EST_redock_3UUD,0.7672,5.8481,inf
decoy99,4TUZ,36J_redock_4TUZ,0.7528,5.7318,inf
decoy99,4MG8,27J_redock_4MG8,0.7215,5.3437,inf
decoy99,4MGA,27L_redock_4MGA,0.6717,4.8640,inf
decoy99,3ERD,DES_redock_3ERD,0.6441,4.5788,inf
decoy99,1G50,EST_redock_1G50,0.6303,4.5982,inf
