protein,ideal_ligand,native_ligand,CNN_pose,CNN_VS,RMSD
1ERE,53-16-7_min,EST_redock_1ERE,0.9894,8.1667,0.6404
1ERE,474-86-2_min,EST_redock_1ERE,0.9836,7.9732,0.7425
1ERE,50-28-2_min,EST_redock_1ERE,0.9824,8.1945,0.5143
1ERE,EST_min,EST_redock_1ERE,0.9824,8.1945,0.5143
1ERE,3601-97-6_min,EST_redock_1ERE,0.9797,7.7177,inf
1ERE,57-91-0_min,EST_redock_1ERE,0.9797,8.0580,0.7362
1ERE,67651-34-7_min,EST_redock_1ERE,0.9767,7.9077,inf
1ERE,53-63-4_min,EST_redock_1ERE,0.9729,7.9678,inf
1ERE,50-27-1_min,EST_redock_1ERE,0.9719,8.1254,0.4968
1ERE,362-05-0_min,EST_redock_1ERE,0.9644,7.6172,0.5648
1ERE,65118-81-2_min,EST_redock_1ERE,0.9627,7.3009,inf
1ERE,2971-36-0_min,EST_redock_1ERE,0.9594,7.7173,inf
1ERE,EE2_min,EST_redock_1ERE,0.9558,8.1882,0.7314
1ERE,57-63-6_min,EST_redock_1ERE,0.9558,8.1882,0.7314
1ERE,decoy78,EST_redock_1ERE,0.9539,7.3021,inf
1ERE,1229-24-9_min,EST_redock_1ERE,0.9523,7.8000,0.5171
1ERE,5976-61-4_min,EST_redock_1ERE,0.9447,7.6033,0.4113
1ERE,140-66-9_min,EST_redock_1ERE,0.9431,6.8294,inf
1ERE,27L_min,EST_redock_1ERE,0.9431,6.8294,inf
1ERE,34816-55-2_min,EST_redock_1ERE,0.9422,7.9483,0.7031
1ERE,5153-25-3_min,EST_redock_1ERE,0.9392,6.9339,inf
1ERE,decoy166,EST_redock_1ERE,0.9392,7.6934,inf
1ERE,53-45-2_min,EST_redock_1ERE,0.9387,6.7291,inf
1ERE,571-20-0_min,EST_redock_1ERE,0.9377,7.7155,0.5558
1ERE,599-64-4_min,EST_redock_1ERE,0.9364,6.5326,inf
1ERE,84-16-2_min,EST_redock_1ERE,0.9335,7.7688,inf
1ERE,53-19-0_min,EST_redock_1ERE,0.9313,6.4559,inf
1ERE,104-43-8_min,EST_redock_1ERE,0.9299,7.5436,inf
1ERE,521-18-6_min,EST_redock_1ERE,0.9282,7.3787,0.4442
1ERE,53905-28-5_min,EST_redock_1ERE,0.9261,6.5571,inf
1ERE,decoy265,EST_redock_1ERE,0.9253,6.5391,inf
1ERE,decoy206,EST_redock_1ERE,0.9205,6.2265,inf
1ERE,decoy1,EST_redock_1ERE,0.9190,6.5978,inf
1ERE,DES_min,EST_redock_1ERE,0.9186,7.5543,inf
1ERE,13037-86-0_min,EST_redock_1ERE,0.9182,6.3734,inf
1ERE,56-53-1_min,EST_redock_1ERE,0.9177,7.5454,inf
1ERE,decoy13,EST_redock_1ERE,0.9175,6.9067,inf
1ERE,decoy417,EST_redock_1ERE,0.9152,6.4357,inf
1ERE,decoy368,EST_redock_1ERE,0.9138,6.9993,inf
1ERE,decoy123,EST_redock_1ERE,0.9138,7.1782,inf
1ERE,28034-99-3_min,EST_redock_1ERE,0.9137,6.1467,inf
1ERE,77-40-7_min,EST_redock_1ERE,0.9124,6.6888,inf
1ERE,decoy434,EST_redock_1ERE,0.9082,6.3526,inf
1ERE,decoy236,EST_redock_1ERE,0.9038,6.0323,inf
1ERE,1085-12-7_min,EST_redock_1ERE,0.9008,6.4551,inf
1ERE,789-02-6_min,EST_redock_1ERE,0.9007,6.6846,inf
1ERE,1806-26-4_min,EST_redock_1ERE,0.8971,6.6699,inf
1ERE,decoy231,EST_redock_1ERE,0.8952,7.1074,inf
1ERE,decoy54,EST_redock_1ERE,0.8925,6.1496,inf
1ERE,6554-98-9_min,EST_redock_1ERE,0.8920,6.3658,inf
1ERE,103-16-2_min,EST_redock_1ERE,0.8914,6.0435,inf
1ERE,decoy397,EST_redock_1ERE,0.8908,6.4142,inf
1ERE,92-04-6_min,EST_redock_1ERE,0.8896,5.2883,inf
1ERE,decoy21,EST_redock_1ERE,0.8880,6.0953,inf
1ERE,99-76-3_min,EST_redock_1ERE,0.8879,4.6032,inf
1ERE,2529-64-8_min,EST_redock_1ERE,0.8877,6.4407,inf
1ERE,120-47-8_min,EST_redock_1ERE,0.8874,4.8733,inf
1ERE,58-72-0_min,EST_redock_1ERE,0.8870,5.9593,inf
1ERE,decoy34,EST_redock_1ERE,0.8870,6.5032,inf
1ERE,94-26-8_min,EST_redock_1ERE,0.8852,5.2733,inf
1ERE,27K_min,EST_redock_1ERE,0.8852,5.2733,inf
1ERE,decoy253,EST_redock_1ERE,0.8848,5.8795,inf
1ERE,80-46-6_min,EST_redock_1ERE,0.8839,5.6205,inf
1ERE,decoy128,EST_redock_1ERE,0.8823,6.3242,inf
1ERE,Testosterone_min,EST_redock_1ERE,0.8822,6.9683,0.7271
1ERE,98-54-4_min,EST_redock_1ERE,0.8822,5.1894,inf
1ERE,58-22-0_min,EST_redock_1ERE,0.8822,6.9683,0.7271
1ERE,decoy189,EST_redock_1ERE,0.8821,6.2720,inf
1ERE,decoy186,EST_redock_1ERE,0.8795,6.5991,inf
1ERE,123-07-9_min,EST_redock_1ERE,0.8793,4.2610,inf
1ERE,2OH_min,EST_redock_1ERE,0.8782,6.2405,inf
1ERE,80-05-7_min,EST_redock_1ERE,0.8782,6.2405,inf
1ERE,99-71-8_min,EST_redock_1ERE,0.8740,5.1988,inf
1ERE,decoy185,EST_redock_1ERE,0.8737,6.2371,inf
1ERE,decoy263,EST_redock_1ERE,0.8726,6.0128,inf
1ERE,659-22-3_min,EST_redock_1ERE,0.8713,6.5443,inf
1ERE,28463-03-8_min,EST_redock_1ERE,0.8655,6.8750,inf
1ERE,decoy269,EST_redock_1ERE,0.8620,6.2172,inf
1ERE,94-13-3_min,EST_redock_1ERE,0.8600,5.3115,inf
1ERE,decoy193,EST_redock_1ERE,0.8600,6.2257,inf
1ERE,decoy244,EST_redock_1ERE,0.8596,6.5165,inf
1ERE,decoy419,EST_redock_1ERE,0.8578,5.9354,inf
1ERE,decoy99,EST_redock_1ERE,0.8574,6.4043,inf
1ERE,decoy153,EST_redock_1ERE,0.8573,6.2288,inf
1ERE,decoy331,EST_redock_1ERE,0.8566,7.0808,inf
1ERE,131-56-6_min,EST_redock_1ERE,0.8562,5.4794,inf
1ERE,decoy375,EST_redock_1ERE,0.8556,6.5805,inf
1ERE,59-50-7_min,EST_redock_1ERE,0.8540,4.1616,inf
1ERE,84-17-3_min,EST_redock_1ERE,0.8523,7.1044,inf
1ERE,94-18-8_min,EST_redock_1ERE,0.8507,5.8085,inf
1ERE,decoy280,EST_redock_1ERE,0.8503,6.0548,inf
1ERE,decoy312,EST_redock_1ERE,0.8473,6.8914,inf
1ERE,decoy174,EST_redock_1ERE,0.8464,6.2389,inf
1ERE,243-17-4_min,EST_redock_1ERE,0.8459,5.2272,inf
1ERE,97-54-1_min,EST_redock_1ERE,0.8423,4.6527,inf
1ERE,92-69-3_min,EST_redock_1ERE,0.8411,4.9645,inf
1ERE,481-30-1_min,EST_redock_1ERE,0.8395,6.4449,0.8333
1ERE,decoy48,EST_redock_1ERE,0.8387,5.4793,inf
1ERE,218-01-9_min,EST_redock_1ERE,0.8375,5.2424,inf
1ERE,1570-64-5_min,EST_redock_1ERE,0.8374,3.9112,inf
1ERE,580-51-8_min,EST_redock_1ERE,0.8369,4.5434,inf
1ERE,decoy173,EST_redock_1ERE,0.8368,6.1234,inf
1ERE,decoy345,EST_redock_1ERE,0.8365,6.5811,inf
1ERE,decoy28,EST_redock_1ERE,0.8351,6.5031,inf
1ERE,94-25-7_min,EST_redock_1ERE,0.8333,4.6863,inf
1ERE,81-90-3_min,EST_redock_1ERE,0.8325,5.9983,inf
1ERE,decoy61,EST_redock_1ERE,0.8301,6.1713,inf
1ERE,6052-84-2_min,EST_redock_1ERE,0.8241,5.8580,inf
1ERE,decoy204,EST_redock_1ERE,0.8234,6.0083,inf
1ERE,decoy410,EST_redock_1ERE,0.8223,5.7098,inf
1ERE,decoy71,EST_redock_1ERE,0.8222,6.0942,inf
1ERE,decoy190,EST_redock_1ERE,0.8201,6.0973,inf
1ERE,decoy187,EST_redock_1ERE,0.8200,5.4663,inf
1ERE,1852-53-5_min,EST_redock_1ERE,0.8192,6.6631,0.8946
1ERE,80-09-1_min,EST_redock_1ERE,0.8174,5.4061,inf
1ERE,decoy94,EST_redock_1ERE,0.8164,6.1432,inf
1ERE,decoy155,EST_redock_1ERE,0.8147,6.2216,inf
1ERE,decoy411,EST_redock_1ERE,0.8131,5.5721,inf
1ERE,500-38-9_min,EST_redock_1ERE,0.8128,5.8924,inf
1ERE,85-68-7_min,EST_redock_1ERE,0.8123,4.9870,inf
1ERE,25154-52-3_min,EST_redock_1ERE,0.8121,5.6907,inf
1ERE,decoy213,EST_redock_1ERE,0.8120,6.0132,inf
1ERE,decoy72,EST_redock_1ERE,0.8103,6.4065,inf
1ERE,decoy243,EST_redock_1ERE,0.8095,5.8911,inf
1ERE,126-00-1_min,EST_redock_1ERE,0.8095,6.0069,inf
1ERE,decoy281,EST_redock_1ERE,0.8049,5.4540,inf
1ERE,decoy168,EST_redock_1ERE,0.8040,6.0783,inf
1ERE,decoy111,EST_redock_1ERE,0.8031,5.4277,inf
1ERE,decoy81,EST_redock_1ERE,0.8030,5.9186,inf
1ERE,decoy240,EST_redock_1ERE,0.7989,5.5349,inf
1ERE,60-57-1_min,EST_redock_1ERE,0.7975,6.2816,inf
1ERE,36J_min,EST_redock_1ERE,0.7972,5.4009,inf
1ERE,decoy183,EST_redock_1ERE,0.7968,5.5578,inf
1ERE,decoy336,EST_redock_1ERE,0.7960,5.8842,inf
1ERE,15372-34-6_min,EST_redock_1ERE,0.7940,5.7071,inf
1ERE,decoy87,EST_redock_1ERE,0.7913,5.5747,inf
1ERE,decoy309,EST_redock_1ERE,0.7910,5.4068,inf
1ERE,decoy288,EST_redock_1ERE,0.7886,5.5314,inf
1ERE,decoy18,EST_redock_1ERE,0.7881,3.6363,inf
1ERE,75938-34-0_min,EST_redock_1ERE,0.7857,5.9930,inf
1ERE,decoy60,EST_redock_1ERE,0.7853,5.1592,inf
1ERE,decoy230,EST_redock_1ERE,0.7851,4.9689,inf
1ERE,57-83-0_min,EST_redock_1ERE,0.7844,6.1122,inf
1ERE,decoy257,EST_redock_1ERE,0.7842,6.1600,inf
1ERE,decoy388,EST_redock_1ERE,0.7841,5.2802,inf
1ERE,72-43-5_min,EST_redock_1ERE,0.7815,5.6646,inf
1ERE,decoy184,EST_redock_1ERE,0.7807,5.6192,inf
1ERE,decoy92,EST_redock_1ERE,0.7806,5.7076,inf
1ERE,68-23-5_min,EST_redock_1ERE,0.7806,6.1209,0.7805
1ERE,decoy5,EST_redock_1ERE,0.7792,6.0067,inf
1ERE,decoy330,EST_redock_1ERE,0.7782,6.0179,inf
1ERE,97-53-0_min,EST_redock_1ERE,0.7769,4.4278,inf
1ERE,decoy227,EST_redock_1ERE,0.7766,5.4208,inf
1ERE,decoy180,EST_redock_1ERE,0.7759,5.4378,inf
1ERE,decoy431,EST_redock_1ERE,0.7747,6.0555,inf
1ERE,decoy245,EST_redock_1ERE,0.7745,6.1384,inf
1ERE,121-33-5_min,EST_redock_1ERE,0.7719,3.5639,inf
1ERE,72-54-8_min,EST_redock_1ERE,0.7683,5.4427,inf
1ERE,decoy178,EST_redock_1ERE,0.7642,5.4003,inf
1ERE,84-69-5_min,EST_redock_1ERE,0.7625,4.3517,inf
1ERE,611-99-4_min,EST_redock_1ERE,0.7607,5.2561,inf
1ERE,decoy407,EST_redock_1ERE,0.7593,5.5189,inf
1ERE,decoy250,EST_redock_1ERE,0.7589,5.2110,inf
1ERE,decoy121,EST_redock_1ERE,0.7586,4.9702,inf
1ERE,decoy4,EST_redock_1ERE,0.7570,5.2736,inf
1ERE,decoy416,EST_redock_1ERE,0.7567,4.6165,inf
1ERE,decoy154,EST_redock_1ERE,0.7565,5.1125,inf
1ERE,84-74-2_min,EST_redock_1ERE,0.7561,4.0572,inf
1ERE,decoy216,EST_redock_1ERE,0.7550,5.4650,inf
1ERE,5394-98-9_min,EST_redock_1ERE,0.7540,5.2313,inf
1ERE,decoy19,EST_redock_1ERE,0.7518,4.6132,inf
1ERE,decoy171,EST_redock_1ERE,0.7517,4.7298,inf
1ERE,decoy82,EST_redock_1ERE,0.7482,5.2931,inf
1ERE,decoy274,EST_redock_1ERE,0.7477,4.5165,inf
1ERE,50-22-6_min,EST_redock_1ERE,0.7475,5.3926,inf
1ERE,decoy305,EST_redock_1ERE,0.7471,5.7220,inf
1ERE,decoy63,EST_redock_1ERE,0.7464,4.6880,inf
1ERE,decoy29,EST_redock_1ERE,0.7423,4.8274,inf
1ERE,decoy279,EST_redock_1ERE,0.7385,4.9654,inf
1ERE,decoy15,EST_redock_1ERE,0.7374,4.7924,inf
1ERE,decoy45,EST_redock_1ERE,0.7357,5.0522,inf
1ERE,115-29-7_min,EST_redock_1ERE,0.7346,5.3824,inf
1ERE,27M_min,EST_redock_1ERE,0.7345,4.8014,inf
1ERE,603-45-2_min,EST_redock_1ERE,0.7340,5.6729,inf
1ERE,decoy259,EST_redock_1ERE,0.7331,5.2323,inf
1ERE,decoy24,EST_redock_1ERE,0.7321,5.3448,inf
1ERE,decoy223,EST_redock_1ERE,0.7307,5.1568,inf
1ERE,decoy220,EST_redock_1ERE,0.7281,5.2075,inf
1ERE,decoy425,EST_redock_1ERE,0.7250,5.1618,inf
1ERE,decoy268,EST_redock_1ERE,0.7183,4.7967,inf
1ERE,decoy282,EST_redock_1ERE,0.7163,5.0864,inf
1ERE,decoy62,EST_redock_1ERE,0.7145,4.4505,inf
1ERE,decoy258,EST_redock_1ERE,0.7142,5.0781,inf
1ERE,decoy242,EST_redock_1ERE,0.7141,4.8757,inf
1ERE,decoy179,EST_redock_1ERE,0.7121,5.1131,inf
1ERE,58-89-9_min,EST_redock_1ERE,0.7109,4.4010,inf
1ERE,decoy112,EST_redock_1ERE,0.7096,5.2157,inf
1ERE,decoy175,EST_redock_1ERE,0.7032,4.7437,inf
1ERE,90-43-7_min,EST_redock_1ERE,0.7016,3.3305,inf
1ERE,decoy85,EST_redock_1ERE,0.7015,5.0245,inf
1ERE,decoy6,EST_redock_1ERE,0.7014,4.5075,inf
1ERE,decoy381,EST_redock_1ERE,0.7000,5.0608,inf
1ERE,3434-79-5_min,EST_redock_1ERE,0.6998,5.3545,0.4944
1ERE,571-22-2_min,EST_redock_1ERE,0.6991,5.3655,1.1334
1ERE,decoy235,EST_redock_1ERE,0.6978,5.0226,inf
1ERE,140-10-3_min,EST_redock_1ERE,0.6952,3.1822,inf
1ERE,decoy322,EST_redock_1ERE,0.6942,4.9488,inf
1ERE,decoy208,EST_redock_1ERE,0.6938,4.8014,inf
1ERE,decoy255,EST_redock_1ERE,0.6919,4.5851,inf
1ERE,decoy429,EST_redock_1ERE,0.6873,5.1161,inf
1ERE,decoy297,EST_redock_1ERE,0.6858,4.6092,inf
1ERE,decoy290,EST_redock_1ERE,0.6851,4.1596,inf
1ERE,decoy76,EST_redock_1ERE,0.6840,4.6823,inf
1ERE,decoy266,EST_redock_1ERE,0.6838,4.8275,inf
1ERE,143-74-8_min,EST_redock_1ERE,0.6835,4.8731,inf
1ERE,decoy197,EST_redock_1ERE,0.6828,5.0740,inf
1ERE,77-09-8_min,EST_redock_1ERE,0.6810,4.8457,inf
1ERE,decoy3,EST_redock_1ERE,0.6808,4.3304,inf
1ERE,decoy156,EST_redock_1ERE,0.6782,4.7241,inf
1ERE,decoy169,EST_redock_1ERE,0.6758,4.3563,inf
1ERE,decoy57,EST_redock_1ERE,0.6753,4.8610,inf
1ERE,decoy364,EST_redock_1ERE,0.6743,4.4577,inf
1ERE,decoy359,EST_redock_1ERE,0.6743,4.1849,inf
1ERE,decoy261,EST_redock_1ERE,0.6733,4.6271,inf
1ERE,decoy151,EST_redock_1ERE,0.6723,4.9552,inf
1ERE,decoy394,EST_redock_1ERE,0.6691,4.8394,inf
1ERE,decoy41,EST_redock_1ERE,0.6689,4.5167,inf
1ERE,decoy101,EST_redock_1ERE,0.6683,4.3036,inf
1ERE,decoy90,EST_redock_1ERE,0.6653,4.9158,inf
1ERE,decoy361,EST_redock_1ERE,0.6649,5.1183,inf
1ERE,decoy415,EST_redock_1ERE,0.6638,4.4706,inf
1ERE,decoy239,EST_redock_1ERE,0.6624,4.4406,inf
1ERE,decoy222,EST_redock_1ERE,0.6618,4.6975,inf
1ERE,decoy212,EST_redock_1ERE,0.6617,4.5280,inf
1ERE,decoy386,EST_redock_1ERE,0.6613,4.5368,inf
1ERE,decoy67,EST_redock_1ERE,0.6591,4.2410,inf
1ERE,decoy422,EST_redock_1ERE,0.6590,4.5843,inf
1ERE,decoy392,EST_redock_1ERE,0.6565,4.3231,inf
1ERE,decoy130,EST_redock_1ERE,0.6557,4.5631,inf
1ERE,decoy191,EST_redock_1ERE,0.6550,4.3800,inf
1ERE,decoy349,EST_redock_1ERE,0.6541,4.6563,inf
1ERE,50-29-3_min,EST_redock_1ERE,0.6527,4.6482,inf
1ERE,decoy384,EST_redock_1ERE,0.6522,4.5572,inf
1ERE,decoy393,EST_redock_1ERE,0.6506,4.0962,inf
1ERE,decoy291,EST_redock_1ERE,0.6490,4.4817,inf
1ERE,decoy406,EST_redock_1ERE,0.6450,4.8169,inf
1ERE,decoy329,EST_redock_1ERE,0.6436,5.1119,inf
1ERE,decoy251,EST_redock_1ERE,0.6409,4.3722,inf
1ERE,decoy214,EST_redock_1ERE,0.6403,4.5906,inf
1ERE,decoy32,EST_redock_1ERE,0.6394,4.7587,inf
1ERE,5108-94-1_min,EST_redock_1ERE,0.6390,5.0504,6.5720
1ERE,decoy302,EST_redock_1ERE,0.6378,3.9203,inf
1ERE,decoy203,EST_redock_1ERE,0.6361,4.3112,inf
1ERE,decoy93,EST_redock_1ERE,0.6355,4.1695,inf
1ERE,decoy95,EST_redock_1ERE,0.6287,4.4009,inf
1ERE,decoy219,EST_redock_1ERE,0.6284,4.4873,inf
1ERE,decoy110,EST_redock_1ERE,0.6273,4.0549,inf
1ERE,decoy165,EST_redock_1ERE,0.6262,3.6714,inf
1ERE,decoy131,EST_redock_1ERE,0.6252,4.1316,inf
1ERE,decoy22,EST_redock_1ERE,0.6247,3.9842,inf
1ERE,decoy318,EST_redock_1ERE,0.6243,4.7765,inf
1ERE,decoy363,EST_redock_1ERE,0.6242,4.4980,inf
1ERE,143-50-0_min,EST_redock_1ERE,0.6236,5.1971,inf
1ERE,decoy43,EST_redock_1ERE,0.6218,4.1400,inf
1ERE,decoy23,EST_redock_1ERE,0.6208,3.9825,inf
1ERE,decoy317,EST_redock_1ERE,0.6206,4.3737,inf
1ERE,decoy275,EST_redock_1ERE,0.6200,4.6294,inf
1ERE,7773-34-4_min,EST_redock_1ERE,0.6189,4.5551,inf
1ERE,decoy51,EST_redock_1ERE,0.6139,4.3218,inf
1ERE,decoy389,EST_redock_1ERE,0.6113,4.4826,inf
1ERE,decoy150,EST_redock_1ERE,0.6112,4.4866,inf
1ERE,decoy351,EST_redock_1ERE,0.6110,4.0386,inf
1ERE,decoy319,EST_redock_1ERE,0.6079,4.1504,inf
1ERE,decoy355,EST_redock_1ERE,0.6064,4.0767,inf
1ERE,decoy83,EST_redock_1ERE,0.6056,4.3766,inf
1ERE,decoy306,EST_redock_1ERE,0.6043,4.4034,inf
1ERE,decoy249,EST_redock_1ERE,0.6035,3.6888,inf
1ERE,2050-68-2_min,EST_redock_1ERE,0.6028,3.5199,inf
1ERE,decoy27,EST_redock_1ERE,0.5999,4.3188,inf
1ERE,decoy304,EST_redock_1ERE,0.5998,4.2347,inf
1ERE,decoy7,EST_redock_1ERE,0.5992,4.2238,inf
1ERE,decoy109,EST_redock_1ERE,0.5969,3.9180,inf
1ERE,50-02-2_min,EST_redock_1ERE,0.5959,4.6077,1.3278
1ERE,decoy118,EST_redock_1ERE,0.5941,4.2973,inf
1ERE,207-13-4_min,EST_redock_1ERE,0.5937,3.1756,inf
1ERE,decoy320,EST_redock_1ERE,0.5930,4.4666,inf
1ERE,decoy409,EST_redock_1ERE,0.5911,4.3887,inf
1ERE,decoy114,EST_redock_1ERE,0.5901,4.3411,inf
1ERE,decoy195,EST_redock_1ERE,0.5879,4.2964,inf
1ERE,decoy116,EST_redock_1ERE,0.5868,3.9186,inf
1ERE,decoy37,EST_redock_1ERE,0.5861,3.5824,inf
1ERE,decoy36,EST_redock_1ERE,0.5849,4.0965,inf
1ERE,Caffeine_min,EST_redock_1ERE,0.5844,3.0135,inf
1ERE,decoy260,EST_redock_1ERE,0.5834,4.3426,inf
1ERE,decoy246,EST_redock_1ERE,0.5827,4.0974,inf
1ERE,decoy376,EST_redock_1ERE,0.5821,4.2521,inf
1ERE,decoy396,EST_redock_1ERE,0.5819,4.0176,inf
1ERE,decoy159,EST_redock_1ERE,0.5816,4.1824,inf
1ERE,decoy50,EST_redock_1ERE,0.5814,4.3350,inf
1ERE,decoy8,EST_redock_1ERE,0.5803,4.0001,inf
1ERE,decoy252,EST_redock_1ERE,0.5792,3.9220,inf
1ERE,decoy226,EST_redock_1ERE,0.5787,3.8733,inf
1ERE,decoy64,EST_redock_1ERE,0.5763,3.7764,inf
1ERE,decoy205,EST_redock_1ERE,0.5755,3.8722,inf
1ERE,decoy272,EST_redock_1ERE,0.5753,3.4758,inf
1ERE,decoy414,EST_redock_1ERE,0.5744,3.8491,inf
1ERE,decoy401,EST_redock_1ERE,0.5733,3.9264,inf
1ERE,decoy356,EST_redock_1ERE,0.5725,3.4592,inf
1ERE,decoy404,EST_redock_1ERE,0.5721,3.7884,inf
1ERE,decoy428,EST_redock_1ERE,0.5718,3.9026,inf
1ERE,decoy333,EST_redock_1ERE,0.5715,3.7591,inf
1ERE,decoy348,EST_redock_1ERE,0.5706,3.7418,inf
1ERE,decoy69,EST_redock_1ERE,0.5702,3.9866,inf
1ERE,decoy374,EST_redock_1ERE,0.5696,3.8007,inf
1ERE,decoy360,EST_redock_1ERE,0.5685,4.1631,inf
1ERE,decoy287,EST_redock_1ERE,0.5676,3.1970,inf
1ERE,decoy39,EST_redock_1ERE,0.5656,4.0983,inf
1ERE,decoy405,EST_redock_1ERE,0.5628,3.6778,inf
1ERE,decoy314,EST_redock_1ERE,0.5627,3.7291,inf
1ERE,decoy113,EST_redock_1ERE,0.5622,3.9703,inf
1ERE,decoy342,EST_redock_1ERE,0.5607,4.0603,inf
1ERE,decoy30,EST_redock_1ERE,0.5603,3.9067,inf
1ERE,decoy106,EST_redock_1ERE,0.5599,3.5791,inf
1ERE,decoy210,EST_redock_1ERE,0.5596,4.1645,inf
1ERE,27J_min,EST_redock_1ERE,0.5555,3.5479,inf
1ERE,decoy160,EST_redock_1ERE,0.5540,4.0373,inf
1ERE,decoy308,EST_redock_1ERE,0.5517,3.9853,inf
1ERE,decoy172,EST_redock_1ERE,0.5508,3.8297,inf
1ERE,decoy413,EST_redock_1ERE,0.5505,3.4104,inf
1ERE,decoy196,EST_redock_1ERE,0.5502,3.9587,inf
1ERE,decoy132,EST_redock_1ERE,0.5493,3.8862,inf
1ERE,decoy295,EST_redock_1ERE,0.5483,3.4300,inf
1ERE,decoy80,EST_redock_1ERE,0.5477,3.9385,inf
1ERE,decoy119,EST_redock_1ERE,0.5462,3.4143,inf
1ERE,decoy301,EST_redock_1ERE,0.5427,4.0350,inf
1ERE,decoy427,EST_redock_1ERE,0.5407,3.6230,inf
1ERE,decoy188,EST_redock_1ERE,0.5403,3.8241,inf
1ERE,decoy271,EST_redock_1ERE,0.5402,4.0650,inf
1ERE,decoy129,EST_redock_1ERE,0.5387,3.3324,inf
1ERE,decoy84,EST_redock_1ERE,0.5370,3.6252,inf
1ERE,decoy299,EST_redock_1ERE,0.5366,4.0003,inf
1ERE,decoy102,EST_redock_1ERE,0.5361,3.5753,inf
1ERE,72-33-3_min,EST_redock_1ERE,0.5353,4.0294,0.6474
1ERE,decoy44,EST_redock_1ERE,0.5336,3.6043,inf
1ERE,decoy307,EST_redock_1ERE,0.5328,4.2476,inf
1ERE,decoy59,EST_redock_1ERE,0.5324,3.5553,inf
1ERE,decoy232,EST_redock_1ERE,0.5308,3.7322,inf
1ERE,decoy382,EST_redock_1ERE,0.5290,3.7183,inf
1ERE,72-55-9_min,EST_redock_1ERE,0.5278,3.5982,inf
1ERE,decoy264,EST_redock_1ERE,0.5272,3.7296,inf
1ERE,decoy207,EST_redock_1ERE,0.5270,3.6355,inf
1ERE,decoy56,EST_redock_1ERE,0.5269,2.8323,inf
1ERE,decoy298,EST_redock_1ERE,0.5252,3.4851,inf
1ERE,decoy182,EST_redock_1ERE,0.5241,3.1594,inf
1ERE,decoy420,EST_redock_1ERE,0.5237,3.5287,inf
1ERE,decoy200,EST_redock_1ERE,0.5229,3.2277,inf
1ERE,decoy162,EST_redock_1ERE,0.5228,3.4749,inf
1ERE,decoy17,EST_redock_1ERE,0.5216,3.7658,inf
1ERE,decoy157,EST_redock_1ERE,0.5209,3.7116,inf
1ERE,Melatonin_min,EST_redock_1ERE,0.5194,3.4204,inf
1ERE,decoy399,EST_redock_1ERE,0.5187,3.3886,inf
1ERE,decoy403,EST_redock_1ERE,0.5182,3.4106,inf
1ERE,decoy335,EST_redock_1ERE,0.5174,3.6117,inf
1ERE,decoy9,EST_redock_1ERE,0.5163,3.9116,inf
1ERE,decoy332,EST_redock_1ERE,0.5160,3.8582,inf
1ERE,decoy224,EST_redock_1ERE,0.5157,3.3050,inf
1ERE,decoy221,EST_redock_1ERE,0.5153,3.4059,inf
1ERE,decoy326,EST_redock_1ERE,0.5143,4.0371,inf
1ERE,decoy217,EST_redock_1ERE,0.5127,3.5289,inf
1ERE,decoy241,EST_redock_1ERE,0.5121,3.3734,inf
1ERE,decoy426,EST_redock_1ERE,0.5117,3.5390,inf
1ERE,decoy107,EST_redock_1ERE,0.5108,3.8753,inf
1ERE,decoy158,EST_redock_1ERE,0.5108,2.9844,inf
1ERE,decoy344,EST_redock_1ERE,0.5102,3.5685,inf
1ERE,decoy353,EST_redock_1ERE,0.5098,3.4730,inf
1ERE,decoy311,EST_redock_1ERE,0.5096,3.6283,inf
1ERE,decoy421,EST_redock_1ERE,0.5083,3.4406,inf
1ERE,decoy25,EST_redock_1ERE,0.5078,3.6604,inf
1ERE,decoy412,EST_redock_1ERE,0.5077,3.4559,inf
1ERE,decoy201,EST_redock_1ERE,0.5073,2.8534,inf
1ERE,131-57-7_min,EST_redock_1ERE,0.5059,2.7569,inf
1ERE,decoy2,EST_redock_1ERE,0.5055,3.4324,inf
1ERE,decoy391,EST_redock_1ERE,0.5020,3.4826,inf
1ERE,decoy79,EST_redock_1ERE,0.5015,3.0306,inf
1ERE,decoy73,EST_redock_1ERE,0.5005,3.0797,inf
1ERE,decoy42,EST_redock_1ERE,0.5002,3.2573,inf
1ERE,decoy10,EST_redock_1ERE,0.4996,3.3833,inf
1ERE,decoy89,EST_redock_1ERE,0.4971,3.1982,inf
1ERE,decoy135,EST_redock_1ERE,0.4941,3.6024,inf
1ERE,decoy256,EST_redock_1ERE,0.4937,3.2946,inf
1ERE,decoy300,EST_redock_1ERE,0.4937,3.5560,inf
1ERE,decoy289,EST_redock_1ERE,0.4899,3.3916,inf
1ERE,decoy400,EST_redock_1ERE,0.4898,3.5994,inf
1ERE,decoy379,EST_redock_1ERE,0.4893,3.4101,inf
1ERE,decoy68,EST_redock_1ERE,0.4890,3.3553,inf
1ERE,decoy146,EST_redock_1ERE,0.4884,3.4665,inf
1ERE,decoy267,EST_redock_1ERE,0.4881,3.4004,inf
1ERE,decoy328,EST_redock_1ERE,0.4878,3.5850,inf
1ERE,decoy38,EST_redock_1ERE,0.4862,3.2785,inf
1ERE,decoy86,EST_redock_1ERE,0.4829,2.8296,inf
1ERE,decoy418,EST_redock_1ERE,0.4827,3.4185,inf
1ERE,decoy277,EST_redock_1ERE,0.4816,3.4860,inf
1ERE,decoy340,EST_redock_1ERE,0.4813,3.6496,inf
1ERE,decoy398,EST_redock_1ERE,0.4809,3.2280,inf
1ERE,decoy402,EST_redock_1ERE,0.4793,3.0872,inf
1ERE,decoy294,EST_redock_1ERE,0.4787,3.0343,inf
1ERE,decoy167,EST_redock_1ERE,0.4779,3.3823,inf
1ERE,decoy149,EST_redock_1ERE,0.4767,3.3131,inf
1ERE,decoy125,EST_redock_1ERE,0.4759,3.3265,inf
1ERE,decoy105,EST_redock_1ERE,0.4741,2.9849,inf
1ERE,decoy11,EST_redock_1ERE,0.4740,2.9545,inf
1ERE,decoy358,EST_redock_1ERE,0.4731,3.1020,inf
1ERE,decoy164,EST_redock_1ERE,0.4721,3.1703,inf
1ERE,decoy433,EST_redock_1ERE,0.4717,2.8601,inf
1ERE,decoy163,EST_redock_1ERE,0.4709,3.3617,inf
1ERE,decoy285,EST_redock_1ERE,0.4708,3.4170,inf
1ERE,83-46-5_min,EST_redock_1ERE,0.4700,3.5098,inf
1ERE,decoy14,EST_redock_1ERE,0.4696,3.2005,inf
1ERE,decoy49,EST_redock_1ERE,0.4694,3.2549,inf
1ERE,decoy373,EST_redock_1ERE,0.4677,2.5764,inf
1ERE,decoy247,EST_redock_1ERE,0.4659,3.2751,inf
1ERE,decoy234,EST_redock_1ERE,0.4656,3.3157,inf
1ERE,decoy33,EST_redock_1ERE,0.4650,3.2864,inf
1ERE,decoy350,EST_redock_1ERE,0.4636,3.2151,inf
1ERE,decoy273,EST_redock_1ERE,0.4631,3.3502,inf
1ERE,decoy88,EST_redock_1ERE,0.4623,3.2806,inf
1ERE,decoy313,EST_redock_1ERE,0.4614,3.5173,inf
1ERE,decoy52,EST_redock_1ERE,0.4608,2.8956,inf
1ERE,decoy176,EST_redock_1ERE,0.4578,3.2604,inf
1ERE,decoy91,EST_redock_1ERE,0.4556,3.1567,inf
1ERE,decoy327,EST_redock_1ERE,0.4548,3.1405,inf
1ERE,decoy199,EST_redock_1ERE,0.4534,3.2404,inf
1ERE,decoy75,EST_redock_1ERE,0.4528,3.1449,inf
1ERE,decoy367,EST_redock_1ERE,0.4525,3.2132,inf
1ERE,decoy352,EST_redock_1ERE,0.4523,3.3006,inf
1ERE,decoy337,EST_redock_1ERE,0.4504,3.3870,inf
1ERE,decoy334,EST_redock_1ERE,0.4496,3.3543,inf
1ERE,decoy316,EST_redock_1ERE,0.4491,3.3906,inf
1ERE,decoy16,EST_redock_1ERE,0.4484,3.1989,inf
1ERE,decoy408,EST_redock_1ERE,0.4468,3.2682,inf
1ERE,decoy284,EST_redock_1ERE,0.4461,3.1145,inf
1ERE,decoy144,EST_redock_1ERE,0.4433,3.2774,inf
1ERE,decoy31,EST_redock_1ERE,0.4414,3.0430,inf
1ERE,decoy229,EST_redock_1ERE,0.4407,2.9764,inf
1ERE,57-88-5_min,EST_redock_1ERE,0.4394,3.4171,inf
1ERE,decoy209,EST_redock_1ERE,0.4391,2.9110,inf
1ERE,decoy192,EST_redock_1ERE,0.4378,3.1048,inf
1ERE,decoy346,EST_redock_1ERE,0.4338,3.0090,inf
1ERE,911-45-5_min,EST_redock_1ERE,0.4308,3.0759,inf
1ERE,decoy141,EST_redock_1ERE,0.4293,2.8423,inf
1ERE,decoy238,EST_redock_1ERE,0.4260,3.2696,inf
1ERE,decoy202,EST_redock_1ERE,0.4251,2.9212,inf
1ERE,decoy385,EST_redock_1ERE,0.4217,3.1323,inf
1ERE,decoy66,EST_redock_1ERE,0.4217,2.4111,inf
1ERE,decoy138,EST_redock_1ERE,0.4215,2.8188,inf
1ERE,decoy237,EST_redock_1ERE,0.4215,2.6916,inf
1ERE,decoy40,EST_redock_1ERE,0.4199,2.9698,inf
1ERE,decoy194,EST_redock_1ERE,0.4195,2.9810,inf
1ERE,decoy124,EST_redock_1ERE,0.4182,2.6416,inf
1ERE,decoy303,EST_redock_1ERE,0.4167,2.9377,inf
1ERE,115-86-6_min,EST_redock_1ERE,0.4154,2.5360,inf
1ERE,decoy143,EST_redock_1ERE,0.4107,2.9276,inf
1ERE,decoy12,EST_redock_1ERE,0.4071,2.5857,inf
1ERE,decoy357,EST_redock_1ERE,0.4071,2.7737,inf
1ERE,decoy228,EST_redock_1ERE,0.4057,2.5355,inf
1ERE,decoy218,EST_redock_1ERE,0.4056,2.8860,inf
1ERE,decoy215,EST_redock_1ERE,0.4043,2.8318,inf
1ERE,decoy276,EST_redock_1ERE,0.4032,2.7877,inf
1ERE,decoy142,EST_redock_1ERE,0.4030,2.8472,inf
1ERE,decoy139,EST_redock_1ERE,0.4017,2.8352,inf
1ERE,decoy103,EST_redock_1ERE,0.3969,2.7278,inf
1ERE,decoy104,EST_redock_1ERE,0.3941,2.6962,inf
1ERE,decoy424,EST_redock_1ERE,0.3927,2.5770,inf
1ERE,decoy120,EST_redock_1ERE,0.3900,2.6093,inf
1ERE,decoy97,EST_redock_1ERE,0.3899,2.3054,inf
1ERE,decoy354,EST_redock_1ERE,0.3897,2.5430,inf
1ERE,decoy338,EST_redock_1ERE,0.3875,2.4538,inf
1ERE,decoy126,EST_redock_1ERE,0.3860,2.6378,inf
1ERE,decoy225,EST_redock_1ERE,0.3853,2.4512,inf
1ERE,decoy133,EST_redock_1ERE,0.3839,2.3594,inf
1ERE,decoy211,EST_redock_1ERE,0.3820,2.6597,inf
1ERE,decoy339,EST_redock_1ERE,0.3818,2.7494,inf
1ERE,decoy233,EST_redock_1ERE,0.3794,2.4183,inf
1ERE,decoy148,EST_redock_1ERE,0.3791,2.5249,inf
1ERE,decoy35,EST_redock_1ERE,0.3790,2.5707,inf
1ERE,decoy293,EST_redock_1ERE,0.3778,2.7231,inf
1ERE,decoy430,EST_redock_1ERE,0.3774,2.6070,inf
1ERE,decoy378,EST_redock_1ERE,0.3767,2.5345,inf
1ERE,decoy270,EST_redock_1ERE,0.3746,2.4685,inf
1ERE,decoy46,EST_redock_1ERE,0.3741,2.4096,inf
1ERE,decoy286,EST_redock_1ERE,0.3741,2.5002,inf
1ERE,decoy292,EST_redock_1ERE,0.3721,2.6603,inf
1ERE,decoy147,EST_redock_1ERE,0.3709,2.6888,inf
1ERE,decoy296,EST_redock_1ERE,0.3691,2.5723,inf
1ERE,decoy198,EST_redock_1ERE,0.3671,2.5583,inf
1ERE,decoy387,EST_redock_1ERE,0.3649,2.4816,inf
1ERE,decoy347,EST_redock_1ERE,0.3616,2.4121,inf
1ERE,decoy343,EST_redock_1ERE,0.3615,2.5188,inf
1ERE,decoy254,EST_redock_1ERE,0.3608,2.1108,inf
1ERE,decoy115,EST_redock_1ERE,0.3593,2.4202,inf
1ERE,decoy365,EST_redock_1ERE,0.3571,1.9248,inf
1ERE,decoy371,EST_redock_1ERE,0.3559,2.1991,inf
1ERE,decoy315,EST_redock_1ERE,0.3552,2.5000,inf
1ERE,decoy74,EST_redock_1ERE,0.3550,2.4668,inf
1ERE,decoy170,EST_redock_1ERE,0.3536,2.2654,inf
1ERE,decoy137,EST_redock_1ERE,0.3535,2.5001,inf
1ERE,decoy65,EST_redock_1ERE,0.3532,2.5113,inf
1ERE,decoy283,EST_redock_1ERE,0.3525,2.3753,inf
1ERE,decoy70,EST_redock_1ERE,0.3419,2.3230,inf
1ERE,decoy127,EST_redock_1ERE,0.3393,2.4568,inf
1ERE,decoy325,EST_redock_1ERE,0.3381,2.5329,inf
1ERE,decoy26,EST_redock_1ERE,0.3376,2.3065,inf
1ERE,decoy366,EST_redock_1ERE,0.3369,1.8911,inf
1ERE,decoy323,EST_redock_1ERE,0.3363,2.4008,inf
1ERE,decoy140,EST_redock_1ERE,0.3353,2.4635,inf
1ERE,decoy362,EST_redock_1ERE,0.3353,2.3760,inf
1ERE,decoy134,EST_redock_1ERE,0.3348,2.2104,inf
1ERE,decoy117,EST_redock_1ERE,0.3324,2.3663,inf
1ERE,decoy278,EST_redock_1ERE,0.3262,2.1947,inf
1ERE,decoy321,EST_redock_1ERE,0.3250,2.2393,inf
1ERE,decoy395,EST_redock_1ERE,0.3235,1.9573,inf
1ERE,decoy136,EST_redock_1ERE,0.3209,2.3151,inf
1ERE,decoy55,EST_redock_1ERE,0.3175,2.3263,inf
1ERE,decoy98,EST_redock_1ERE,0.3168,1.7563,inf
1ERE,decoy53,EST_redock_1ERE,0.3146,2.1686,inf
1ERE,decoy96,EST_redock_1ERE,0.3135,2.0168,inf
1ERE,decoy100,EST_redock_1ERE,0.3122,2.1809,inf
1ERE,decoy181,EST_redock_1ERE,0.3112,2.1749,inf
1ERE,decoy77,EST_redock_1ERE,0.3106,2.0644,inf
1ERE,decoy145,EST_redock_1ERE,0.3099,2.1142,inf
1ERE,decoy20,EST_redock_1ERE,0.3098,2.1754,inf
1ERE,decoy108,EST_redock_1ERE,0.3095,2.0643,inf
1ERE,decoy152,EST_redock_1ERE,0.3095,2.1194,inf
1ERE,decoy380,EST_redock_1ERE,0.3076,2.1542,inf
1ERE,decoy47,EST_redock_1ERE,0.3070,2.0684,inf
1ERE,decoy248,EST_redock_1ERE,0.3036,1.9458,inf
1ERE,decoy383,EST_redock_1ERE,0.3012,2.1482,inf
1ERE,decoy390,EST_redock_1ERE,0.2982,2.1956,inf
1ERE,decoy423,EST_redock_1ERE,0.2972,1.9946,inf
1ERE,1845-11-0_min,EST_redock_1ERE,0.2969,2.2513,inf
1ERE,decoy324,EST_redock_1ERE,0.2937,1.9403,inf
1ERE,decoy372,EST_redock_1ERE,0.2901,1.8259,inf
1ERE,decoy377,EST_redock_1ERE,0.2874,1.7189,inf
1ERE,decoy177,EST_redock_1ERE,0.2829,1.8659,inf
1ERE,decoy341,EST_redock_1ERE,0.2710,1.8997,inf
1ERE,decoy161,EST_redock_1ERE,0.2701,1.7386,inf
1ERE,decoy122,EST_redock_1ERE,0.2685,1.8291,inf
1ERE,decoy369,EST_redock_1ERE,0.2507,1.6982,inf
1ERE,decoy58,EST_redock_1ERE,0.2397,1.5675,inf
1ERE,decoy370,EST_redock_1ERE,0.2277,1.5160,inf
1ERE,decoy432,EST_redock_1ERE,0.2001,1.3528,inf
1ERE,decoy310,EST_redock_1ERE,0.1935,1.3195,inf
1ERE,decoy262,EST_redock_1ERE,0.1916,1.2446,inf
1G50,53-16-7_min,EST_redock_1G50,0.9902,8.2969,0.5872
1G50,67651-34-7_min,EST_redock_1G50,0.9838,8.1041,inf
1G50,474-86-2_min,EST_redock_1G50,0.9823,8.1628,0.5841
1G50,3601-97-6_min,EST_redock_1G50,0.9763,8.0406,inf
1G50,57-91-0_min,EST_redock_1G50,0.9710,7.9005,0.7509
1G50,50-28-2_min,EST_redock_1G50,0.9692,8.0906,0.8287
1G50,EST_min,EST_redock_1G50,0.9692,8.0906,0.8287
1G50,65118-81-2_min,EST_redock_1G50,0.9627,7.5681,inf
1G50,53-45-2_min,EST_redock_1G50,0.9607,6.8543,inf
1G50,84-16-2_min,EST_redock_1G50,0.9594,7.9554,inf
1G50,5976-61-4_min,EST_redock_1G50,0.9580,7.8474,0.7278
1G50,1229-24-9_min,EST_redock_1G50,0.9559,8.0396,0.2483
1G50,50-27-1_min,EST_redock_1G50,0.9551,8.2222,0.3286
1G50,53-63-4_min,EST_redock_1G50,0.9545,7.6608,inf
1G50,53905-28-5_min,EST_redock_1G50,0.9493,6.5369,inf
1G50,decoy13,EST_redock_1G50,0.9430,7.3221,inf
1G50,28034-99-3_min,EST_redock_1G50,0.9422,6.2917,inf
1G50,599-64-4_min,EST_redock_1G50,0.9376,6.4319,inf
1G50,1806-26-4_min,EST_redock_1G50,0.9359,6.8358,inf
1G50,decoy166,EST_redock_1G50,0.9356,7.6159,inf
1G50,92-04-6_min,EST_redock_1G50,0.9323,5.4942,inf
1G50,99-71-8_min,EST_redock_1G50,0.9285,5.6898,inf
1G50,84-17-3_min,EST_redock_1G50,0.9270,7.5456,inf
1G50,140-66-9_min,EST_redock_1G50,0.9268,6.8506,inf
1G50,27L_min,EST_redock_1G50,0.9268,6.8506,inf
1G50,DES_min,EST_redock_1G50,0.9254,7.5875,inf
1G50,decoy280,EST_redock_1G50,0.9222,6.7195,inf
1G50,120-47-8_min,EST_redock_1G50,0.9222,5.2769,inf
1G50,1085-12-7_min,EST_redock_1G50,0.9207,6.6172,inf
1G50,521-18-6_min,EST_redock_1G50,0.9167,7.1897,0.5208
1G50,104-43-8_min,EST_redock_1G50,0.9137,7.2043,inf
1G50,decoy1,EST_redock_1G50,0.9119,6.5280,inf
1G50,decoy206,EST_redock_1G50,0.9115,6.2726,inf
1G50,80-46-6_min,EST_redock_1G50,0.9109,5.6993,inf
1G50,94-13-3_min,EST_redock_1G50,0.9052,5.7187,inf
1G50,5153-25-3_min,EST_redock_1G50,0.9051,6.5602,inf
1G50,28463-03-8_min,EST_redock_1G50,0.9050,7.1679,inf
1G50,571-20-0_min,EST_redock_1G50,0.9047,7.4281,0.6295
1G50,decoy312,EST_redock_1G50,0.9040,7.4653,inf
1G50,56-53-1_min,EST_redock_1G50,0.9040,7.3546,inf
1G50,decoy368,EST_redock_1G50,0.9037,6.8326,inf
1G50,decoy417,EST_redock_1G50,0.9036,6.6177,inf
1G50,decoy123,EST_redock_1G50,0.9030,6.9087,inf
1G50,92-69-3_min,EST_redock_1G50,0.9027,5.1921,inf
1G50,27K_min,EST_redock_1G50,0.9019,5.9073,inf
1G50,94-26-8_min,EST_redock_1G50,0.9019,5.9073,inf
1G50,99-76-3_min,EST_redock_1G50,0.9016,4.8017,inf
1G50,580-51-8_min,EST_redock_1G50,0.9006,5.1335,inf
1G50,60-57-1_min,EST_redock_1G50,0.8998,7.3150,inf
1G50,123-07-9_min,EST_redock_1G50,0.8995,4.6921,inf
1G50,98-54-4_min,EST_redock_1G50,0.8975,5.2422,inf
1G50,decoy410,EST_redock_1G50,0.8957,6.2746,inf
1G50,decoy21,EST_redock_1G50,0.8919,6.2029,inf
1G50,decoy173,EST_redock_1G50,0.8900,6.4398,inf
1G50,decoy263,EST_redock_1G50,0.8892,5.9575,inf
1G50,59-50-7_min,EST_redock_1G50,0.8882,4.4886,inf
1G50,2971-36-0_min,EST_redock_1G50,0.8882,6.9967,inf
1G50,decoy128,EST_redock_1G50,0.8871,6.1745,inf
1G50,13037-86-0_min,EST_redock_1G50,0.8868,6.3564,inf
1G50,6052-84-2_min,EST_redock_1G50,0.8867,6.4316,inf
1G50,decoy291,EST_redock_1G50,0.8858,5.8931,inf
1G50,decoy257,EST_redock_1G50,0.8856,6.8288,inf
1G50,6554-98-9_min,EST_redock_1G50,0.8845,6.2162,inf
1G50,362-05-0_min,EST_redock_1G50,0.8845,6.8693,0.9531
1G50,Testosterone_min,EST_redock_1G50,0.8829,7.0280,0.8846
1G50,58-22-0_min,EST_redock_1G50,0.8829,7.0280,0.8846
1G50,15372-34-6_min,EST_redock_1G50,0.8816,6.4145,inf
1G50,789-02-6_min,EST_redock_1G50,0.8811,6.4721,inf
1G50,94-18-8_min,EST_redock_1G50,0.8784,6.0769,inf
1G50,103-16-2_min,EST_redock_1G50,0.8780,5.8853,inf
1G50,34816-55-2_min,EST_redock_1G50,0.8775,7.1261,0.8520
1G50,2529-64-8_min,EST_redock_1G50,0.8729,6.1417,inf
1G50,decoy236,EST_redock_1G50,0.8663,5.7276,inf
1G50,decoy253,EST_redock_1G50,0.8640,5.6813,inf
1G50,77-40-7_min,EST_redock_1G50,0.8611,6.4638,inf
1G50,611-99-4_min,EST_redock_1G50,0.8600,6.1365,inf
1G50,decoy186,EST_redock_1G50,0.8595,6.2307,inf
1G50,decoy240,EST_redock_1G50,0.8593,5.9770,inf
1G50,131-56-6_min,EST_redock_1G50,0.8582,5.3201,inf
1G50,decoy419,EST_redock_1G50,0.8581,5.8902,inf
1G50,659-22-3_min,EST_redock_1G50,0.8547,6.1802,inf
1G50,decoy92,EST_redock_1G50,0.8534,6.4528,inf
1G50,decoy244,EST_redock_1G50,0.8513,6.2887,inf
1G50,decoy62,EST_redock_1G50,0.8495,5.6607,inf
1G50,decoy330,EST_redock_1G50,0.8476,6.5238,inf
1G50,decoy269,EST_redock_1G50,0.8437,6.0670,inf
1G50,1570-64-5_min,EST_redock_1G50,0.8425,3.7213,inf
1G50,53-19-0_min,EST_redock_1G50,0.8397,5.8708,inf
1G50,decoy153,EST_redock_1G50,0.8381,6.0045,inf
1G50,decoy174,EST_redock_1G50,0.8371,6.0335,inf
1G50,decoy375,EST_redock_1G50,0.8350,6.4255,inf
1G50,EE2_min,EST_redock_1G50,0.8347,6.7741,1.0527
1G50,57-63-6_min,EST_redock_1G50,0.8347,6.7741,1.0527
1G50,481-30-1_min,EST_redock_1G50,0.8347,6.4448,0.9250
1G50,75938-34-0_min,EST_redock_1G50,0.8330,6.4541,inf
1G50,decoy434,EST_redock_1G50,0.8328,5.8233,inf
1G50,decoy93,EST_redock_1G50,0.8319,5.6696,inf
1G50,decoy85,EST_redock_1G50,0.8303,6.0510,inf
1G50,decoy331,EST_redock_1G50,0.8287,6.7334,inf
1G50,decoy190,EST_redock_1G50,0.8281,6.0782,inf
1G50,36J_min,EST_redock_1G50,0.8267,5.7832,inf
1G50,97-54-1_min,EST_redock_1G50,0.8243,4.9211,inf
1G50,decoy266,EST_redock_1G50,0.8212,5.9000,inf
1G50,80-05-7_min,EST_redock_1G50,0.8206,5.9616,inf
1G50,2OH_min,EST_redock_1G50,0.8206,5.9616,inf
1G50,decoy78,EST_redock_1G50,0.8197,6.1462,inf
1G50,218-01-9_min,EST_redock_1G50,0.8183,5.0915,inf
1G50,decoy60,EST_redock_1G50,0.8180,5.2066,inf
1G50,97-53-0_min,EST_redock_1G50,0.8166,4.7391,inf
1G50,decoy345,EST_redock_1G50,0.8153,6.3861,inf
1G50,126-00-1_min,EST_redock_1G50,0.8082,5.7093,inf
1G50,decoy18,EST_redock_1G50,0.8072,3.4983,inf
1G50,decoy48,EST_redock_1G50,0.8071,5.3019,inf
1G50,121-33-5_min,EST_redock_1G50,0.8048,3.5647,inf
1G50,decoy90,EST_redock_1G50,0.7998,5.7047,inf
1G50,decoy231,EST_redock_1G50,0.7973,6.0464,inf
1G50,243-17-4_min,EST_redock_1G50,0.7967,4.9096,inf
1G50,decoy54,EST_redock_1G50,0.7965,5.6672,inf
1G50,decoy309,EST_redock_1G50,0.7962,5.2582,inf
1G50,decoy36,EST_redock_1G50,0.7949,5.6510,inf
1G50,decoy71,EST_redock_1G50,0.7938,5.6046,inf
1G50,decoy255,EST_redock_1G50,0.7930,5.4176,inf
1G50,decoy94,EST_redock_1G50,0.7923,5.8123,inf
1G50,decoy274,EST_redock_1G50,0.7912,5.1374,inf
1G50,decoy111,EST_redock_1G50,0.7889,5.3866,inf
1G50,decoy416,EST_redock_1G50,0.7884,4.5987,inf
1G50,decoy193,EST_redock_1G50,0.7822,5.6495,inf
1G50,decoy397,EST_redock_1G50,0.7796,5.5175,inf
1G50,decoy336,EST_redock_1G50,0.7784,5.8373,inf
1G50,decoy155,EST_redock_1G50,0.7764,5.8073,inf
1G50,decoy34,EST_redock_1G50,0.7763,5.3604,inf
1G50,decoy261,EST_redock_1G50,0.7747,5.4608,inf
1G50,decoy394,EST_redock_1G50,0.7724,5.6326,inf
1G50,decoy230,EST_redock_1G50,0.7718,4.8472,inf
1G50,decoy384,EST_redock_1G50,0.7714,5.6126,inf
1G50,decoy81,EST_redock_1G50,0.7712,5.4677,inf
1G50,decoy72,EST_redock_1G50,0.7700,6.1664,inf
1G50,143-50-0_min,EST_redock_1G50,0.7696,6.4208,inf
1G50,decoy243,EST_redock_1G50,0.7694,5.3716,inf
1G50,decoy405,EST_redock_1G50,0.7650,5.1276,inf
1G50,decoy178,EST_redock_1G50,0.7635,5.4371,inf
1G50,decoy4,EST_redock_1G50,0.7634,5.1743,inf
1G50,decoy187,EST_redock_1G50,0.7598,4.9571,inf
1G50,decoy412,EST_redock_1G50,0.7559,5.0732,inf
1G50,decoy259,EST_redock_1G50,0.7511,5.2605,inf
1G50,decoy265,EST_redock_1G50,0.7505,5.6138,inf
1G50,500-38-9_min,EST_redock_1G50,0.7492,5.2636,inf
1G50,decoy189,EST_redock_1G50,0.7487,5.5284,inf
1G50,140-10-3_min,EST_redock_1G50,0.7458,3.3306,inf
1G50,decoy411,EST_redock_1G50,0.7452,5.1467,inf
1G50,decoy130,EST_redock_1G50,0.7430,5.2448,inf
1G50,decoy61,EST_redock_1G50,0.7420,5.5505,inf
1G50,decoy28,EST_redock_1G50,0.7414,5.6580,inf
1G50,27M_min,EST_redock_1G50,0.7411,4.6725,inf
1G50,decoy197,EST_redock_1G50,0.7409,5.4300,inf
1G50,decoy393,EST_redock_1G50,0.7387,4.8549,inf
1G50,decoy245,EST_redock_1G50,0.7374,5.6878,inf
1G50,decoy227,EST_redock_1G50,0.7359,5.1881,inf
1G50,decoy121,EST_redock_1G50,0.7352,4.7823,inf
1G50,57-83-0_min,EST_redock_1G50,0.7340,5.7360,inf
1G50,90-43-7_min,EST_redock_1G50,0.7331,3.3979,inf
1G50,decoy29,EST_redock_1G50,0.7328,4.6252,inf
1G50,85-68-7_min,EST_redock_1G50,0.7314,4.3790,inf
1G50,decoy204,EST_redock_1G50,0.7309,5.3287,inf
1G50,7773-34-4_min,EST_redock_1G50,0.7283,5.2929,inf
1G50,25154-52-3_min,EST_redock_1G50,0.7278,4.8615,inf
1G50,decoy184,EST_redock_1G50,0.7278,5.1121,inf
1G50,decoy297,EST_redock_1G50,0.7270,4.2914,inf
1G50,decoy185,EST_redock_1G50,0.7260,5.1624,inf
1G50,decoy23,EST_redock_1G50,0.7248,4.5351,inf
1G50,5394-98-9_min,EST_redock_1G50,0.7241,4.9585,inf
1G50,decoy431,EST_redock_1G50,0.7234,5.4183,inf
1G50,decoy183,EST_redock_1G50,0.7207,5.2469,inf
1G50,decoy180,EST_redock_1G50,0.7205,4.8664,inf
1G50,115-29-7_min,EST_redock_1G50,0.7172,5.1176,inf
1G50,decoy268,EST_redock_1G50,0.7168,4.5403,inf
1G50,decoy258,EST_redock_1G50,0.7161,4.9959,inf
1G50,decoy76,EST_redock_1G50,0.7155,4.7835,inf
1G50,decoy15,EST_redock_1G50,0.7151,4.6113,inf
1G50,84-69-5_min,EST_redock_1G50,0.7144,3.5296,inf
1G50,decoy235,EST_redock_1G50,0.7132,4.9198,inf
1G50,decoy5,EST_redock_1G50,0.7113,5.3601,inf
1G50,decoy45,EST_redock_1G50,0.7110,4.9190,inf
1G50,decoy156,EST_redock_1G50,0.7092,4.7870,inf
1G50,decoy281,EST_redock_1G50,0.7054,4.6269,inf
1G50,decoy212,EST_redock_1G50,0.7042,4.7332,inf
1G50,decoy376,EST_redock_1G50,0.7022,5.1853,inf
1G50,72-54-8_min,EST_redock_1G50,0.7013,4.7681,inf
1G50,decoy317,EST_redock_1G50,0.6957,4.7909,inf
1G50,decoy6,EST_redock_1G50,0.6943,4.7768,inf
1G50,decoy37,EST_redock_1G50,0.6921,3.8649,inf
1G50,decoy359,EST_redock_1G50,0.6913,4.3808,inf
1G50,3434-79-5_min,EST_redock_1G50,0.6893,5.3443,6.3576
1G50,decoy118,EST_redock_1G50,0.6876,4.9702,inf
1G50,77-09-8_min,EST_redock_1G50,0.6862,4.9375,inf
1G50,decoy150,EST_redock_1G50,0.6860,4.9377,inf
1G50,decoy84,EST_redock_1G50,0.6846,4.7493,inf
1G50,571-22-2_min,EST_redock_1G50,0.6840,5.0488,1.0376
1G50,decoy101,EST_redock_1G50,0.6830,4.5322,inf
1G50,decoy132,EST_redock_1G50,0.6825,4.9524,inf
1G50,72-43-5_min,EST_redock_1G50,0.6812,4.8836,inf
1G50,decoy151,EST_redock_1G50,0.6808,5.1736,inf
1G50,94-25-7_min,EST_redock_1G50,0.6773,3.7628,inf
1G50,decoy288,EST_redock_1G50,0.6773,4.6936,inf
1G50,decoy381,EST_redock_1G50,0.6762,4.7928,inf
1G50,decoy202,EST_redock_1G50,0.6711,3.3707,inf
1G50,decoy24,EST_redock_1G50,0.6696,4.8601,inf
1G50,decoy223,EST_redock_1G50,0.6662,4.6263,inf
1G50,decoy75,EST_redock_1G50,0.6643,4.3684,inf
1G50,1852-53-5_min,EST_redock_1G50,0.6628,4.9594,6.3432
1G50,decoy107,EST_redock_1G50,0.6613,5.1998,inf
1G50,decoy154,EST_redock_1G50,0.6579,4.4570,inf
1G50,decoy251,EST_redock_1G50,0.6564,4.2969,inf
1G50,decoy64,EST_redock_1G50,0.6557,4.4569,inf
1G50,decoy329,EST_redock_1G50,0.6553,5.2193,inf
1G50,50-22-6_min,EST_redock_1G50,0.6546,4.8515,inf
1G50,81-90-3_min,EST_redock_1G50,0.6541,4.6143,inf
1G50,Caffeine_min,EST_redock_1G50,0.6507,3.2288,inf
1G50,207-13-4_min,EST_redock_1G50,0.6499,3.7181,inf
1G50,68-23-5_min,EST_redock_1G50,0.6498,4.9424,0.8690
1G50,603-45-2_min,EST_redock_1G50,0.6496,4.7655,inf
1G50,decoy208,EST_redock_1G50,0.6486,4.4643,inf
1G50,decoy165,EST_redock_1G50,0.6470,3.9937,inf
1G50,58-89-9_min,EST_redock_1G50,0.6461,3.9190,inf
1G50,decoy63,EST_redock_1G50,0.6445,4.0910,inf
1G50,decoy290,EST_redock_1G50,0.6436,3.8906,inf
1G50,decoy420,EST_redock_1G50,0.6425,4.5665,inf
1G50,143-74-8_min,EST_redock_1G50,0.6398,4.4453,inf
1G50,80-09-1_min,EST_redock_1G50,0.6386,4.4271,inf
1G50,decoy82,EST_redock_1G50,0.6365,4.3762,inf
1G50,decoy408,EST_redock_1G50,0.6340,4.7330,inf
1G50,decoy361,EST_redock_1G50,0.6326,4.6611,inf
1G50,5108-94-1_min,EST_redock_1G50,0.6324,4.8694,6.3536
1G50,84-74-2_min,EST_redock_1G50,0.6323,3.3183,inf
1G50,decoy364,EST_redock_1G50,0.6314,4.4105,inf
1G50,decoy99,EST_redock_1G50,0.6303,4.5982,inf
1G50,decoy275,EST_redock_1G50,0.6294,4.5589,inf
1G50,2050-68-2_min,EST_redock_1G50,0.6292,2.9901,inf
1G50,decoy44,EST_redock_1G50,0.6289,4.1433,inf
1G50,decoy191,EST_redock_1G50,0.6284,4.0248,inf
1G50,decoy326,EST_redock_1G50,0.6280,4.8296,inf
1G50,decoy27,EST_redock_1G50,0.6260,4.4634,inf
1G50,decoy52,EST_redock_1G50,0.6233,4.1018,inf
1G50,50-29-3_min,EST_redock_1G50,0.6205,4.0244,inf
1G50,decoy363,EST_redock_1G50,0.6198,4.4751,inf
1G50,decoy250,EST_redock_1G50,0.6193,4.1978,inf
1G50,decoy415,EST_redock_1G50,0.6190,3.9233,inf
1G50,decoy137,EST_redock_1G50,0.6189,3.8073,inf
1G50,decoy347,EST_redock_1G50,0.6186,3.5599,inf
1G50,decoy87,EST_redock_1G50,0.6183,4.4712,inf
1G50,decoy119,EST_redock_1G50,0.6181,3.6791,inf
1G50,decoy388,EST_redock_1G50,0.6175,3.8642,inf
1G50,Melatonin_min,EST_redock_1G50,0.6166,4.0690,inf
1G50,decoy210,EST_redock_1G50,0.6165,4.7429,inf
1G50,decoy314,EST_redock_1G50,0.6153,4.1021,inf
1G50,decoy289,EST_redock_1G50,0.6133,4.1763,inf
1G50,decoy298,EST_redock_1G50,0.6117,4.0902,inf
1G50,decoy16,EST_redock_1G50,0.6117,4.4394,inf
1G50,decoy147,EST_redock_1G50,0.6116,4.4310,inf
1G50,decoy239,EST_redock_1G50,0.6114,4.0368,inf
1G50,decoy201,EST_redock_1G50,0.6114,3.2112,inf
1G50,decoy216,EST_redock_1G50,0.6105,4.3207,inf
1G50,decoy213,EST_redock_1G50,0.6092,4.2530,inf
1G50,decoy305,EST_redock_1G50,0.6088,4.4293,inf
1G50,decoy168,EST_redock_1G50,0.6079,4.4845,inf
1G50,decoy171,EST_redock_1G50,0.6076,3.7170,inf
1G50,decoy169,EST_redock_1G50,0.6067,3.7141,inf
1G50,decoy32,EST_redock_1G50,0.6063,4.5312,inf
1G50,decoy55,EST_redock_1G50,0.6041,4.3534,inf
1G50,decoy135,EST_redock_1G50,0.6041,4.4862,inf
1G50,decoy414,EST_redock_1G50,0.6039,4.0765,inf
1G50,decoy399,EST_redock_1G50,0.6025,4.0615,inf
1G50,decoy200,EST_redock_1G50,0.6014,3.5640,inf
1G50,decoy282,EST_redock_1G50,0.6009,4.1563,inf
1G50,decoy301,EST_redock_1G50,0.5984,4.5354,inf
1G50,decoy162,EST_redock_1G50,0.5956,3.9391,inf
1G50,decoy160,EST_redock_1G50,0.5952,4.2367,inf
1G50,decoy313,EST_redock_1G50,0.5942,4.4701,inf
1G50,decoy22,EST_redock_1G50,0.5942,3.8126,inf
1G50,decoy19,EST_redock_1G50,0.5931,3.4817,inf
1G50,decoy246,EST_redock_1G50,0.5927,4.0852,inf
1G50,decoy59,EST_redock_1G50,0.5886,3.9529,inf
1G50,decoy114,EST_redock_1G50,0.5884,4.1448,inf
1G50,decoy349,EST_redock_1G50,0.5881,4.1721,inf
1G50,decoy68,EST_redock_1G50,0.5876,4.0266,inf
1G50,decoy278,EST_redock_1G50,0.5866,3.6863,inf
1G50,decoy176,EST_redock_1G50,0.5853,3.8485,inf
1G50,decoy209,EST_redock_1G50,0.5846,3.9071,inf
1G50,decoy9,EST_redock_1G50,0.5842,4.2803,inf
1G50,decoy120,EST_redock_1G50,0.5840,4.1299,inf
1G50,decoy50,EST_redock_1G50,0.5836,4.1639,inf
1G50,decoy157,EST_redock_1G50,0.5827,4.1692,inf
1G50,decoy164,EST_redock_1G50,0.5817,3.8802,inf
1G50,decoy116,EST_redock_1G50,0.5815,3.9556,inf
1G50,decoy403,EST_redock_1G50,0.5815,3.9179,inf
1G50,decoy30,EST_redock_1G50,0.5815,3.5433,inf
1G50,decoy318,EST_redock_1G50,0.5809,4.0153,inf
1G50,decoy10,EST_redock_1G50,0.5807,3.8547,inf
1G50,decoy124,EST_redock_1G50,0.5804,3.8388,inf
1G50,decoy396,EST_redock_1G50,0.5799,4.0883,inf
1G50,decoy195,EST_redock_1G50,0.5794,4.0245,inf
1G50,decoy95,EST_redock_1G50,0.5780,3.9772,inf
1G50,decoy392,EST_redock_1G50,0.5775,3.3764,inf
1G50,decoy256,EST_redock_1G50,0.5763,3.3432,inf
1G50,decoy287,EST_redock_1G50,0.5758,3.1871,inf
1G50,decoy192,EST_redock_1G50,0.5747,4.1265,inf
1G50,decoy241,EST_redock_1G50,0.5734,3.4858,inf
1G50,decoy163,EST_redock_1G50,0.5733,3.9016,inf
1G50,decoy177,EST_redock_1G50,0.5729,2.9815,inf
1G50,decoy320,EST_redock_1G50,0.5722,4.0594,inf
1G50,decoy300,EST_redock_1G50,0.5719,4.1089,inf
1G50,decoy47,EST_redock_1G50,0.5700,3.4502,inf
1G50,decoy249,EST_redock_1G50,0.5690,3.4384,inf
1G50,decoy83,EST_redock_1G50,0.5671,4.0700,inf
1G50,decoy273,EST_redock_1G50,0.5670,4.0326,inf
1G50,decoy421,EST_redock_1G50,0.5670,3.6638,inf
1G50,decoy65,EST_redock_1G50,0.5651,3.9520,inf
1G50,decoy367,EST_redock_1G50,0.5649,4.0047,inf
1G50,decoy7,EST_redock_1G50,0.5634,3.9308,inf
1G50,decoy144,EST_redock_1G50,0.5596,4.0305,inf
1G50,decoy11,EST_redock_1G50,0.5590,3.7572,inf
1G50,decoy374,EST_redock_1G50,0.5587,3.9986,inf
1G50,decoy199,EST_redock_1G50,0.5567,3.8362,inf
1G50,911-45-5_min,EST_redock_1G50,0.5559,4.1221,inf
1G50,decoy112,EST_redock_1G50,0.5557,4.0108,inf
1G50,decoy322,EST_redock_1G50,0.5554,3.5267,inf
1G50,decoy382,EST_redock_1G50,0.5553,3.9037,inf
1G50,decoy222,EST_redock_1G50,0.5551,3.7648,inf
1G50,decoy413,EST_redock_1G50,0.5549,3.4757,inf
1G50,decoy400,EST_redock_1G50,0.5545,4.0439,inf
1G50,decoy319,EST_redock_1G50,0.5527,3.8948,inf
1G50,decoy33,EST_redock_1G50,0.5518,3.9913,inf
1G50,decoy172,EST_redock_1G50,0.5517,3.7779,inf
1G50,decoy146,EST_redock_1G50,0.5506,3.7651,inf
1G50,decoy205,EST_redock_1G50,0.5503,3.4895,inf
1G50,decoy224,EST_redock_1G50,0.5498,3.6368,inf
1G50,decoy80,EST_redock_1G50,0.5490,3.7604,inf
1G50,58-72-0_min,EST_redock_1G50,0.5485,3.5852,inf
1G50,decoy181,EST_redock_1G50,0.5478,3.8080,inf
1G50,decoy196,EST_redock_1G50,0.5465,3.5517,inf
1G50,decoy233,EST_redock_1G50,0.5459,3.2331,inf
1G50,decoy389,EST_redock_1G50,0.5453,3.9228,inf
1G50,decoy53,EST_redock_1G50,0.5439,3.4156,inf
1G50,decoy56,EST_redock_1G50,0.5426,2.6790,inf
1G50,decoy271,EST_redock_1G50,0.5406,3.7934,inf
1G50,decoy110,EST_redock_1G50,0.5393,3.0643,inf
1G50,decoy342,EST_redock_1G50,0.5390,3.9025,inf
1G50,decoy295,EST_redock_1G50,0.5380,3.1852,inf
1G50,decoy242,EST_redock_1G50,0.5351,3.4368,inf
1G50,decoy348,EST_redock_1G50,0.5347,3.0221,inf
1G50,decoy131,EST_redock_1G50,0.5344,3.6873,inf
1G50,decoy356,EST_redock_1G50,0.5308,3.2593,inf
1G50,decoy308,EST_redock_1G50,0.5284,3.6367,inf
1G50,decoy69,EST_redock_1G50,0.5278,3.6672,inf
1G50,decoy346,EST_redock_1G50,0.5277,3.2713,inf
1G50,decoy220,EST_redock_1G50,0.5266,3.5274,inf
1G50,decoy26,EST_redock_1G50,0.5240,3.7434,inf
1G50,decoy175,EST_redock_1G50,0.5219,3.4661,inf
1G50,decoy51,EST_redock_1G50,0.5204,3.4469,inf
1G50,decoy8,EST_redock_1G50,0.5193,3.3230,inf
1G50,decoy43,EST_redock_1G50,0.5176,3.5048,inf
1G50,decoy221,EST_redock_1G50,0.5176,3.6018,inf
1G50,decoy252,EST_redock_1G50,0.5164,3.0348,inf
1G50,131-57-7_min,EST_redock_1G50,0.5157,3.0824,inf
1G50,decoy234,EST_redock_1G50,0.5154,3.5597,inf
1G50,decoy159,EST_redock_1G50,0.5140,3.5129,inf
1G50,decoy109,EST_redock_1G50,0.5132,3.5238,inf
1G50,decoy409,EST_redock_1G50,0.5113,3.6059,inf
1G50,decoy351,EST_redock_1G50,0.5092,3.3044,inf
1G50,decoy429,EST_redock_1G50,0.5078,3.5992,inf
1G50,decoy304,EST_redock_1G50,0.5075,3.2690,inf
1G50,decoy279,EST_redock_1G50,0.5060,3.3285,inf
1G50,decoy237,EST_redock_1G50,0.5049,3.0722,inf
1G50,decoy311,EST_redock_1G50,0.4990,3.7600,inf
1G50,decoy335,EST_redock_1G50,0.4986,3.4581,inf
1G50,decoy57,EST_redock_1G50,0.4983,3.6597,inf
1G50,decoy404,EST_redock_1G50,0.4976,3.3116,inf
1G50,decoy138,EST_redock_1G50,0.4974,3.3727,inf
1G50,decoy316,EST_redock_1G50,0.4973,3.6313,inf
1G50,decoy42,EST_redock_1G50,0.4962,3.2451,inf
1G50,decoy332,EST_redock_1G50,0.4960,3.6250,inf
1G50,decoy31,EST_redock_1G50,0.4956,3.3386,inf
1G50,decoy422,EST_redock_1G50,0.4942,3.3461,inf
1G50,decoy407,EST_redock_1G50,0.4920,3.3022,inf
1G50,decoy66,EST_redock_1G50,0.4918,2.6269,inf
1G50,decoy406,EST_redock_1G50,0.4908,3.5381,inf
1G50,decoy226,EST_redock_1G50,0.4904,3.1566,inf
1G50,decoy179,EST_redock_1G50,0.4901,3.3877,inf
1G50,decoy390,EST_redock_1G50,0.4887,3.6007,inf
1G50,decoy260,EST_redock_1G50,0.4885,3.6033,inf
1G50,decoy272,EST_redock_1G50,0.4882,3.3142,inf
1G50,decoy105,EST_redock_1G50,0.4875,3.0017,inf
1G50,decoy358,EST_redock_1G50,0.4810,3.1005,inf
1G50,decoy214,EST_redock_1G50,0.4789,3.2853,inf
1G50,decoy292,EST_redock_1G50,0.4775,3.5052,inf
1G50,decoy142,EST_redock_1G50,0.4769,3.0356,inf
1G50,decoy277,EST_redock_1G50,0.4753,3.3735,inf
1G50,27J_min,EST_redock_1G50,0.4739,3.0418,inf
1G50,decoy67,EST_redock_1G50,0.4734,2.9875,inf
1G50,decoy232,EST_redock_1G50,0.4727,2.9653,inf
1G50,decoy366,EST_redock_1G50,0.4722,2.6448,inf
1G50,decoy418,EST_redock_1G50,0.4716,3.1479,inf
1G50,decoy25,EST_redock_1G50,0.4698,3.2514,inf
1G50,decoy88,EST_redock_1G50,0.4697,2.8483,inf
1G50,decoy357,EST_redock_1G50,0.4695,3.2091,inf
1G50,decoy247,EST_redock_1G50,0.4692,3.0582,inf
1G50,decoy315,EST_redock_1G50,0.4683,3.2430,inf
1G50,decoy427,EST_redock_1G50,0.4679,3.0124,inf
1G50,decoy380,EST_redock_1G50,0.4672,2.8365,inf
1G50,decoy343,EST_redock_1G50,0.4643,3.2548,inf
1G50,decoy3,EST_redock_1G50,0.4640,2.8238,inf
1G50,decoy219,EST_redock_1G50,0.4633,3.2077,inf
1G50,decoy79,EST_redock_1G50,0.4629,2.8665,inf
1G50,decoy426,EST_redock_1G50,0.4622,2.9358,inf
1G50,decoy338,EST_redock_1G50,0.4572,3.0470,inf
1G50,decoy325,EST_redock_1G50,0.4549,3.4161,inf
1G50,decoy125,EST_redock_1G50,0.4543,3.1461,inf
1G50,decoy207,EST_redock_1G50,0.4541,2.8621,inf
1G50,72-33-3_min,EST_redock_1G50,0.4538,3.3660,2.8062
1G50,decoy267,EST_redock_1G50,0.4531,3.1722,inf
1G50,decoy161,EST_redock_1G50,0.4521,2.9136,inf
1G50,decoy228,EST_redock_1G50,0.4510,2.9739,inf
1G50,decoy77,EST_redock_1G50,0.4499,2.7633,inf
1G50,72-55-9_min,EST_redock_1G50,0.4483,2.9145,inf
1G50,decoy203,EST_redock_1G50,0.4476,2.8905,inf
1G50,decoy283,EST_redock_1G50,0.4461,3.0376,inf
1G50,decoy432,EST_redock_1G50,0.4439,2.3742,inf
1G50,decoy49,EST_redock_1G50,0.4413,3.1218,inf
1G50,decoy238,EST_redock_1G50,0.4412,3.2193,inf
1G50,decoy102,EST_redock_1G50,0.4402,2.8446,inf
1G50,decoy303,EST_redock_1G50,0.4384,2.8635,inf
1G50,decoy167,EST_redock_1G50,0.4379,2.9960,inf
1G50,decoy302,EST_redock_1G50,0.4377,2.7268,inf
1G50,decoy41,EST_redock_1G50,0.4348,2.7440,inf
1G50,decoy328,EST_redock_1G50,0.4340,3.2380,inf
1G50,decoy362,EST_redock_1G50,0.4328,2.9201,inf
1G50,decoy46,EST_redock_1G50,0.4324,2.8206,inf
1G50,decoy145,EST_redock_1G50,0.4310,2.9275,inf
1G50,decoy337,EST_redock_1G50,0.4308,3.0887,inf
1G50,decoy299,EST_redock_1G50,0.4297,2.4879,inf
1G50,decoy365,EST_redock_1G50,0.4273,2.3160,inf
1G50,decoy126,EST_redock_1G50,0.4208,2.9376,inf
1G50,decoy323,EST_redock_1G50,0.4206,2.5407,inf
1G50,decoy133,EST_redock_1G50,0.4206,2.7258,inf
1G50,decoy194,EST_redock_1G50,0.4195,3.0614,inf
1G50,decoy38,EST_redock_1G50,0.4190,2.8453,inf
1G50,decoy70,EST_redock_1G50,0.4179,2.5538,inf
1G50,decoy296,EST_redock_1G50,0.4167,2.6409,inf
1G50,decoy158,EST_redock_1G50,0.4157,2.6829,inf
1G50,decoy113,EST_redock_1G50,0.4151,2.8763,inf
1G50,decoy339,EST_redock_1G50,0.4139,2.4375,inf
1G50,decoy14,EST_redock_1G50,0.4100,2.7836,inf
1G50,decoy270,EST_redock_1G50,0.4086,2.5095,inf
1G50,decoy12,EST_redock_1G50,0.4085,2.4989,inf
1G50,decoy344,EST_redock_1G50,0.4071,2.6175,inf
1G50,decoy386,EST_redock_1G50,0.4058,2.6459,inf
1G50,decoy306,EST_redock_1G50,0.4055,2.7075,inf
1G50,decoy104,EST_redock_1G50,0.4052,2.7950,inf
1G50,decoy324,EST_redock_1G50,0.4043,2.4491,inf
1G50,decoy217,EST_redock_1G50,0.4037,2.7415,inf
1G50,decoy86,EST_redock_1G50,0.4028,2.8316,inf
1G50,decoy276,EST_redock_1G50,0.4024,2.3667,inf
1G50,decoy103,EST_redock_1G50,0.4023,2.5224,inf
1G50,decoy387,EST_redock_1G50,0.4020,2.7025,inf
1G50,decoy20,EST_redock_1G50,0.3975,2.8675,inf
1G50,decoy310,EST_redock_1G50,0.3971,2.7346,inf
1G50,decoy341,EST_redock_1G50,0.3957,2.8035,inf
1G50,decoy424,EST_redock_1G50,0.3915,2.0031,inf
1G50,decoy379,EST_redock_1G50,0.3893,2.5448,inf
1G50,decoy433,EST_redock_1G50,0.3890,2.4232,inf
1G50,decoy229,EST_redock_1G50,0.3877,2.5836,inf
1G50,decoy225,EST_redock_1G50,0.3870,2.4801,inf
1G50,decoy139,EST_redock_1G50,0.3855,2.6069,inf
1G50,decoy89,EST_redock_1G50,0.3853,1.9615,inf
1G50,decoy215,EST_redock_1G50,0.3846,2.5596,inf
1G50,1845-11-0_min,EST_redock_1G50,0.3843,2.8858,inf
1G50,decoy91,EST_redock_1G50,0.3829,2.4782,inf
1G50,decoy360,EST_redock_1G50,0.3828,2.6784,inf
1G50,decoy254,EST_redock_1G50,0.3817,1.9328,inf
1G50,decoy340,EST_redock_1G50,0.3815,2.8323,inf
1G50,decoy136,EST_redock_1G50,0.3774,2.7735,inf
1G50,decoy428,EST_redock_1G50,0.3763,2.4709,inf
1G50,decoy373,EST_redock_1G50,0.3756,1.8248,inf
1G50,decoy39,EST_redock_1G50,0.3754,1.9215,inf
1G50,83-46-5_min,EST_redock_1G50,0.3753,2.8969,inf
1G50,decoy402,EST_redock_1G50,0.3734,2.4808,inf
1G50,decoy40,EST_redock_1G50,0.3718,2.4280,inf
1G50,decoy425,EST_redock_1G50,0.3717,2.5350,inf
1G50,57-88-5_min,EST_redock_1G50,0.3712,2.8512,inf
1G50,decoy285,EST_redock_1G50,0.3708,2.5954,inf
1G50,decoy333,EST_redock_1G50,0.3688,2.2477,inf
1G50,decoy2,EST_redock_1G50,0.3687,2.4626,inf
1G50,decoy182,EST_redock_1G50,0.3685,2.0857,inf
1G50,decoy129,EST_redock_1G50,0.3662,2.2147,inf
1G50,decoy134,EST_redock_1G50,0.3635,2.1929,inf
1G50,decoy383,EST_redock_1G50,0.3581,2.1243,inf
1G50,decoy327,EST_redock_1G50,0.3557,2.3769,inf
1G50,decoy355,EST_redock_1G50,0.3501,2.3086,inf
1G50,decoy17,EST_redock_1G50,0.3496,2.3974,inf
1G50,decoy170,EST_redock_1G50,0.3483,2.2082,inf
1G50,decoy141,EST_redock_1G50,0.3468,2.0449,inf
1G50,decoy211,EST_redock_1G50,0.3355,2.2479,inf
1G50,decoy294,EST_redock_1G50,0.3345,1.8797,inf
1G50,decoy74,EST_redock_1G50,0.3316,2.1744,inf
1G50,decoy307,EST_redock_1G50,0.3287,2.3762,inf
1G50,decoy218,EST_redock_1G50,0.3275,2.3342,inf
1G50,decoy100,EST_redock_1G50,0.3267,2.1882,inf
1G50,decoy350,EST_redock_1G50,0.3254,1.8559,inf
1G50,decoy73,EST_redock_1G50,0.3226,1.9135,inf
1G50,decoy248,EST_redock_1G50,0.3185,1.8796,inf
1G50,decoy97,EST_redock_1G50,0.3158,2.0101,inf
1G50,decoy140,EST_redock_1G50,0.3142,2.1458,inf
1G50,decoy115,EST_redock_1G50,0.3123,1.8496,inf
1G50,decoy284,EST_redock_1G50,0.3094,2.0889,inf
1G50,decoy352,EST_redock_1G50,0.3039,2.0594,inf
1G50,decoy262,EST_redock_1G50,0.3030,1.9195,inf
1G50,decoy334,EST_redock_1G50,0.3007,2.1504,inf
1G50,decoy354,EST_redock_1G50,0.3006,1.9035,inf
1G50,decoy188,EST_redock_1G50,0.2981,2.0197,inf
1G50,decoy108,EST_redock_1G50,0.2911,1.6234,inf
1G50,decoy35,EST_redock_1G50,0.2903,1.9621,inf
1G50,decoy127,EST_redock_1G50,0.2872,1.9302,inf
1G50,decoy117,EST_redock_1G50,0.2863,1.7260,inf
1G50,decoy378,EST_redock_1G50,0.2835,1.8124,inf
1G50,decoy293,EST_redock_1G50,0.2814,1.9759,inf
1G50,50-02-2_min,EST_redock_1G50,0.2813,1.9475,3.0021
1G50,decoy96,EST_redock_1G50,0.2788,1.4140,inf
1G50,decoy372,EST_redock_1G50,0.2747,1.7750,inf
1G50,115-86-6_min,EST_redock_1G50,0.2706,1.5706,inf
1G50,decoy198,EST_redock_1G50,0.2705,1.7537,inf
1G50,decoy398,EST_redock_1G50,0.2675,1.7480,inf
1G50,decoy286,EST_redock_1G50,0.2670,1.7630,inf
1G50,decoy391,EST_redock_1G50,0.2645,1.6100,inf
1G50,decoy430,EST_redock_1G50,0.2603,1.7257,inf
1G50,decoy401,EST_redock_1G50,0.2588,1.6769,inf
1G50,decoy353,EST_redock_1G50,0.2585,1.7878,inf
1G50,decoy369,EST_redock_1G50,0.2535,1.6367,inf
1G50,decoy143,EST_redock_1G50,0.2524,1.7321,inf
1G50,decoy423,EST_redock_1G50,0.2512,1.4027,inf
1G50,decoy321,EST_redock_1G50,0.2488,1.5645,inf
1G50,decoy98,EST_redock_1G50,0.2358,1.3154,inf
1G50,decoy148,EST_redock_1G50,0.2355,1.5200,inf
1G50,decoy106,EST_redock_1G50,0.2324,1.5502,inf
1G50,decoy264,EST_redock_1G50,0.2308,1.5348,inf
1G50,decoy385,EST_redock_1G50,0.2261,1.5554,inf
1G50,decoy152,EST_redock_1G50,0.2224,1.4464,inf
1G50,decoy371,EST_redock_1G50,0.2149,1.2852,inf
1G50,decoy149,EST_redock_1G50,0.2082,1.3468,inf
1G50,decoy395,EST_redock_1G50,0.2061,1.2206,inf
1G50,decoy58,EST_redock_1G50,0.1986,1.2552,inf
1G50,decoy122,EST_redock_1G50,0.1902,1.2674,inf
1G50,decoy370,EST_redock_1G50,0.1898,1.1134,inf
1G50,decoy377,EST_redock_1G50,0.1542,0.8654,inf
1GWR,53-16-7_min,EST_redock_1GWR,0.9822,7.8385,0.5596
1GWR,67651-34-7_min,EST_redock_1GWR,0.9779,7.7914,inf
1GWR,3601-97-6_min,EST_redock_1GWR,0.9772,7.7687,inf
1GWR,50-28-2_min,EST_redock_1GWR,0.9745,8.0174,0.5655
1GWR,EST_min,EST_redock_1GWR,0.9745,8.0174,0.5655
1GWR,57-91-0_min,EST_redock_1GWR,0.9668,7.8644,0.6383
1GWR,50-27-1_min,EST_redock_1GWR,0.9648,7.7691,0.6353
1GWR,474-86-2_min,EST_redock_1GWR,0.9642,7.9817,1.1412
1GWR,decoy174,EST_redock_1GWR,0.9633,6.8855,inf
1GWR,789-02-6_min,EST_redock_1GWR,0.9592,7.1595,inf
1GWR,53-45-2_min,EST_redock_1GWR,0.9559,6.8458,inf
1GWR,decoy336,EST_redock_1GWR,0.9534,7.1585,inf
1GWR,53-63-4_min,EST_redock_1GWR,0.9529,7.4093,inf
1GWR,decoy166,EST_redock_1GWR,0.9519,7.7462,inf
1GWR,decoy78,EST_redock_1GWR,0.9516,7.2898,inf
1GWR,362-05-0_min,EST_redock_1GWR,0.9509,7.5672,0.6660
1GWR,53-19-0_min,EST_redock_1GWR,0.9489,6.8905,inf
1GWR,65118-81-2_min,EST_redock_1GWR,0.9465,6.9258,inf
1GWR,5976-61-4_min,EST_redock_1GWR,0.9451,7.4589,0.5155
1GWR,decoy331,EST_redock_1GWR,0.9447,7.8978,inf
1GWR,571-20-0_min,EST_redock_1GWR,0.9391,7.5951,0.5457
1GWR,2971-36-0_min,EST_redock_1GWR,0.9375,7.3933,inf
1GWR,decoy61,EST_redock_1GWR,0.9368,6.9329,inf
1GWR,5153-25-3_min,EST_redock_1GWR,0.9347,6.5942,inf
1GWR,2529-64-8_min,EST_redock_1GWR,0.9346,6.9620,inf
1GWR,1229-24-9_min,EST_redock_1GWR,0.9333,7.2807,0.4986
1GWR,decoy94,EST_redock_1GWR,0.9310,6.9747,inf
1GWR,decoy269,EST_redock_1GWR,0.9309,6.0626,inf
1GWR,84-16-2_min,EST_redock_1GWR,0.9303,7.5015,inf
1GWR,53905-28-5_min,EST_redock_1GWR,0.9294,6.3609,inf
1GWR,599-64-4_min,EST_redock_1GWR,0.9283,6.1889,inf
1GWR,decoy123,EST_redock_1GWR,0.9275,7.3783,inf
1GWR,57-63-6_min,EST_redock_1GWR,0.9230,7.7560,0.8461
1GWR,EE2_min,EST_redock_1GWR,0.9230,7.7560,0.8461
1GWR,120-47-8_min,EST_redock_1GWR,0.9198,4.4452,inf
1GWR,decoy245,EST_redock_1GWR,0.9186,7.0473,inf
1GWR,decoy375,EST_redock_1GWR,0.9171,7.0449,inf
1GWR,94-13-3_min,EST_redock_1GWR,0.9154,4.7515,inf
1GWR,104-43-8_min,EST_redock_1GWR,0.9151,7.1420,inf
1GWR,decoy417,EST_redock_1GWR,0.9146,6.2398,inf
1GWR,77-40-7_min,EST_redock_1GWR,0.9110,6.7052,inf
1GWR,decoy355,EST_redock_1GWR,0.9106,6.6379,inf
1GWR,99-76-3_min,EST_redock_1GWR,0.9089,4.2870,inf
1GWR,decoy190,EST_redock_1GWR,0.9085,6.7264,inf
1GWR,decoy92,EST_redock_1GWR,0.9078,6.4368,inf
1GWR,56-53-1_min,EST_redock_1GWR,0.9072,7.3987,inf
1GWR,DES_min,EST_redock_1GWR,0.9070,7.3905,inf
1GWR,decoy72,EST_redock_1GWR,0.9064,7.2374,inf
1GWR,34816-55-2_min,EST_redock_1GWR,0.9062,7.6419,0.8820
1GWR,decoy288,EST_redock_1GWR,0.9052,6.2571,inf
1GWR,123-07-9_min,EST_redock_1GWR,0.9051,4.5403,inf
1GWR,521-18-6_min,EST_redock_1GWR,0.9049,7.1631,0.6023
1GWR,103-16-2_min,EST_redock_1GWR,0.9049,5.2402,inf
1GWR,decoy82,EST_redock_1GWR,0.9040,6.4061,inf
1GWR,decoy397,EST_redock_1GWR,0.9031,6.3461,inf
1GWR,94-26-8_min,EST_redock_1GWR,0.9030,5.0634,inf
1GWR,27K_min,EST_redock_1GWR,0.9030,5.0634,inf
1GWR,6554-98-9_min,EST_redock_1GWR,0.9019,6.2534,inf
1GWR,126-00-1_min,EST_redock_1GWR,0.9016,6.4009,inf
1GWR,2OH_min,EST_redock_1GWR,0.9015,6.3029,inf
1GWR,98-54-4_min,EST_redock_1GWR,0.9015,4.8362,inf
1GWR,80-05-7_min,EST_redock_1GWR,0.9015,6.3029,inf
1GWR,99-71-8_min,EST_redock_1GWR,0.9015,4.9004,inf
1GWR,decoy168,EST_redock_1GWR,0.9015,6.7273,inf
1GWR,decoy153,EST_redock_1GWR,0.9013,6.4605,inf
1GWR,611-99-4_min,EST_redock_1GWR,0.9012,5.5694,inf
1GWR,59-50-7_min,EST_redock_1GWR,0.8995,4.4071,inf
1GWR,decoy206,EST_redock_1GWR,0.8950,5.5973,inf
1GWR,decoy204,EST_redock_1GWR,0.8940,6.3154,inf
1GWR,decoy312,EST_redock_1GWR,0.8930,7.0668,inf
1GWR,80-46-6_min,EST_redock_1GWR,0.8927,5.1906,inf
1GWR,1085-12-7_min,EST_redock_1GWR,0.8926,6.1458,inf
1GWR,decoy178,EST_redock_1GWR,0.8918,6.1855,inf
1GWR,decoy13,EST_redock_1GWR,0.8917,6.4862,inf
1GWR,140-66-9_min,EST_redock_1GWR,0.8917,6.1940,inf
1GWR,27L_min,EST_redock_1GWR,0.8917,6.1940,inf
1GWR,80-09-1_min,EST_redock_1GWR,0.8912,5.9878,inf
1GWR,decoy253,EST_redock_1GWR,0.8909,5.8371,inf
1GWR,75938-34-0_min,EST_redock_1GWR,0.8899,6.7779,inf
1GWR,decoy410,EST_redock_1GWR,0.8893,6.1115,inf
1GWR,decoy266,EST_redock_1GWR,0.8842,6.5251,inf
1GWR,1570-64-5_min,EST_redock_1GWR,0.8841,4.0070,inf
1GWR,84-17-3_min,EST_redock_1GWR,0.8836,7.1948,inf
1GWR,decoy1,EST_redock_1GWR,0.8835,6.0919,inf
1GWR,28463-03-8_min,EST_redock_1GWR,0.8834,6.7839,inf
1GWR,58-22-0_min,EST_redock_1GWR,0.8831,6.9432,0.6700
1GWR,Testosterone_min,EST_redock_1GWR,0.8831,6.9432,0.6700
1GWR,decoy388,EST_redock_1GWR,0.8821,5.8875,inf
1GWR,decoy416,EST_redock_1GWR,0.8811,5.2137,inf
1GWR,659-22-3_min,EST_redock_1GWR,0.8810,6.4275,inf
1GWR,decoy71,EST_redock_1GWR,0.8808,6.4874,inf
1GWR,decoy54,EST_redock_1GWR,0.8784,6.3691,inf
1GWR,28034-99-3_min,EST_redock_1GWR,0.8780,5.6333,inf
1GWR,84-74-2_min,EST_redock_1GWR,0.8766,4.4545,inf
1GWR,decoy185,EST_redock_1GWR,0.8763,6.2369,inf
1GWR,911-45-5_min,EST_redock_1GWR,0.8758,6.5336,inf
1GWR,decoy173,EST_redock_1GWR,0.8750,5.8928,inf
1GWR,27M_min,EST_redock_1GWR,0.8742,5.1069,inf
1GWR,decoy236,EST_redock_1GWR,0.8734,5.7400,inf
1GWR,36J_min,EST_redock_1GWR,0.8729,6.3103,inf
1GWR,decoy407,EST_redock_1GWR,0.8726,6.1495,inf
1GWR,58-72-0_min,EST_redock_1GWR,0.8721,5.8070,inf
1GWR,decoy309,EST_redock_1GWR,0.8701,6.2504,inf
1GWR,decoy197,EST_redock_1GWR,0.8694,6.6819,inf
1GWR,13037-86-0_min,EST_redock_1GWR,0.8687,5.5970,inf
1GWR,1806-26-4_min,EST_redock_1GWR,0.8685,6.0221,inf
1GWR,decoy60,EST_redock_1GWR,0.8670,5.4494,inf
1GWR,decoy48,EST_redock_1GWR,0.8666,5.4614,inf
1GWR,decoy244,EST_redock_1GWR,0.8643,6.3716,inf
1GWR,decoy75,EST_redock_1GWR,0.8639,5.9560,inf
1GWR,decoy290,EST_redock_1GWR,0.8612,5.4219,inf
1GWR,decoy261,EST_redock_1GWR,0.8610,6.0173,inf
1GWR,decoy240,EST_redock_1GWR,0.8599,5.5205,inf
1GWR,decoy187,EST_redock_1GWR,0.8592,5.6625,inf
1GWR,decoy81,EST_redock_1GWR,0.8569,6.2473,inf
1GWR,6052-84-2_min,EST_redock_1GWR,0.8565,5.9688,inf
1GWR,decoy179,EST_redock_1GWR,0.8559,6.2032,inf
1GWR,decoy21,EST_redock_1GWR,0.8559,5.6617,inf
1GWR,94-18-8_min,EST_redock_1GWR,0.8557,5.4862,inf
1GWR,decoy263,EST_redock_1GWR,0.8550,5.7848,inf
1GWR,131-56-6_min,EST_redock_1GWR,0.8535,4.8278,inf
1GWR,15372-34-6_min,EST_redock_1GWR,0.8531,6.1091,inf
1GWR,decoy305,EST_redock_1GWR,0.8513,6.4640,inf
1GWR,decoy93,EST_redock_1GWR,0.8504,5.0730,inf
1GWR,decoy345,EST_redock_1GWR,0.8499,6.4638,inf
1GWR,decoy434,EST_redock_1GWR,0.8489,5.8670,inf
1GWR,decoy180,EST_redock_1GWR,0.8476,5.7916,inf
1GWR,218-01-9_min,EST_redock_1GWR,0.8467,5.2967,inf
1GWR,decoy128,EST_redock_1GWR,0.8453,6.0674,inf
1GWR,92-69-3_min,EST_redock_1GWR,0.8447,4.5618,inf
1GWR,decoy28,EST_redock_1GWR,0.8437,6.6207,inf
1GWR,decoy150,EST_redock_1GWR,0.8437,5.8759,inf
1GWR,143-74-8_min,EST_redock_1GWR,0.8432,5.8662,inf
1GWR,decoy121,EST_redock_1GWR,0.8427,5.7781,inf
1GWR,decoy411,EST_redock_1GWR,0.8418,6.0128,inf
1GWR,decoy268,EST_redock_1GWR,0.8414,5.6526,inf
1GWR,decoy193,EST_redock_1GWR,0.8414,6.0972,inf
1GWR,decoy213,EST_redock_1GWR,0.8399,5.8879,inf
1GWR,decoy99,EST_redock_1GWR,0.8396,6.3248,inf
1GWR,decoy381,EST_redock_1GWR,0.8394,5.9627,inf
1GWR,decoy23,EST_redock_1GWR,0.8388,5.4320,inf
1GWR,decoy368,EST_redock_1GWR,0.8381,6.2252,inf
1GWR,decoy431,EST_redock_1GWR,0.8351,6.1636,inf
1GWR,decoy176,EST_redock_1GWR,0.8351,5.7753,inf
1GWR,5394-98-9_min,EST_redock_1GWR,0.8344,5.3254,inf
1GWR,81-90-3_min,EST_redock_1GWR,0.8332,5.9083,inf
1GWR,decoy183,EST_redock_1GWR,0.8330,5.8127,inf
1GWR,decoy291,EST_redock_1GWR,0.8327,5.4728,inf
1GWR,decoy329,EST_redock_1GWR,0.8327,6.7469,inf
1GWR,243-17-4_min,EST_redock_1GWR,0.8327,5.0556,inf
1GWR,decoy259,EST_redock_1GWR,0.8326,5.9339,inf
1GWR,decoy243,EST_redock_1GWR,0.8323,5.9415,inf
1GWR,72-54-8_min,EST_redock_1GWR,0.8323,5.7253,inf
1GWR,decoy155,EST_redock_1GWR,0.8299,6.1808,inf
1GWR,decoy258,EST_redock_1GWR,0.8288,5.9294,inf
1GWR,decoy87,EST_redock_1GWR,0.8281,5.9928,inf
1GWR,decoy419,EST_redock_1GWR,0.8273,5.4424,inf
1GWR,decoy85,EST_redock_1GWR,0.8270,5.7768,inf
1GWR,decoy62,EST_redock_1GWR,0.8267,5.0730,inf
1GWR,decoy280,EST_redock_1GWR,0.8263,5.4986,inf
1GWR,decoy239,EST_redock_1GWR,0.8258,5.4669,inf
1GWR,decoy172,EST_redock_1GWR,0.8253,5.6241,inf
1GWR,85-68-7_min,EST_redock_1GWR,0.8233,5.2142,inf
1GWR,decoy393,EST_redock_1GWR,0.8214,5.2816,inf
1GWR,decoy64,EST_redock_1GWR,0.8207,5.5874,inf
1GWR,decoy223,EST_redock_1GWR,0.8196,5.7106,inf
1GWR,decoy69,EST_redock_1GWR,0.8178,5.7332,inf
1GWR,decoy132,EST_redock_1GWR,0.8176,5.9334,inf
1GWR,3434-79-5_min,EST_redock_1GWR,0.8175,6.2468,0.4901
1GWR,decoy255,EST_redock_1GWR,0.8160,5.6057,inf
1GWR,500-38-9_min,EST_redock_1GWR,0.8157,5.8660,inf
1GWR,decoy156,EST_redock_1GWR,0.8139,5.5579,inf
1GWR,decoy257,EST_redock_1GWR,0.8111,6.0118,inf
1GWR,decoy265,EST_redock_1GWR,0.8106,5.5806,inf
1GWR,decoy189,EST_redock_1GWR,0.8077,5.7589,inf
1GWR,92-04-6_min,EST_redock_1GWR,0.8074,4.5545,inf
1GWR,decoy57,EST_redock_1GWR,0.8069,5.8567,inf
1GWR,decoy282,EST_redock_1GWR,0.8066,5.5966,inf
1GWR,decoy24,EST_redock_1GWR,0.8038,5.7770,inf
1GWR,77-09-8_min,EST_redock_1GWR,0.8036,5.7400,inf
1GWR,decoy392,EST_redock_1GWR,0.8035,5.8025,inf
1GWR,decoy111,EST_redock_1GWR,0.8011,5.1375,inf
1GWR,97-54-1_min,EST_redock_1GWR,0.8006,4.1122,inf
1GWR,decoy330,EST_redock_1GWR,0.7998,6.0132,inf
1GWR,84-69-5_min,EST_redock_1GWR,0.7987,4.6076,inf
1GWR,decoy18,EST_redock_1GWR,0.7982,3.7800,inf
1GWR,decoy279,EST_redock_1GWR,0.7961,5.3803,inf
1GWR,decoy274,EST_redock_1GWR,0.7959,5.1530,inf
1GWR,decoy19,EST_redock_1GWR,0.7957,4.7722,inf
1GWR,481-30-1_min,EST_redock_1GWR,0.7942,5.9877,0.8230
1GWR,decoy186,EST_redock_1GWR,0.7929,5.7572,inf
1GWR,decoy384,EST_redock_1GWR,0.7909,5.5721,inf
1GWR,94-25-7_min,EST_redock_1GWR,0.7904,4.3233,inf
1GWR,decoy191,EST_redock_1GWR,0.7871,5.3535,inf
1GWR,decoy29,EST_redock_1GWR,0.7853,5.1878,inf
1GWR,decoy216,EST_redock_1GWR,0.7848,5.7505,inf
1GWR,decoy109,EST_redock_1GWR,0.7842,5.2107,inf
1GWR,121-33-5_min,EST_redock_1GWR,0.7835,3.4122,inf
1GWR,decoy175,EST_redock_1GWR,0.7834,5.2669,inf
1GWR,decoy313,EST_redock_1GWR,0.7829,6.0349,inf
1GWR,decoy227,EST_redock_1GWR,0.7823,5.3048,inf
1GWR,decoy382,EST_redock_1GWR,0.7814,5.8697,inf
1GWR,25154-52-3_min,EST_redock_1GWR,0.7778,5.1657,inf
1GWR,decoy231,EST_redock_1GWR,0.7770,5.8615,inf
1GWR,97-53-0_min,EST_redock_1GWR,0.7749,3.8796,inf
1GWR,decoy224,EST_redock_1GWR,0.7745,5.0550,inf
1GWR,1852-53-5_min,EST_redock_1GWR,0.7730,5.8507,0.8184
1GWR,580-51-8_min,EST_redock_1GWR,0.7730,4.1848,inf
1GWR,603-45-2_min,EST_redock_1GWR,0.7723,6.0132,inf
1GWR,72-43-5_min,EST_redock_1GWR,0.7711,5.5317,inf
1GWR,decoy9,EST_redock_1GWR,0.7709,5.6499,inf
1GWR,decoy41,EST_redock_1GWR,0.7696,5.1092,inf
1GWR,decoy63,EST_redock_1GWR,0.7692,4.8757,inf
1GWR,decoy386,EST_redock_1GWR,0.7685,5.3311,inf
1GWR,58-89-9_min,EST_redock_1GWR,0.7685,4.7019,inf
1GWR,50-29-3_min,EST_redock_1GWR,0.7667,5.2760,inf
1GWR,decoy208,EST_redock_1GWR,0.7633,5.0991,inf
1GWR,57-83-0_min,EST_redock_1GWR,0.7627,5.8758,inf
1GWR,decoy160,EST_redock_1GWR,0.7607,5.5080,inf
1GWR,decoy171,EST_redock_1GWR,0.7606,4.3211,inf
1GWR,decoy5,EST_redock_1GWR,0.7594,5.5391,inf
1GWR,decoy414,EST_redock_1GWR,0.7587,5.2013,inf
1GWR,decoy6,EST_redock_1GWR,0.7556,4.9186,inf
1GWR,decoy76,EST_redock_1GWR,0.7556,4.9675,inf
1GWR,decoy32,EST_redock_1GWR,0.7517,5.3709,inf
1GWR,decoy404,EST_redock_1GWR,0.7508,5.2924,inf
1GWR,decoy15,EST_redock_1GWR,0.7496,4.8003,inf
1GWR,decoy250,EST_redock_1GWR,0.7491,4.7328,inf
1GWR,decoy230,EST_redock_1GWR,0.7472,4.7034,inf
1GWR,decoy4,EST_redock_1GWR,0.7461,4.9121,inf
1GWR,decoy184,EST_redock_1GWR,0.7458,5.2739,inf
1GWR,decoy326,EST_redock_1GWR,0.7457,6.1577,inf
1GWR,decoy203,EST_redock_1GWR,0.7455,4.9737,inf
1GWR,decoy162,EST_redock_1GWR,0.7451,4.4765,inf
1GWR,decoy428,EST_redock_1GWR,0.7426,5.1158,inf
1GWR,decoy118,EST_redock_1GWR,0.7414,5.4668,inf
1GWR,decoy403,EST_redock_1GWR,0.7386,4.8230,inf
1GWR,decoy317,EST_redock_1GWR,0.7369,5.3185,inf
1GWR,decoy314,EST_redock_1GWR,0.7367,5.0997,inf
1GWR,decoy322,EST_redock_1GWR,0.7363,5.2650,inf
1GWR,decoy289,EST_redock_1GWR,0.7362,5.1157,inf
1GWR,5108-94-1_min,EST_redock_1GWR,0.7360,5.6652,0.5040
1GWR,decoy376,EST_redock_1GWR,0.7359,5.2982,inf
1GWR,decoy429,EST_redock_1GWR,0.7357,5.3368,inf
1GWR,decoy169,EST_redock_1GWR,0.7348,4.7658,inf
1GWR,decoy80,EST_redock_1GWR,0.7320,5.2480,inf
1GWR,decoy130,EST_redock_1GWR,0.7318,5.1878,inf
1GWR,decoy389,EST_redock_1GWR,0.7317,5.3537,inf
1GWR,decoy12,EST_redock_1GWR,0.7294,4.9549,inf
1GWR,decoy3,EST_redock_1GWR,0.7288,4.6189,inf
1GWR,72-33-3_min,EST_redock_1GWR,0.7287,5.6263,0.8627
1GWR,decoy151,EST_redock_1GWR,0.7284,5.3282,inf
1GWR,decoy351,EST_redock_1GWR,0.7271,4.9438,inf
1GWR,decoy340,EST_redock_1GWR,0.7238,5.6319,inf
1GWR,decoy90,EST_redock_1GWR,0.7225,5.1678,inf
1GWR,decoy308,EST_redock_1GWR,0.7221,4.9615,inf
1GWR,decoy281,EST_redock_1GWR,0.7205,4.8346,inf
1GWR,decoy43,EST_redock_1GWR,0.7189,4.7590,inf
1GWR,27J_min,EST_redock_1GWR,0.7181,4.8911,inf
1GWR,decoy359,EST_redock_1GWR,0.7171,4.6355,inf
1GWR,decoy84,EST_redock_1GWR,0.7135,4.8784,inf
1GWR,decoy318,EST_redock_1GWR,0.7122,5.4390,inf
1GWR,decoy420,EST_redock_1GWR,0.7086,4.6233,inf
1GWR,decoy319,EST_redock_1GWR,0.7081,4.8797,inf
1GWR,decoy307,EST_redock_1GWR,0.7070,5.5051,inf
1GWR,140-10-3_min,EST_redock_1GWR,0.7035,3.0183,inf
1GWR,decoy159,EST_redock_1GWR,0.7029,5.2681,inf
1GWR,decoy55,EST_redock_1GWR,0.7018,5.1988,inf
1GWR,decoy425,EST_redock_1GWR,0.7003,4.8186,inf
1GWR,decoy374,EST_redock_1GWR,0.7001,4.4617,inf
1GWR,68-23-5_min,EST_redock_1GWR,0.6983,5.4071,1.2059
1GWR,decoy246,EST_redock_1GWR,0.6973,4.9233,inf
1GWR,decoy116,EST_redock_1GWR,0.6946,4.7079,inf
1GWR,decoy328,EST_redock_1GWR,0.6934,5.3795,inf
1GWR,decoy287,EST_redock_1GWR,0.6932,3.9332,inf
1GWR,decoy260,EST_redock_1GWR,0.6932,5.3016,inf
1GWR,decoy252,EST_redock_1GWR,0.6923,4.3748,inf
1GWR,decoy112,EST_redock_1GWR,0.6903,4.9250,inf
1GWR,decoy221,EST_redock_1GWR,0.6897,4.6644,inf
1GWR,decoy196,EST_redock_1GWR,0.6896,4.7227,inf
1GWR,decoy83,EST_redock_1GWR,0.6890,5.0581,inf
1GWR,decoy412,EST_redock_1GWR,0.6882,4.2181,inf
1GWR,decoy45,EST_redock_1GWR,0.6865,4.5076,inf
1GWR,decoy144,EST_redock_1GWR,0.6864,5.2602,inf
1GWR,decoy126,EST_redock_1GWR,0.6848,4.9038,inf
1GWR,decoy251,EST_redock_1GWR,0.6831,4.5265,inf
1GWR,decoy235,EST_redock_1GWR,0.6822,4.7154,inf
1GWR,decoy34,EST_redock_1GWR,0.6815,4.6319,inf
1GWR,decoy7,EST_redock_1GWR,0.6810,4.7969,inf
1GWR,decoy349,EST_redock_1GWR,0.6801,4.9288,inf
1GWR,decoy415,EST_redock_1GWR,0.6799,4.5992,inf
1GWR,decoy304,EST_redock_1GWR,0.6785,4.6654,inf
1GWR,90-43-7_min,EST_redock_1GWR,0.6784,3.5873,inf
1GWR,decoy242,EST_redock_1GWR,0.6771,4.5249,inf
1GWR,decoy165,EST_redock_1GWR,0.6757,3.9766,inf
1GWR,decoy135,EST_redock_1GWR,0.6756,5.0673,inf
1GWR,decoy52,EST_redock_1GWR,0.6741,4.2410,inf
1GWR,decoy50,EST_redock_1GWR,0.6729,4.6358,inf
1GWR,decoy249,EST_redock_1GWR,0.6728,4.2068,inf
1GWR,decoy67,EST_redock_1GWR,0.6721,3.9215,inf
1GWR,decoy272,EST_redock_1GWR,0.6699,4.4207,inf
1GWR,decoy114,EST_redock_1GWR,0.6688,5.1808,inf
1GWR,decoy354,EST_redock_1GWR,0.6686,4.2718,inf
1GWR,decoy101,EST_redock_1GWR,0.6670,4.3896,inf
1GWR,decoy396,EST_redock_1GWR,0.6665,4.4620,inf
1GWR,decoy56,EST_redock_1GWR,0.6658,3.6344,inf
1GWR,decoy30,EST_redock_1GWR,0.6647,4.4760,inf
1GWR,decoy362,EST_redock_1GWR,0.6646,4.8088,inf
1GWR,decoy105,EST_redock_1GWR,0.6643,4.1289,inf
1GWR,decoy201,EST_redock_1GWR,0.6639,3.6043,inf
1GWR,decoy361,EST_redock_1GWR,0.6638,4.8904,inf
1GWR,decoy27,EST_redock_1GWR,0.6628,4.7168,inf
1GWR,decoy14,EST_redock_1GWR,0.6604,4.4956,inf
1GWR,decoy33,EST_redock_1GWR,0.6598,4.7016,inf
1GWR,decoy294,EST_redock_1GWR,0.6597,4.1465,inf
1GWR,50-22-6_min,EST_redock_1GWR,0.6588,4.9975,inf
1GWR,decoy297,EST_redock_1GWR,0.6570,4.4391,inf
1GWR,decoy273,EST_redock_1GWR,0.6566,4.7323,inf
1GWR,decoy145,EST_redock_1GWR,0.6550,4.5655,inf
1GWR,decoy102,EST_redock_1GWR,0.6521,4.4405,inf
1GWR,decoy271,EST_redock_1GWR,0.6521,4.8963,inf
1GWR,decoy220,EST_redock_1GWR,0.6508,4.6390,inf
1GWR,decoy226,EST_redock_1GWR,0.6505,4.4352,inf
1GWR,decoy275,EST_redock_1GWR,0.6497,4.5208,inf
1GWR,decoy31,EST_redock_1GWR,0.6460,4.2310,inf
1GWR,decoy68,EST_redock_1GWR,0.6451,4.3838,inf
1GWR,decoy256,EST_redock_1GWR,0.6446,4.3511,inf
1GWR,decoy113,EST_redock_1GWR,0.6418,4.6243,inf
1GWR,decoy406,EST_redock_1GWR,0.6409,4.9385,inf
1GWR,decoy364,EST_redock_1GWR,0.6405,4.6641,inf
1GWR,decoy394,EST_redock_1GWR,0.6404,4.6952,inf
1GWR,72-55-9_min,EST_redock_1GWR,0.6388,4.3106,inf
1GWR,2050-68-2_min,EST_redock_1GWR,0.6387,3.5005,inf
1GWR,decoy51,EST_redock_1GWR,0.6381,4.4313,inf
1GWR,decoy342,EST_redock_1GWR,0.6359,4.8046,inf
1GWR,decoy373,EST_redock_1GWR,0.6334,3.2655,inf
1GWR,decoy107,EST_redock_1GWR,0.6310,4.8185,inf
1GWR,decoy202,EST_redock_1GWR,0.6280,4.0793,inf
1GWR,decoy333,EST_redock_1GWR,0.6264,4.1814,inf
1GWR,decoy270,EST_redock_1GWR,0.6252,4.1961,inf
1GWR,131-57-7_min,EST_redock_1GWR,0.6233,3.3745,inf
1GWR,decoy298,EST_redock_1GWR,0.6209,3.8924,inf
1GWR,decoy320,EST_redock_1GWR,0.6198,4.6082,inf
1GWR,decoy42,EST_redock_1GWR,0.6192,4.0498,inf
1GWR,decoy222,EST_redock_1GWR,0.6190,4.0545,inf
1GWR,decoy205,EST_redock_1GWR,0.6181,3.8360,inf
1GWR,decoy59,EST_redock_1GWR,0.6160,3.9728,inf
1GWR,decoy16,EST_redock_1GWR,0.6153,4.3256,inf
1GWR,decoy44,EST_redock_1GWR,0.6148,4.0886,inf
1GWR,decoy124,EST_redock_1GWR,0.6142,4.0303,inf
1GWR,decoy422,EST_redock_1GWR,0.6136,4.3479,inf
1GWR,decoy311,EST_redock_1GWR,0.6132,4.3843,inf
1GWR,decoy210,EST_redock_1GWR,0.6123,4.4955,inf
1GWR,decoy157,EST_redock_1GWR,0.6114,4.2311,inf
1GWR,decoy315,EST_redock_1GWR,0.6107,4.2494,inf
1GWR,115-29-7_min,EST_redock_1GWR,0.6081,4.2526,inf
1GWR,decoy212,EST_redock_1GWR,0.6075,4.2110,inf
1GWR,decoy391,EST_redock_1GWR,0.6069,3.6527,inf
1GWR,143-50-0_min,EST_redock_1GWR,0.6063,5.0881,inf
1GWR,decoy40,EST_redock_1GWR,0.6062,4.3815,inf
1GWR,decoy426,EST_redock_1GWR,0.6042,4.1527,inf
1GWR,decoy195,EST_redock_1GWR,0.6031,4.3559,inf
1GWR,decoy267,EST_redock_1GWR,0.6018,4.1666,inf
1GWR,207-13-4_min,EST_redock_1GWR,0.6011,3.4302,inf
1GWR,decoy219,EST_redock_1GWR,0.5964,4.2103,inf
1GWR,decoy22,EST_redock_1GWR,0.5955,3.4183,inf
1GWR,decoy363,EST_redock_1GWR,0.5954,4.0682,inf
1GWR,decoy36,EST_redock_1GWR,0.5948,4.2388,inf
1GWR,decoy200,EST_redock_1GWR,0.5936,3.8783,inf
1GWR,decoy170,EST_redock_1GWR,0.5928,3.8130,inf
1GWR,60-57-1_min,EST_redock_1GWR,0.5924,4.5522,inf
1GWR,decoy154,EST_redock_1GWR,0.5886,3.7228,inf
1GWR,Caffeine_min,EST_redock_1GWR,0.5858,2.7587,inf
1GWR,7773-34-4_min,EST_redock_1GWR,0.5844,4.2129,inf
1GWR,decoy286,EST_redock_1GWR,0.5839,3.5723,inf
1GWR,decoy405,EST_redock_1GWR,0.5832,3.7507,inf
1GWR,decoy158,EST_redock_1GWR,0.5820,3.4993,inf
1GWR,decoy91,EST_redock_1GWR,0.5812,4.1232,inf
1GWR,decoy2,EST_redock_1GWR,0.5803,4.1105,inf
1GWR,Melatonin_min,EST_redock_1GWR,0.5793,3.5796,inf
1GWR,decoy207,EST_redock_1GWR,0.5792,3.6171,inf
1GWR,decoy25,EST_redock_1GWR,0.5785,4.1789,inf
1GWR,decoy241,EST_redock_1GWR,0.5782,3.9564,inf
1GWR,decoy141,EST_redock_1GWR,0.5777,3.9204,inf
1GWR,decoy418,EST_redock_1GWR,0.5774,4.1102,inf
1GWR,decoy131,EST_redock_1GWR,0.5759,3.9461,inf
1GWR,decoy229,EST_redock_1GWR,0.5738,3.8663,inf
1GWR,decoy143,EST_redock_1GWR,0.5730,3.9100,inf
1GWR,decoy182,EST_redock_1GWR,0.5724,3.0633,inf
1GWR,decoy47,EST_redock_1GWR,0.5713,3.7819,inf
1GWR,decoy344,EST_redock_1GWR,0.5709,4.0321,inf
1GWR,115-86-6_min,EST_redock_1GWR,0.5684,3.5722,inf
1GWR,decoy38,EST_redock_1GWR,0.5674,3.3658,inf
1GWR,decoy337,EST_redock_1GWR,0.5665,4.2188,inf
1GWR,decoy409,EST_redock_1GWR,0.5652,3.9428,inf
1GWR,decoy167,EST_redock_1GWR,0.5632,3.9523,inf
1GWR,decoy146,EST_redock_1GWR,0.5615,3.7814,inf
1GWR,decoy136,EST_redock_1GWR,0.5596,4.2434,inf
1GWR,decoy284,EST_redock_1GWR,0.5592,3.9664,inf
1GWR,decoy343,EST_redock_1GWR,0.5588,3.9666,inf
1GWR,decoy390,EST_redock_1GWR,0.5552,4.1825,inf
1GWR,decoy110,EST_redock_1GWR,0.5541,3.1712,inf
1GWR,decoy232,EST_redock_1GWR,0.5540,3.3477,inf
1GWR,decoy73,EST_redock_1GWR,0.5533,3.1161,inf
1GWR,decoy95,EST_redock_1GWR,0.5533,3.5656,inf
1GWR,decoy164,EST_redock_1GWR,0.5515,3.7673,inf
1GWR,decoy228,EST_redock_1GWR,0.5514,3.5899,inf
1GWR,decoy339,EST_redock_1GWR,0.5510,3.5886,inf
1GWR,decoy214,EST_redock_1GWR,0.5476,3.8949,inf
1GWR,decoy316,EST_redock_1GWR,0.5443,4.1878,inf
1GWR,decoy104,EST_redock_1GWR,0.5438,3.6781,inf
1GWR,decoy398,EST_redock_1GWR,0.5436,3.6097,inf
1GWR,decoy142,EST_redock_1GWR,0.5432,3.6717,inf
1GWR,decoy292,EST_redock_1GWR,0.5427,3.8840,inf
1GWR,decoy88,EST_redock_1GWR,0.5427,3.7618,inf
1GWR,decoy352,EST_redock_1GWR,0.5427,3.5940,inf
1GWR,decoy97,EST_redock_1GWR,0.5412,3.1180,inf
1GWR,decoy238,EST_redock_1GWR,0.5409,4.1527,inf
1GWR,decoy49,EST_redock_1GWR,0.5399,3.6019,inf
1GWR,decoy400,EST_redock_1GWR,0.5379,3.9610,inf
1GWR,decoy192,EST_redock_1GWR,0.5367,3.6997,inf
1GWR,decoy408,EST_redock_1GWR,0.5366,4.0610,inf
1GWR,decoy147,EST_redock_1GWR,0.5362,3.6692,inf
1GWR,decoy430,EST_redock_1GWR,0.5356,3.3957,inf
1GWR,decoy39,EST_redock_1GWR,0.5322,3.7321,inf
1GWR,decoy427,EST_redock_1GWR,0.5296,3.4098,inf
1GWR,decoy264,EST_redock_1GWR,0.5295,3.6963,inf
1GWR,decoy348,EST_redock_1GWR,0.5287,3.3127,inf
1GWR,decoy302,EST_redock_1GWR,0.5287,3.3243,inf
1GWR,decoy89,EST_redock_1GWR,0.5285,3.2266,inf
1GWR,decoy401,EST_redock_1GWR,0.5280,3.6182,inf
1GWR,decoy306,EST_redock_1GWR,0.5264,3.9411,inf
1GWR,571-22-2_min,EST_redock_1GWR,0.5242,3.8454,1.0777
1GWR,decoy46,EST_redock_1GWR,0.5226,3.4067,inf
1GWR,decoy356,EST_redock_1GWR,0.5208,3.5406,inf
1GWR,decoy120,EST_redock_1GWR,0.5198,3.6215,inf
1GWR,decoy334,EST_redock_1GWR,0.5183,3.9607,inf
1GWR,decoy234,EST_redock_1GWR,0.5162,3.8008,inf
1GWR,decoy332,EST_redock_1GWR,0.5143,3.8462,inf
1GWR,decoy103,EST_redock_1GWR,0.5119,3.5635,inf
1GWR,decoy402,EST_redock_1GWR,0.5106,3.4315,inf
1GWR,decoy137,EST_redock_1GWR,0.5081,3.1887,inf
1GWR,decoy300,EST_redock_1GWR,0.5061,3.5854,inf
1GWR,decoy358,EST_redock_1GWR,0.5026,3.1056,inf
1GWR,decoy194,EST_redock_1GWR,0.5021,3.6404,inf
1GWR,decoy53,EST_redock_1GWR,0.5015,3.4943,inf
1GWR,decoy199,EST_redock_1GWR,0.5011,3.3246,inf
1GWR,decoy177,EST_redock_1GWR,0.5002,3.2006,inf
1GWR,50-02-2_min,EST_redock_1GWR,0.4988,3.7512,1.1933
1GWR,decoy215,EST_redock_1GWR,0.4978,3.0123,inf
1GWR,decoy125,EST_redock_1GWR,0.4959,3.3557,inf
1GWR,57-88-5_min,EST_redock_1GWR,0.4954,4.0114,inf
1GWR,decoy367,EST_redock_1GWR,0.4925,3.4296,inf
1GWR,decoy385,EST_redock_1GWR,0.4923,3.5384,inf
1GWR,decoy365,EST_redock_1GWR,0.4912,2.8354,inf
1GWR,decoy127,EST_redock_1GWR,0.4887,3.4727,inf
1GWR,decoy433,EST_redock_1GWR,0.4879,3.3019,inf
1GWR,decoy37,EST_redock_1GWR,0.4853,2.6702,inf
1GWR,decoy140,EST_redock_1GWR,0.4835,3.4492,inf
1GWR,decoy421,EST_redock_1GWR,0.4830,2.8095,inf
1GWR,decoy399,EST_redock_1GWR,0.4829,3.1490,inf
1GWR,decoy8,EST_redock_1GWR,0.4810,3.0743,inf
1GWR,decoy379,EST_redock_1GWR,0.4796,3.5461,inf
1GWR,decoy10,EST_redock_1GWR,0.4784,3.3225,inf
1GWR,decoy11,EST_redock_1GWR,0.4766,3.1705,inf
1GWR,decoy139,EST_redock_1GWR,0.4764,3.1691,inf
1GWR,decoy377,EST_redock_1GWR,0.4757,2.8382,inf
1GWR,decoy65,EST_redock_1GWR,0.4748,2.9532,inf
1GWR,decoy163,EST_redock_1GWR,0.4738,3.4777,inf
1GWR,decoy100,EST_redock_1GWR,0.4733,3.1278,inf
1GWR,decoy301,EST_redock_1GWR,0.4696,3.4700,inf
1GWR,decoy325,EST_redock_1GWR,0.4693,3.4990,inf
1GWR,decoy77,EST_redock_1GWR,0.4692,2.6099,inf
1GWR,decoy98,EST_redock_1GWR,0.4680,3.1639,inf
1GWR,decoy424,EST_redock_1GWR,0.4655,2.5808,inf
1GWR,decoy181,EST_redock_1GWR,0.4646,3.1752,inf
1GWR,decoy413,EST_redock_1GWR,0.4617,2.8256,inf
1GWR,decoy198,EST_redock_1GWR,0.4593,3.1604,inf
1GWR,decoy277,EST_redock_1GWR,0.4550,2.8922,inf
1GWR,decoy295,EST_redock_1GWR,0.4506,2.8162,inf
1GWR,1845-11-0_min,EST_redock_1GWR,0.4494,3.4622,inf
1GWR,decoy66,EST_redock_1GWR,0.4490,2.4802,inf
1GWR,decoy218,EST_redock_1GWR,0.4464,3.1787,inf
1GWR,decoy129,EST_redock_1GWR,0.4462,2.7452,inf
1GWR,decoy395,EST_redock_1GWR,0.4454,2.7296,inf
1GWR,decoy149,EST_redock_1GWR,0.4454,2.6861,inf
1GWR,decoy276,EST_redock_1GWR,0.4430,2.6363,inf
1GWR,decoy233,EST_redock_1GWR,0.4398,2.6971,inf
1GWR,decoy119,EST_redock_1GWR,0.4394,2.5998,inf
1GWR,decoy387,EST_redock_1GWR,0.4372,2.8611,inf
1GWR,decoy299,EST_redock_1GWR,0.4331,3.0353,inf
1GWR,decoy138,EST_redock_1GWR,0.4326,2.8077,inf
1GWR,decoy347,EST_redock_1GWR,0.4286,2.7797,inf
1GWR,decoy237,EST_redock_1GWR,0.4285,2.7739,inf
1GWR,decoy96,EST_redock_1GWR,0.4263,2.7880,inf
1GWR,decoy26,EST_redock_1GWR,0.4249,2.8676,inf
1GWR,decoy133,EST_redock_1GWR,0.4240,2.6961,inf
1GWR,decoy117,EST_redock_1GWR,0.4237,2.7499,inf
1GWR,decoy278,EST_redock_1GWR,0.4183,2.8616,inf
1GWR,decoy211,EST_redock_1GWR,0.4182,2.9385,inf
1GWR,decoy122,EST_redock_1GWR,0.4173,2.9307,inf
1GWR,decoy293,EST_redock_1GWR,0.4172,2.9721,inf
1GWR,decoy20,EST_redock_1GWR,0.4144,2.8236,inf
1GWR,decoy380,EST_redock_1GWR,0.4106,2.7668,inf
1GWR,decoy353,EST_redock_1GWR,0.4056,2.9184,inf
1GWR,decoy369,EST_redock_1GWR,0.3972,2.4660,inf
1GWR,decoy108,EST_redock_1GWR,0.3969,2.4690,inf
1GWR,decoy188,EST_redock_1GWR,0.3950,2.7150,inf
1GWR,decoy335,EST_redock_1GWR,0.3918,2.8291,inf
1GWR,decoy217,EST_redock_1GWR,0.3893,2.3701,inf
1GWR,decoy225,EST_redock_1GWR,0.3889,2.7388,inf
1GWR,decoy209,EST_redock_1GWR,0.3888,2.3670,inf
1GWR,83-46-5_min,EST_redock_1GWR,0.3885,3.1308,inf
1GWR,decoy79,EST_redock_1GWR,0.3862,2.3347,inf
1GWR,decoy106,EST_redock_1GWR,0.3843,2.5119,inf
1GWR,decoy296,EST_redock_1GWR,0.3842,2.7537,inf
1GWR,decoy254,EST_redock_1GWR,0.3799,1.9195,inf
1GWR,decoy323,EST_redock_1GWR,0.3656,2.2216,inf
1GWR,decoy357,EST_redock_1GWR,0.3652,2.2286,inf
1GWR,decoy303,EST_redock_1GWR,0.3643,2.5522,inf
1GWR,decoy285,EST_redock_1GWR,0.3621,2.5138,inf
1GWR,decoy360,EST_redock_1GWR,0.3614,2.4999,inf
1GWR,decoy350,EST_redock_1GWR,0.3585,2.4000,inf
1GWR,decoy378,EST_redock_1GWR,0.3551,2.2598,inf
1GWR,decoy341,EST_redock_1GWR,0.3464,2.4016,inf
1GWR,decoy327,EST_redock_1GWR,0.3448,2.3951,inf
1GWR,decoy17,EST_redock_1GWR,0.3439,2.3031,inf
1GWR,decoy310,EST_redock_1GWR,0.3361,2.3273,inf
1GWR,decoy248,EST_redock_1GWR,0.3359,2.2351,inf
1GWR,decoy423,EST_redock_1GWR,0.3335,2.2616,inf
1GWR,decoy283,EST_redock_1GWR,0.3323,2.1492,inf
1GWR,decoy346,EST_redock_1GWR,0.3303,2.1672,inf
1GWR,decoy383,EST_redock_1GWR,0.3295,2.0891,inf
1GWR,decoy324,EST_redock_1GWR,0.3276,2.2737,inf
1GWR,decoy338,EST_redock_1GWR,0.3160,1.9697,inf
1GWR,decoy247,EST_redock_1GWR,0.3130,1.8980,inf
1GWR,decoy74,EST_redock_1GWR,0.3036,2.0787,inf
1GWR,decoy372,EST_redock_1GWR,0.2982,2.0205,inf
1GWR,decoy161,EST_redock_1GWR,0.2897,1.9652,inf
1GWR,decoy321,EST_redock_1GWR,0.2887,2.0567,inf
1GWR,decoy35,EST_redock_1GWR,0.2872,1.9227,inf
1GWR,decoy366,EST_redock_1GWR,0.2870,1.8257,inf
1GWR,decoy58,EST_redock_1GWR,0.2754,1.8162,inf
1GWR,decoy152,EST_redock_1GWR,0.2747,1.7843,inf
1GWR,decoy70,EST_redock_1GWR,0.2743,1.5434,inf
1GWR,decoy371,EST_redock_1GWR,0.2693,1.4963,inf
1GWR,decoy432,EST_redock_1GWR,0.2506,1.5772,inf
1GWR,decoy86,EST_redock_1GWR,0.2441,1.5649,inf
1GWR,decoy134,EST_redock_1GWR,0.2375,1.5037,inf
1GWR,decoy148,EST_redock_1GWR,0.2280,1.4742,inf
1GWR,decoy262,EST_redock_1GWR,0.2246,1.4219,inf
1GWR,decoy115,EST_redock_1GWR,0.2059,1.4939,inf
1GWR,decoy370,EST_redock_1GWR,0.1618,1.0830,inf
3ERD,67651-34-7_min,DES_redock_3ERD,0.9909,8.1495,inf
3ERD,56-53-1_min,DES_redock_3ERD,0.9887,8.2980,0.3397
3ERD,DES_min,DES_redock_3ERD,0.9885,8.2739,0.3510
3ERD,84-17-3_min,DES_redock_3ERD,0.9884,8.2362,0.7300
3ERD,84-16-2_min,DES_redock_3ERD,0.9880,8.2135,0.4568
3ERD,53-16-7_min,DES_redock_3ERD,0.9816,7.7830,inf
3ERD,3601-97-6_min,DES_redock_3ERD,0.9813,7.7337,inf
3ERD,50-28-2_min,DES_redock_3ERD,0.9714,7.6719,inf
3ERD,EST_min,DES_redock_3ERD,0.9714,7.6719,inf
3ERD,53-63-4_min,DES_redock_3ERD,0.9713,7.5022,inf
3ERD,474-86-2_min,DES_redock_3ERD,0.9713,7.7439,inf
3ERD,57-91-0_min,DES_redock_3ERD,0.9688,7.4139,inf
3ERD,2971-36-0_min,DES_redock_3ERD,0.9685,7.6258,inf
3ERD,53905-28-5_min,DES_redock_3ERD,0.9672,7.0385,inf
3ERD,53-45-2_min,DES_redock_3ERD,0.9618,6.8681,inf
3ERD,659-22-3_min,DES_redock_3ERD,0.9570,6.7924,inf
3ERD,decoy1,DES_redock_3ERD,0.9547,6.4259,inf
3ERD,27L_min,DES_redock_3ERD,0.9546,6.9257,inf
3ERD,140-66-9_min,DES_redock_3ERD,0.9546,6.9257,inf
3ERD,65118-81-2_min,DES_redock_3ERD,0.9544,7.1177,inf
3ERD,599-64-4_min,DES_redock_3ERD,0.9503,6.8306,inf
3ERD,decoy61,DES_redock_3ERD,0.9497,6.9618,inf
3ERD,decoy78,DES_redock_3ERD,0.9475,7.0233,inf
3ERD,50-27-1_min,DES_redock_3ERD,0.9466,7.4772,inf
3ERD,decoy13,DES_redock_3ERD,0.9439,6.7839,inf
3ERD,6052-84-2_min,DES_redock_3ERD,0.9434,6.7276,inf
3ERD,decoy312,DES_redock_3ERD,0.9420,7.8645,inf
3ERD,28034-99-3_min,DES_redock_3ERD,0.9395,6.2465,inf
3ERD,decoy72,DES_redock_3ERD,0.9381,7.6708,inf
3ERD,6554-98-9_min,DES_redock_3ERD,0.9362,6.2247,inf
3ERD,5976-61-4_min,DES_redock_3ERD,0.9324,7.2842,inf
3ERD,decoy155,DES_redock_3ERD,0.9290,7.1604,inf
3ERD,571-20-0_min,DES_redock_3ERD,0.9273,7.5134,inf
3ERD,decoy174,DES_redock_3ERD,0.9271,6.4267,inf
3ERD,53-19-0_min,DES_redock_3ERD,0.9251,6.5952,inf
3ERD,5153-25-3_min,DES_redock_3ERD,0.9234,6.3021,inf
3ERD,decoy368,DES_redock_3ERD,0.9221,6.9258,inf
3ERD,decoy376,DES_redock_3ERD,0.9195,6.8368,inf
3ERD,103-16-2_min,DES_redock_3ERD,0.9184,5.7134,inf
3ERD,80-46-6_min,DES_redock_3ERD,0.9179,5.7735,inf
3ERD,decoy410,DES_redock_3ERD,0.9174,6.0688,inf
3ERD,362-05-0_min,DES_redock_3ERD,0.9173,7.0007,inf
3ERD,94-13-3_min,DES_redock_3ERD,0.9173,5.2498,inf
3ERD,decoy253,DES_redock_3ERD,0.9167,6.1273,inf
3ERD,94-18-8_min,DES_redock_3ERD,0.9160,5.7918,inf
3ERD,57-83-0_min,DES_redock_3ERD,0.9148,7.3383,inf
3ERD,59-50-7_min,DES_redock_3ERD,0.9143,4.6998,inf
3ERD,99-71-8_min,DES_redock_3ERD,0.9143,5.6295,inf
3ERD,218-01-9_min,DES_redock_3ERD,0.9133,5.7751,inf
3ERD,decoy48,DES_redock_3ERD,0.9110,6.0541,inf
3ERD,1229-24-9_min,DES_redock_3ERD,0.9102,7.2192,inf
3ERD,77-40-7_min,DES_redock_3ERD,0.9101,6.6085,inf
3ERD,decoy250,DES_redock_3ERD,0.9093,6.0554,inf
3ERD,123-07-9_min,DES_redock_3ERD,0.9089,4.7698,inf
3ERD,104-43-8_min,DES_redock_3ERD,0.9083,7.0059,inf
3ERD,1806-26-4_min,DES_redock_3ERD,0.9076,6.2902,inf
3ERD,94-26-8_min,DES_redock_3ERD,0.9072,5.6726,inf
3ERD,27K_min,DES_redock_3ERD,0.9072,5.6726,inf
3ERD,92-69-3_min,DES_redock_3ERD,0.9046,5.2942,inf
3ERD,120-47-8_min,DES_redock_3ERD,0.9033,5.0275,inf
3ERD,58-22-0_min,DES_redock_3ERD,0.9030,6.9510,inf
3ERD,Testosterone_min,DES_redock_3ERD,0.9030,6.9510,inf
3ERD,98-54-4_min,DES_redock_3ERD,0.9030,5.3304,inf
3ERD,decoy166,DES_redock_3ERD,0.9010,7.3041,inf
3ERD,789-02-6_min,DES_redock_3ERD,0.9000,6.3812,inf
3ERD,611-99-4_min,DES_redock_3ERD,0.8990,5.8947,inf
3ERD,243-17-4_min,DES_redock_3ERD,0.8985,5.5430,inf
3ERD,5394-98-9_min,DES_redock_3ERD,0.8985,5.7460,inf
3ERD,decoy269,DES_redock_3ERD,0.8941,6.2768,inf
3ERD,decoy81,DES_redock_3ERD,0.8938,6.3578,inf
3ERD,521-18-6_min,DES_redock_3ERD,0.8934,6.8767,inf
3ERD,decoy243,DES_redock_3ERD,0.8924,6.4938,inf
3ERD,1085-12-7_min,DES_redock_3ERD,0.8924,5.9523,inf
3ERD,13037-86-0_min,DES_redock_3ERD,0.8902,5.9846,inf
3ERD,decoy280,DES_redock_3ERD,0.8896,6.4214,inf
3ERD,84-74-2_min,DES_redock_3ERD,0.8882,4.4759,inf
3ERD,81-90-3_min,DES_redock_3ERD,0.8878,6.3432,inf
3ERD,decoy187,DES_redock_3ERD,0.8878,5.6769,inf
3ERD,decoy417,DES_redock_3ERD,0.8862,6.1174,inf
3ERD,57-63-6_min,DES_redock_3ERD,0.8851,7.0307,inf
3ERD,EE2_min,DES_redock_3ERD,0.8851,7.0307,inf
3ERD,34816-55-2_min,DES_redock_3ERD,0.8837,7.0519,inf
3ERD,2529-64-8_min,DES_redock_3ERD,0.8835,6.4520,inf
3ERD,decoy206,DES_redock_3ERD,0.8788,5.8730,inf
3ERD,decoy245,DES_redock_3ERD,0.8752,6.8811,inf
3ERD,99-76-3_min,DES_redock_3ERD,0.8740,4.6390,inf
3ERD,decoy6,DES_redock_3ERD,0.8733,5.3027,inf
3ERD,2OH_min,DES_redock_3ERD,0.8717,6.0479,inf
3ERD,80-05-7_min,DES_redock_3ERD,0.8717,6.0479,inf
3ERD,92-04-6_min,DES_redock_3ERD,0.8690,5.1484,inf
3ERD,28463-03-8_min,DES_redock_3ERD,0.8688,6.8185,inf
3ERD,580-51-8_min,DES_redock_3ERD,0.8670,4.7823,inf
3ERD,1570-64-5_min,DES_redock_3ERD,0.8670,4.0097,inf
3ERD,decoy431,DES_redock_3ERD,0.8668,6.5590,inf
3ERD,75938-34-0_min,DES_redock_3ERD,0.8652,6.5899,inf
3ERD,decoy90,DES_redock_3ERD,0.8641,6.3206,inf
3ERD,decoy274,DES_redock_3ERD,0.8626,5.5430,inf
3ERD,decoy419,DES_redock_3ERD,0.8626,5.8186,inf
3ERD,decoy240,DES_redock_3ERD,0.8601,5.8973,inf
3ERD,decoy22,DES_redock_3ERD,0.8585,5.1617,inf
3ERD,decoy434,DES_redock_3ERD,0.8582,6.1245,inf
3ERD,decoy21,DES_redock_3ERD,0.8575,5.8811,inf
3ERD,decoy282,DES_redock_3ERD,0.8532,5.8382,inf
3ERD,decoy50,DES_redock_3ERD,0.8519,6.2024,inf
3ERD,126-00-1_min,DES_redock_3ERD,0.8493,6.0031,inf
3ERD,decoy230,DES_redock_3ERD,0.8487,5.2237,inf
3ERD,decoy331,DES_redock_3ERD,0.8486,6.9001,inf
3ERD,decoy60,DES_redock_3ERD,0.8477,5.4622,inf
3ERD,decoy363,DES_redock_3ERD,0.8462,6.1906,inf
3ERD,decoy244,DES_redock_3ERD,0.8453,6.0854,inf
3ERD,131-56-6_min,DES_redock_3ERD,0.8431,5.2628,inf
3ERD,94-25-7_min,DES_redock_3ERD,0.8428,4.6400,inf
3ERD,decoy29,DES_redock_3ERD,0.8363,5.6733,inf
3ERD,2050-68-2_min,DES_redock_3ERD,0.8361,4.7880,inf
3ERD,decoy258,DES_redock_3ERD,0.8347,5.5978,inf
3ERD,decoy259,DES_redock_3ERD,0.8344,5.2942,inf
3ERD,7773-34-4_min,DES_redock_3ERD,0.8340,6.3950,0.6867
3ERD,decoy197,DES_redock_3ERD,0.8323,6.1827,inf
3ERD,decoy263,DES_redock_3ERD,0.8315,5.6268,inf
3ERD,decoy204,DES_redock_3ERD,0.8303,5.7924,inf
3ERD,decoy302,DES_redock_3ERD,0.8300,5.4068,inf
3ERD,decoy257,DES_redock_3ERD,0.8287,6.5921,inf
3ERD,decoy71,DES_redock_3ERD,0.8281,5.8207,inf
3ERD,decoy397,DES_redock_3ERD,0.8266,5.9033,inf
3ERD,decoy183,DES_redock_3ERD,0.8233,5.5347,inf
3ERD,decoy132,DES_redock_3ERD,0.8222,5.9769,inf
3ERD,decoy76,DES_redock_3ERD,0.8219,5.6787,inf
3ERD,decoy171,DES_redock_3ERD,0.8218,4.8071,inf
3ERD,500-38-9_min,DES_redock_3ERD,0.8193,6.2016,inf
3ERD,decoy34,DES_redock_3ERD,0.8172,5.7067,inf
3ERD,481-30-1_min,DES_redock_3ERD,0.8167,5.9897,inf
3ERD,decoy291,DES_redock_3ERD,0.8164,5.6269,inf
3ERD,decoy94,DES_redock_3ERD,0.8162,6.3085,inf
3ERD,decoy168,DES_redock_3ERD,0.8159,6.0909,inf
3ERD,decoy18,DES_redock_3ERD,0.8150,3.9379,inf
3ERD,80-09-1_min,DES_redock_3ERD,0.8135,5.3836,inf
3ERD,decoy178,DES_redock_3ERD,0.8134,5.5763,inf
3ERD,5108-94-1_min,DES_redock_3ERD,0.8130,6.6014,inf
3ERD,50-22-6_min,DES_redock_3ERD,0.8110,6.0499,inf
3ERD,decoy173,DES_redock_3ERD,0.8106,5.5744,inf
3ERD,decoy212,DES_redock_3ERD,0.8092,5.4848,inf
3ERD,decoy84,DES_redock_3ERD,0.8067,5.7620,inf
3ERD,84-69-5_min,DES_redock_3ERD,0.8045,3.9855,inf
3ERD,decoy381,DES_redock_3ERD,0.8035,5.5413,inf
3ERD,decoy3,DES_redock_3ERD,0.8031,5.1178,inf
3ERD,decoy203,DES_redock_3ERD,0.8028,5.5586,inf
3ERD,27M_min,DES_redock_3ERD,0.8016,4.9285,inf
3ERD,decoy43,DES_redock_3ERD,0.7989,5.2201,inf
3ERD,58-72-0_min,DES_redock_3ERD,0.7967,5.3538,inf
3ERD,3434-79-5_min,DES_redock_3ERD,0.7956,6.3750,inf
3ERD,decoy175,DES_redock_3ERD,0.7937,5.3287,inf
3ERD,decoy297,DES_redock_3ERD,0.7922,5.2564,inf
3ERD,58-89-9_min,DES_redock_3ERD,0.7915,4.8298,inf
3ERD,decoy87,DES_redock_3ERD,0.7883,5.7843,inf
3ERD,decoy45,DES_redock_3ERD,0.7855,5.4674,inf
3ERD,decoy231,DES_redock_3ERD,0.7835,5.7791,inf
3ERD,decoy189,DES_redock_3ERD,0.7827,5.5898,inf
3ERD,decoy330,DES_redock_3ERD,0.7806,5.8473,inf
3ERD,decoy121,DES_redock_3ERD,0.7787,5.0301,inf
3ERD,decoy92,DES_redock_3ERD,0.7778,5.3846,inf
3ERD,decoy266,DES_redock_3ERD,0.7738,5.6811,inf
3ERD,36J_min,DES_redock_3ERD,0.7733,5.2373,inf
3ERD,83-46-5_min,DES_redock_3ERD,0.7652,6.5668,inf
3ERD,decoy361,DES_redock_3ERD,0.7635,5.7740,inf
3ERD,77-09-8_min,DES_redock_3ERD,0.7633,5.4414,inf
3ERD,decoy292,DES_redock_3ERD,0.7624,5.4213,inf
3ERD,decoy196,DES_redock_3ERD,0.7611,5.1085,inf
3ERD,15372-34-6_min,DES_redock_3ERD,0.7606,5.4983,inf
3ERD,decoy193,DES_redock_3ERD,0.7595,5.3551,inf
3ERD,decoy30,DES_redock_3ERD,0.7572,5.3890,inf
3ERD,decoy186,DES_redock_3ERD,0.7565,5.3877,inf
3ERD,decoy27,DES_redock_3ERD,0.7563,5.3451,inf
3ERD,decoy236,DES_redock_3ERD,0.7556,4.8048,inf
3ERD,50-29-3_min,DES_redock_3ERD,0.7552,5.1675,inf
3ERD,decoy235,DES_redock_3ERD,0.7537,5.3612,inf
3ERD,97-53-0_min,DES_redock_3ERD,0.7517,4.3399,inf
3ERD,decoy130,DES_redock_3ERD,0.7511,5.4367,inf
3ERD,decoy345,DES_redock_3ERD,0.7502,5.5781,inf
3ERD,decoy255,DES_redock_3ERD,0.7502,5.1370,inf
3ERD,decoy49,DES_redock_3ERD,0.7480,4.9210,inf
3ERD,decoy123,DES_redock_3ERD,0.7476,5.7099,inf
3ERD,decoy153,DES_redock_3ERD,0.7473,5.4128,inf
3ERD,72-54-8_min,DES_redock_3ERD,0.7468,4.9945,inf
3ERD,68-23-5_min,DES_redock_3ERD,0.7454,5.8457,inf
3ERD,decoy239,DES_redock_3ERD,0.7443,4.9070,inf
3ERD,97-54-1_min,DES_redock_3ERD,0.7425,4.2865,inf
3ERD,decoy208,DES_redock_3ERD,0.7415,4.8492,inf
3ERD,72-43-5_min,DES_redock_3ERD,0.7375,5.3382,inf
3ERD,decoy288,DES_redock_3ERD,0.7371,5.0830,inf
3ERD,decoy185,DES_redock_3ERD,0.7367,5.3406,inf
3ERD,decoy374,DES_redock_3ERD,0.7348,4.7829,inf
3ERD,decoy392,DES_redock_3ERD,0.7346,5.0956,inf
3ERD,decoy128,DES_redock_3ERD,0.7331,5.2158,inf
3ERD,decoy320,DES_redock_3ERD,0.7321,5.7383,inf
3ERD,decoy216,DES_redock_3ERD,0.7303,5.1632,inf
3ERD,decoy68,DES_redock_3ERD,0.7281,4.7770,inf
3ERD,decoy359,DES_redock_3ERD,0.7278,4.7202,inf
3ERD,decoy151,DES_redock_3ERD,0.7274,5.3073,inf
3ERD,decoy95,DES_redock_3ERD,0.7270,4.9097,inf
3ERD,decoy59,DES_redock_3ERD,0.7269,4.8751,inf
3ERD,decoy93,DES_redock_3ERD,0.7240,4.5907,inf
3ERD,decoy389,DES_redock_3ERD,0.7168,5.3389,inf
3ERD,decoy223,DES_redock_3ERD,0.7168,4.6737,inf
3ERD,decoy116,DES_redock_3ERD,0.7161,4.9132,inf
3ERD,decoy405,DES_redock_3ERD,0.7144,4.6977,inf
3ERD,decoy24,DES_redock_3ERD,0.7134,5.1839,inf
3ERD,decoy228,DES_redock_3ERD,0.7126,4.7837,inf
3ERD,1852-53-5_min,DES_redock_3ERD,0.7124,5.4178,inf
3ERD,decoy63,DES_redock_3ERD,0.7117,4.4084,inf
3ERD,decoy265,DES_redock_3ERD,0.7112,4.9837,inf
3ERD,decoy156,DES_redock_3ERD,0.7107,4.8611,inf
3ERD,140-10-3_min,DES_redock_3ERD,0.7106,3.3754,inf
3ERD,decoy396,DES_redock_3ERD,0.7096,4.6224,inf
3ERD,decoy184,DES_redock_3ERD,0.7073,4.9781,inf
3ERD,decoy215,DES_redock_3ERD,0.7058,4.7091,inf
3ERD,decoy309,DES_redock_3ERD,0.7057,4.9280,inf
3ERD,decoy170,DES_redock_3ERD,0.7053,4.7412,inf
3ERD,decoy28,DES_redock_3ERD,0.7035,5.4186,inf
3ERD,decoy37,DES_redock_3ERD,0.7003,3.5041,inf
3ERD,decoy221,DES_redock_3ERD,0.7000,4.5663,inf
3ERD,decoy413,DES_redock_3ERD,0.6932,4.5194,inf
3ERD,decoy262,DES_redock_3ERD,0.6915,4.3573,inf
3ERD,decoy273,DES_redock_3ERD,0.6902,4.9726,inf
3ERD,decoy4,DES_redock_3ERD,0.6888,4.8141,inf
3ERD,decoy169,DES_redock_3ERD,0.6885,4.3795,inf
3ERD,decoy23,DES_redock_3ERD,0.6847,4.3674,inf
3ERD,decoy33,DES_redock_3ERD,0.6834,4.8934,inf
3ERD,decoy191,DES_redock_3ERD,0.6810,4.6765,inf
3ERD,decoy387,DES_redock_3ERD,0.6809,4.6816,inf
3ERD,decoy329,DES_redock_3ERD,0.6809,5.2856,inf
3ERD,decoy57,DES_redock_3ERD,0.6805,4.9083,inf
3ERD,decoy349,DES_redock_3ERD,0.6801,4.7738,inf
3ERD,decoy190,DES_redock_3ERD,0.6800,4.8083,inf
3ERD,decoy15,DES_redock_3ERD,0.6786,4.2679,inf
3ERD,decoy338,DES_redock_3ERD,0.6734,4.6057,inf
3ERD,decoy298,DES_redock_3ERD,0.6733,4.3764,inf
3ERD,decoy289,DES_redock_3ERD,0.6705,4.6293,inf
3ERD,decoy5,DES_redock_3ERD,0.6705,4.8867,inf
3ERD,571-22-2_min,DES_redock_3ERD,0.6685,4.7279,inf
3ERD,decoy180,DES_redock_3ERD,0.6675,4.5387,inf
3ERD,decoy192,DES_redock_3ERD,0.6630,4.6591,inf
3ERD,decoy182,DES_redock_3ERD,0.6609,4.3012,inf
3ERD,decoy332,DES_redock_3ERD,0.6609,4.9929,inf
3ERD,decoy375,DES_redock_3ERD,0.6594,4.8641,inf
3ERD,207-13-4_min,DES_redock_3ERD,0.6587,3.8046,inf
3ERD,decoy226,DES_redock_3ERD,0.6584,4.4721,inf
3ERD,decoy305,DES_redock_3ERD,0.6562,4.8818,inf
3ERD,decoy144,DES_redock_3ERD,0.6549,4.8288,inf
3ERD,decoy159,DES_redock_3ERD,0.6547,4.9731,inf
3ERD,decoy52,DES_redock_3ERD,0.6545,4.1116,inf
3ERD,decoy213,DES_redock_3ERD,0.6545,4.4860,inf
3ERD,decoy336,DES_redock_3ERD,0.6529,4.8788,inf
3ERD,decoy281,DES_redock_3ERD,0.6521,4.3252,inf
3ERD,decoy428,DES_redock_3ERD,0.6517,4.5280,inf
3ERD,decoy369,DES_redock_3ERD,0.6514,4.3402,inf
3ERD,decoy51,DES_redock_3ERD,0.6502,4.5877,inf
3ERD,decoy194,DES_redock_3ERD,0.6501,4.6599,inf
3ERD,85-68-7_min,DES_redock_3ERD,0.6483,3.7779,inf
3ERD,decoy237,DES_redock_3ERD,0.6473,3.7622,inf
3ERD,decoy267,DES_redock_3ERD,0.6458,4.3850,inf
3ERD,decoy234,DES_redock_3ERD,0.6455,4.7388,inf
3ERD,90-43-7_min,DES_redock_3ERD,0.6447,3.3708,inf
3ERD,decoy411,DES_redock_3ERD,0.6444,4.4532,inf
3ERD,decoy99,DES_redock_3ERD,0.6441,4.5788,inf
3ERD,decoy296,DES_redock_3ERD,0.6415,4.8259,inf
3ERD,decoy311,DES_redock_3ERD,0.6404,4.5107,inf
3ERD,decoy394,DES_redock_3ERD,0.6391,4.6536,inf
3ERD,decoy75,DES_redock_3ERD,0.6387,4.4646,inf
3ERD,decoy318,DES_redock_3ERD,0.6382,4.8926,inf
3ERD,decoy97,DES_redock_3ERD,0.6382,3.9207,inf
3ERD,decoy384,DES_redock_3ERD,0.6374,4.4309,inf
3ERD,decoy300,DES_redock_3ERD,0.6369,4.6197,inf
3ERD,57-88-5_min,DES_redock_3ERD,0.6366,5.3323,inf
3ERD,decoy268,DES_redock_3ERD,0.6362,4.3056,inf
3ERD,decoy201,DES_redock_3ERD,0.6353,3.6191,inf
3ERD,decoy111,DES_redock_3ERD,0.6342,4.1358,inf
3ERD,decoy195,DES_redock_3ERD,0.6338,4.6729,inf
3ERD,decoy427,DES_redock_3ERD,0.6336,4.3371,inf
3ERD,decoy114,DES_redock_3ERD,0.6330,4.7585,inf
3ERD,121-33-5_min,DES_redock_3ERD,0.6330,2.9576,inf
3ERD,decoy356,DES_redock_3ERD,0.6324,4.3923,inf
3ERD,decoy2,DES_redock_3ERD,0.6322,4.5132,inf
3ERD,decoy275,DES_redock_3ERD,0.6272,4.5025,inf
3ERD,decoy422,DES_redock_3ERD,0.6271,4.5888,inf
3ERD,decoy101,DES_redock_3ERD,0.6268,3.9592,inf
3ERD,decoy207,DES_redock_3ERD,0.6262,4.1088,inf
3ERD,decoy252,DES_redock_3ERD,0.6246,4.0688,inf
3ERD,decoy112,DES_redock_3ERD,0.6230,4.3835,inf
3ERD,Melatonin_min,DES_redock_3ERD,0.6218,4.0723,inf
3ERD,decoy85,DES_redock_3ERD,0.6218,4.4397,inf
3ERD,decoy319,DES_redock_3ERD,0.6213,4.5936,inf
3ERD,decoy220,DES_redock_3ERD,0.6210,4.2957,inf
3ERD,decoy388,DES_redock_3ERD,0.6209,3.8131,inf
3ERD,decoy200,DES_redock_3ERD,0.6186,3.8004,inf
3ERD,decoy408,DES_redock_3ERD,0.6175,4.6395,inf
3ERD,decoy249,DES_redock_3ERD,0.6174,3.8875,inf
3ERD,decoy222,DES_redock_3ERD,0.6163,4.2360,inf
3ERD,decoy406,DES_redock_3ERD,0.6131,4.5393,inf
3ERD,decoy160,DES_redock_3ERD,0.6124,4.4454,inf
3ERD,27J_min,DES_redock_3ERD,0.6122,3.9326,inf
3ERD,decoy172,DES_redock_3ERD,0.6111,4.1438,inf
3ERD,decoy348,DES_redock_3ERD,0.6109,3.9888,inf
3ERD,decoy382,DES_redock_3ERD,0.6109,4.4849,inf
3ERD,decoy399,DES_redock_3ERD,0.6102,4.0877,inf
3ERD,25154-52-3_min,DES_redock_3ERD,0.6102,4.0681,inf
3ERD,decoy418,DES_redock_3ERD,0.6093,4.0733,inf
3ERD,decoy260,DES_redock_3ERD,0.6069,4.3042,inf
3ERD,decoy416,DES_redock_3ERD,0.6067,3.6858,inf
3ERD,decoy62,DES_redock_3ERD,0.6060,3.8087,inf
3ERD,decoy420,DES_redock_3ERD,0.6058,3.9298,inf
3ERD,decoy54,DES_redock_3ERD,0.6056,4.2401,inf
3ERD,decoy146,DES_redock_3ERD,0.6056,3.6402,inf
3ERD,decoy154,DES_redock_3ERD,0.6050,4.1946,inf
3ERD,decoy287,DES_redock_3ERD,0.6019,3.4864,inf
3ERD,decoy26,DES_redock_3ERD,0.6010,4.1803,inf
3ERD,decoy89,DES_redock_3ERD,0.6004,3.4456,inf
3ERD,60-57-1_min,DES_redock_3ERD,0.5989,4.6590,inf
3ERD,Caffeine_min,DES_redock_3ERD,0.5979,2.8703,inf
3ERD,decoy36,DES_redock_3ERD,0.5971,4.2498,inf
3ERD,decoy365,DES_redock_3ERD,0.5968,3.7335,inf
3ERD,decoy55,DES_redock_3ERD,0.5968,4.3565,inf
3ERD,603-45-2_min,DES_redock_3ERD,0.5959,4.3741,inf
3ERD,decoy261,DES_redock_3ERD,0.5946,4.0963,inf
3ERD,decoy39,DES_redock_3ERD,0.5938,4.2242,inf
3ERD,decoy279,DES_redock_3ERD,0.5930,4.0779,inf
3ERD,decoy355,DES_redock_3ERD,0.5920,4.0965,inf
3ERD,decoy308,DES_redock_3ERD,0.5914,4.0721,inf
3ERD,decoy32,DES_redock_3ERD,0.5908,4.2247,inf
3ERD,decoy109,DES_redock_3ERD,0.5880,4.1538,inf
3ERD,decoy295,DES_redock_3ERD,0.5864,3.7978,inf
3ERD,decoy367,DES_redock_3ERD,0.5859,4.0913,inf
3ERD,decoy351,DES_redock_3ERD,0.5850,3.7093,inf
3ERD,decoy74,DES_redock_3ERD,0.5846,3.7713,inf
3ERD,115-29-7_min,DES_redock_3ERD,0.5840,3.8681,inf
3ERD,decoy358,DES_redock_3ERD,0.5837,4.1242,inf
3ERD,decoy66,DES_redock_3ERD,0.5826,2.9649,inf
3ERD,decoy125,DES_redock_3ERD,0.5775,3.9366,inf
3ERD,decoy69,DES_redock_3ERD,0.5772,4.0294,inf
3ERD,143-74-8_min,DES_redock_3ERD,0.5768,3.9026,inf
3ERD,decoy102,DES_redock_3ERD,0.5767,3.9178,inf
3ERD,decoy353,DES_redock_3ERD,0.5763,4.1308,inf
3ERD,decoy219,DES_redock_3ERD,0.5762,4.0092,inf
3ERD,decoy67,DES_redock_3ERD,0.5757,3.5564,inf
3ERD,decoy105,DES_redock_3ERD,0.5751,3.4969,inf
3ERD,decoy415,DES_redock_3ERD,0.5736,3.7676,inf
3ERD,decoy270,DES_redock_3ERD,0.5734,3.9041,inf
3ERD,decoy158,DES_redock_3ERD,0.5722,3.1864,inf
3ERD,decoy248,DES_redock_3ERD,0.5717,3.7825,inf
3ERD,decoy254,DES_redock_3ERD,0.5709,3.1749,inf
3ERD,decoy325,DES_redock_3ERD,0.5708,4.4333,inf
3ERD,decoy38,DES_redock_3ERD,0.5700,3.0723,inf
3ERD,decoy131,DES_redock_3ERD,0.5690,3.9649,inf
3ERD,decoy31,DES_redock_3ERD,0.5680,3.6235,inf
3ERD,decoy238,DES_redock_3ERD,0.5668,4.2090,inf
3ERD,decoy11,DES_redock_3ERD,0.5650,3.4622,inf
3ERD,decoy177,DES_redock_3ERD,0.5646,3.2263,inf
3ERD,decoy41,DES_redock_3ERD,0.5645,3.6574,inf
3ERD,decoy344,DES_redock_3ERD,0.5619,3.7978,inf
3ERD,decoy113,DES_redock_3ERD,0.5609,3.7748,inf
3ERD,decoy271,DES_redock_3ERD,0.5608,4.0719,inf
3ERD,decoy149,DES_redock_3ERD,0.5605,3.5159,inf
3ERD,72-55-9_min,DES_redock_3ERD,0.5586,3.7379,inf
3ERD,decoy42,DES_redock_3ERD,0.5565,3.8689,inf
3ERD,decoy44,DES_redock_3ERD,0.5557,3.8409,inf
3ERD,decoy77,DES_redock_3ERD,0.5539,3.2889,inf
3ERD,decoy409,DES_redock_3ERD,0.5529,4.1952,inf
3ERD,decoy150,DES_redock_3ERD,0.5519,4.0301,inf
3ERD,decoy202,DES_redock_3ERD,0.5500,3.4735,inf
3ERD,72-33-3_min,DES_redock_3ERD,0.5496,4.1718,inf
3ERD,decoy134,DES_redock_3ERD,0.5495,3.0244,inf
3ERD,decoy64,DES_redock_3ERD,0.5489,3.5062,inf
3ERD,decoy272,DES_redock_3ERD,0.5464,3.4033,inf
3ERD,911-45-5_min,DES_redock_3ERD,0.5463,3.9410,inf
3ERD,decoy393,DES_redock_3ERD,0.5454,3.6202,inf
3ERD,decoy120,DES_redock_3ERD,0.5448,3.6976,inf
3ERD,decoy163,DES_redock_3ERD,0.5422,3.9935,inf
3ERD,decoy229,DES_redock_3ERD,0.5404,3.3801,inf
3ERD,decoy304,DES_redock_3ERD,0.5398,3.5097,inf
3ERD,decoy400,DES_redock_3ERD,0.5396,3.9519,inf
3ERD,decoy283,DES_redock_3ERD,0.5380,3.6344,inf
3ERD,decoy83,DES_redock_3ERD,0.5378,3.9101,inf
3ERD,decoy82,DES_redock_3ERD,0.5377,3.8100,inf
3ERD,131-57-7_min,DES_redock_3ERD,0.5372,3.1605,inf
3ERD,decoy323,DES_redock_3ERD,0.5345,3.0637,inf
3ERD,decoy390,DES_redock_3ERD,0.5342,4.1230,inf
3ERD,decoy119,DES_redock_3ERD,0.5336,3.2216,inf
3ERD,decoy233,DES_redock_3ERD,0.5332,3.4028,inf
3ERD,decoy147,DES_redock_3ERD,0.5332,3.8015,inf
3ERD,decoy10,DES_redock_3ERD,0.5324,3.6766,inf
3ERD,decoy412,DES_redock_3ERD,0.5320,3.3924,inf
3ERD,decoy335,DES_redock_3ERD,0.5320,3.8251,inf
3ERD,decoy176,DES_redock_3ERD,0.5315,3.7740,inf
3ERD,decoy162,DES_redock_3ERD,0.5289,3.7632,inf
3ERD,decoy303,DES_redock_3ERD,0.5283,3.6278,inf
3ERD,decoy307,DES_redock_3ERD,0.5238,3.7706,inf
3ERD,decoy104,DES_redock_3ERD,0.5229,3.2501,inf
3ERD,decoy14,DES_redock_3ERD,0.5227,3.6823,inf
3ERD,decoy241,DES_redock_3ERD,0.5227,3.5855,inf
3ERD,decoy107,DES_redock_3ERD,0.5223,3.9549,inf
3ERD,decoy326,DES_redock_3ERD,0.5222,3.8450,inf
3ERD,decoy317,DES_redock_3ERD,0.5218,3.6306,inf
3ERD,decoy8,DES_redock_3ERD,0.5208,3.5499,inf
3ERD,decoy16,DES_redock_3ERD,0.5206,3.7738,inf
3ERD,decoy129,DES_redock_3ERD,0.5196,3.0503,inf
3ERD,decoy224,DES_redock_3ERD,0.5195,3.5982,inf
3ERD,decoy143,DES_redock_3ERD,0.5183,3.5852,inf
3ERD,decoy403,DES_redock_3ERD,0.5179,3.4152,inf
3ERD,decoy386,DES_redock_3ERD,0.5174,3.5682,inf
3ERD,decoy429,DES_redock_3ERD,0.5157,3.7064,inf
3ERD,decoy139,DES_redock_3ERD,0.5145,3.5818,inf
3ERD,decoy19,DES_redock_3ERD,0.5130,3.0528,inf
3ERD,decoy227,DES_redock_3ERD,0.5110,3.2168,inf
3ERD,decoy56,DES_redock_3ERD,0.5103,2.7999,inf
3ERD,decoy209,DES_redock_3ERD,0.5098,3.4810,inf
3ERD,decoy256,DES_redock_3ERD,0.5095,3.2097,inf
3ERD,decoy315,DES_redock_3ERD,0.5091,3.6834,inf
3ERD,decoy157,DES_redock_3ERD,0.5085,3.7389,inf
3ERD,decoy142,DES_redock_3ERD,0.5084,3.1670,inf
3ERD,decoy414,DES_redock_3ERD,0.5066,3.4529,inf
3ERD,decoy179,DES_redock_3ERD,0.5060,3.5892,inf
3ERD,decoy218,DES_redock_3ERD,0.5055,3.7028,inf
3ERD,decoy364,DES_redock_3ERD,0.5048,3.3869,inf
3ERD,decoy341,DES_redock_3ERD,0.5034,3.4409,inf
3ERD,decoy251,DES_redock_3ERD,0.5024,3.2574,inf
3ERD,decoy124,DES_redock_3ERD,0.5014,3.2938,inf
3ERD,decoy401,DES_redock_3ERD,0.5013,3.4558,inf
3ERD,decoy40,DES_redock_3ERD,0.4993,3.4809,inf
3ERD,decoy25,DES_redock_3ERD,0.4984,3.5087,inf
3ERD,decoy334,DES_redock_3ERD,0.4962,3.6482,inf
3ERD,decoy7,DES_redock_3ERD,0.4962,3.4649,inf
3ERD,decoy357,DES_redock_3ERD,0.4943,3.5145,inf
3ERD,decoy108,DES_redock_3ERD,0.4943,2.9396,inf
3ERD,decoy402,DES_redock_3ERD,0.4937,3.3748,inf
3ERD,decoy164,DES_redock_3ERD,0.4930,3.0811,inf
3ERD,decoy47,DES_redock_3ERD,0.4902,2.7863,inf
3ERD,decoy246,DES_redock_3ERD,0.4889,3.3386,inf
3ERD,decoy106,DES_redock_3ERD,0.4825,3.4052,inf
3ERD,decoy126,DES_redock_3ERD,0.4775,2.7852,inf
3ERD,decoy421,DES_redock_3ERD,0.4770,2.6635,inf
3ERD,decoy404,DES_redock_3ERD,0.4758,3.2433,inf
3ERD,decoy79,DES_redock_3ERD,0.4748,2.9689,inf
3ERD,decoy407,DES_redock_3ERD,0.4732,3.2172,inf
3ERD,decoy165,DES_redock_3ERD,0.4731,2.8576,inf
3ERD,decoy232,DES_redock_3ERD,0.4716,3.0237,inf
3ERD,decoy217,DES_redock_3ERD,0.4708,2.9335,inf
3ERD,decoy352,DES_redock_3ERD,0.4701,3.3320,inf
3ERD,decoy133,DES_redock_3ERD,0.4695,3.1482,inf
3ERD,115-86-6_min,DES_redock_3ERD,0.4654,2.6823,inf
3ERD,decoy328,DES_redock_3ERD,0.4650,3.4696,inf
3ERD,decoy337,DES_redock_3ERD,0.4633,2.9220,inf
3ERD,decoy205,DES_redock_3ERD,0.4598,2.6874,inf
3ERD,decoy73,DES_redock_3ERD,0.4590,2.3156,inf
3ERD,decoy35,DES_redock_3ERD,0.4566,2.8766,inf
3ERD,decoy138,DES_redock_3ERD,0.4561,2.6651,inf
3ERD,decoy360,DES_redock_3ERD,0.4555,3.2826,inf
3ERD,decoy80,DES_redock_3ERD,0.4546,3.1683,inf
3ERD,decoy425,DES_redock_3ERD,0.4546,3.2125,inf
3ERD,decoy100,DES_redock_3ERD,0.4537,3.1044,inf
3ERD,decoy140,DES_redock_3ERD,0.4529,3.3898,inf
3ERD,decoy306,DES_redock_3ERD,0.4518,3.3592,inf
3ERD,decoy398,DES_redock_3ERD,0.4478,2.9676,inf
3ERD,decoy135,DES_redock_3ERD,0.4468,3.2757,inf
3ERD,decoy199,DES_redock_3ERD,0.4466,3.1356,inf
3ERD,decoy214,DES_redock_3ERD,0.4430,3.1062,inf
3ERD,decoy378,DES_redock_3ERD,0.4418,2.9124,inf
3ERD,decoy242,DES_redock_3ERD,0.4418,3.0047,inf
3ERD,decoy423,DES_redock_3ERD,0.4407,3.0070,inf
3ERD,decoy127,DES_redock_3ERD,0.4384,3.1199,inf
3ERD,143-50-0_min,DES_redock_3ERD,0.4365,3.5206,inf
3ERD,decoy310,DES_redock_3ERD,0.4351,3.0748,inf
3ERD,decoy9,DES_redock_3ERD,0.4345,3.1842,inf
3ERD,decoy167,DES_redock_3ERD,0.4328,3.0604,inf
3ERD,decoy96,DES_redock_3ERD,0.4307,2.1490,inf
3ERD,decoy122,DES_redock_3ERD,0.4305,2.9627,inf
3ERD,decoy117,DES_redock_3ERD,0.4291,2.7583,inf
3ERD,decoy299,DES_redock_3ERD,0.4285,3.2210,inf
3ERD,decoy294,DES_redock_3ERD,0.4281,2.5023,inf
3ERD,decoy433,DES_redock_3ERD,0.4281,2.8586,inf
3ERD,decoy198,DES_redock_3ERD,0.4258,2.8211,inf
3ERD,decoy322,DES_redock_3ERD,0.4220,2.8145,inf
3ERD,decoy115,DES_redock_3ERD,0.4201,2.7983,inf
3ERD,decoy20,DES_redock_3ERD,0.4172,2.6241,inf
3ERD,decoy339,DES_redock_3ERD,0.4068,2.7501,inf
3ERD,decoy141,DES_redock_3ERD,0.4067,2.7738,inf
3ERD,decoy278,DES_redock_3ERD,0.4042,2.6771,inf
3ERD,decoy380,DES_redock_3ERD,0.4038,2.3965,inf
3ERD,decoy17,DES_redock_3ERD,0.4026,2.7276,inf
3ERD,decoy53,DES_redock_3ERD,0.4013,2.5601,inf
3ERD,decoy284,DES_redock_3ERD,0.4001,2.7876,inf
3ERD,decoy58,DES_redock_3ERD,0.3991,2.3073,inf
3ERD,decoy430,DES_redock_3ERD,0.3977,2.7250,inf
3ERD,decoy277,DES_redock_3ERD,0.3975,2.7173,inf
3ERD,decoy70,DES_redock_3ERD,0.3944,2.2474,inf
3ERD,decoy286,DES_redock_3ERD,0.3936,2.6576,inf
3ERD,decoy88,DES_redock_3ERD,0.3936,2.4352,inf
3ERD,decoy86,DES_redock_3ERD,0.3923,2.7106,inf
3ERD,decoy161,DES_redock_3ERD,0.3914,2.4688,inf
3ERD,decoy343,DES_redock_3ERD,0.3913,2.6902,inf
3ERD,decoy313,DES_redock_3ERD,0.3913,2.9552,inf
3ERD,decoy285,DES_redock_3ERD,0.3909,2.8129,inf
3ERD,decoy225,DES_redock_3ERD,0.3875,2.6559,inf
3ERD,decoy276,DES_redock_3ERD,0.3868,2.2469,inf
3ERD,decoy188,DES_redock_3ERD,0.3859,2.3693,inf
3ERD,decoy118,DES_redock_3ERD,0.3854,2.6341,inf
3ERD,decoy362,DES_redock_3ERD,0.3832,2.7044,inf
3ERD,decoy424,DES_redock_3ERD,0.3822,2.0834,inf
3ERD,decoy211,DES_redock_3ERD,0.3785,2.5692,inf
3ERD,decoy373,DES_redock_3ERD,0.3761,2.0461,inf
3ERD,decoy342,DES_redock_3ERD,0.3743,2.7206,inf
3ERD,decoy290,DES_redock_3ERD,0.3722,2.2090,inf
3ERD,decoy340,DES_redock_3ERD,0.3703,2.8402,inf
3ERD,decoy148,DES_redock_3ERD,0.3694,2.2299,inf
3ERD,decoy91,DES_redock_3ERD,0.3679,2.4171,inf
3ERD,decoy46,DES_redock_3ERD,0.3669,2.4311,inf
3ERD,decoy314,DES_redock_3ERD,0.3656,2.2889,inf
3ERD,50-02-2_min,DES_redock_3ERD,0.3650,2.5945,inf
3ERD,decoy379,DES_redock_3ERD,0.3636,2.5903,inf
3ERD,decoy210,DES_redock_3ERD,0.3632,2.6382,inf
3ERD,decoy346,DES_redock_3ERD,0.3616,2.4464,inf
3ERD,decoy350,DES_redock_3ERD,0.3586,2.1481,inf
3ERD,decoy316,DES_redock_3ERD,0.3579,2.6945,inf
3ERD,decoy247,DES_redock_3ERD,0.3514,2.3075,inf
3ERD,decoy110,DES_redock_3ERD,0.3461,2.1287,inf
3ERD,decoy347,DES_redock_3ERD,0.3454,2.2239,inf
3ERD,decoy426,DES_redock_3ERD,0.3445,2.3726,inf
3ERD,decoy12,DES_redock_3ERD,0.3435,2.3006,inf
3ERD,decoy354,DES_redock_3ERD,0.3426,2.2249,inf
3ERD,decoy145,DES_redock_3ERD,0.3404,2.2976,inf
3ERD,decoy432,DES_redock_3ERD,0.3398,2.1013,inf
3ERD,decoy366,DES_redock_3ERD,0.3364,2.1088,inf
3ERD,decoy137,DES_redock_3ERD,0.3361,2.3137,inf
3ERD,decoy152,DES_redock_3ERD,0.3344,2.2436,inf
3ERD,decoy371,DES_redock_3ERD,0.3337,1.5846,inf
3ERD,decoy383,DES_redock_3ERD,0.3311,2.2566,inf
3ERD,decoy391,DES_redock_3ERD,0.3274,1.9537,inf
3ERD,decoy293,DES_redock_3ERD,0.3218,2.1909,inf
3ERD,decoy65,DES_redock_3ERD,0.3146,2.2420,inf
3ERD,decoy181,DES_redock_3ERD,0.3072,2.0680,inf
3ERD,decoy98,DES_redock_3ERD,0.3040,1.9157,inf
3ERD,decoy103,DES_redock_3ERD,0.3022,2.0318,inf
3ERD,decoy324,DES_redock_3ERD,0.2962,1.7565,inf
3ERD,decoy372,DES_redock_3ERD,0.2962,2.0592,inf
3ERD,decoy385,DES_redock_3ERD,0.2822,1.9790,inf
3ERD,decoy264,DES_redock_3ERD,0.2740,1.8859,inf
3ERD,1845-11-0_min,DES_redock_3ERD,0.2665,1.8858,inf
3ERD,decoy333,DES_redock_3ERD,0.2593,1.6587,inf
3ERD,decoy327,DES_redock_3ERD,0.2580,1.8243,inf
3ERD,decoy321,DES_redock_3ERD,0.2538,1.8389,inf
3ERD,decoy395,DES_redock_3ERD,0.2450,1.4224,inf
3ERD,decoy301,DES_redock_3ERD,0.2411,1.7923,inf
3ERD,decoy377,DES_redock_3ERD,0.2223,1.4512,inf
3ERD,decoy136,DES_redock_3ERD,0.2219,1.6072,inf
3ERD,decoy370,DES_redock_3ERD,0.1942,1.3400,inf
3UU7,67651-34-7_min,2OH_redock_3UU7,0.9872,7.8660,inf
3UU7,53-19-0_min,2OH_redock_3UU7,0.9770,7.1204,inf
3UU7,2971-36-0_min,2OH_redock_3UU7,0.9720,7.6235,inf
3UU7,53905-28-5_min,2OH_redock_3UU7,0.9682,6.9962,inf
3UU7,65118-81-2_min,2OH_redock_3UU7,0.9670,7.3147,inf
3UU7,474-86-2_min,2OH_redock_3UU7,0.9651,7.8086,inf
3UU7,84-16-2_min,2OH_redock_3UU7,0.9636,7.8570,inf
3UU7,28463-03-8_min,2OH_redock_3UU7,0.9626,7.6117,inf
3UU7,599-64-4_min,2OH_redock_3UU7,0.9604,6.7967,inf
3UU7,decoy78,2OH_redock_3UU7,0.9600,7.4074,inf
3UU7,decoy417,2OH_redock_3UU7,0.9562,6.7240,inf
3UU7,decoy166,2OH_redock_3UU7,0.9522,7.7008,inf
3UU7,decoy263,2OH_redock_3UU7,0.9522,6.3572,inf
3UU7,decoy434,2OH_redock_3UU7,0.9507,6.7615,inf
3UU7,27L_min,2OH_redock_3UU7,0.9458,6.7107,inf
3UU7,140-66-9_min,2OH_redock_3UU7,0.9458,6.7107,inf
3UU7,104-43-8_min,2OH_redock_3UU7,0.9401,7.4170,inf
3UU7,decoy269,2OH_redock_3UU7,0.9390,6.4758,inf
3UU7,decoy13,2OH_redock_3UU7,0.9352,6.8956,inf
3UU7,3601-97-6_min,2OH_redock_3UU7,0.9345,7.4999,inf
3UU7,decoy288,2OH_redock_3UU7,0.9341,6.7360,inf
3UU7,789-02-6_min,2OH_redock_3UU7,0.9331,7.0987,inf
3UU7,75938-34-0_min,2OH_redock_3UU7,0.9288,6.9034,inf
3UU7,decoy274,2OH_redock_3UU7,0.9288,6.0458,inf
3UU7,1806-26-4_min,2OH_redock_3UU7,0.9264,6.6641,inf
3UU7,5153-25-3_min,2OH_redock_3UU7,0.9250,6.5957,inf
3UU7,28034-99-3_min,2OH_redock_3UU7,0.9248,6.0783,inf
3UU7,72-43-5_min,2OH_redock_3UU7,0.9246,6.6338,inf
3UU7,decoy1,2OH_redock_3UU7,0.9225,6.3245,inf
3UU7,53-16-7_min,2OH_redock_3UU7,0.9212,7.3523,inf
3UU7,decoy253,2OH_redock_3UU7,0.9194,6.2132,inf
3UU7,94-18-8_min,2OH_redock_3UU7,0.9184,6.0226,inf
3UU7,77-40-7_min,2OH_redock_3UU7,0.9164,6.9148,0.6469
3UU7,50-28-2_min,2OH_redock_3UU7,0.9157,7.3176,inf
3UU7,EST_min,2OH_redock_3UU7,0.9157,7.3176,inf
3UU7,decoy236,2OH_redock_3UU7,0.9152,6.3834,inf
3UU7,58-72-0_min,2OH_redock_3UU7,0.9141,6.1616,inf
3UU7,72-54-8_min,2OH_redock_3UU7,0.9130,6.5631,inf
3UU7,84-74-2_min,2OH_redock_3UU7,0.9119,4.8745,inf
3UU7,decoy388,2OH_redock_3UU7,0.9106,5.9339,inf
3UU7,94-26-8_min,2OH_redock_3UU7,0.9099,5.4209,inf
3UU7,27K_min,2OH_redock_3UU7,0.9099,5.4209,inf
3UU7,80-46-6_min,2OH_redock_3UU7,0.9095,5.7997,inf
3UU7,decoy206,2OH_redock_3UU7,0.9070,5.8174,inf
3UU7,103-16-2_min,2OH_redock_3UU7,0.9065,5.5566,inf
3UU7,decoy60,2OH_redock_3UU7,0.9032,5.9338,inf
3UU7,decoy280,2OH_redock_3UU7,0.9015,6.6082,inf
3UU7,DES_min,2OH_redock_3UU7,0.8989,7.1107,inf
3UU7,603-45-2_min,2OH_redock_3UU7,0.8976,6.8954,inf
3UU7,98-54-4_min,2OH_redock_3UU7,0.8976,5.3607,inf
3UU7,56-53-1_min,2OH_redock_3UU7,0.8968,7.0476,inf
3UU7,92-04-6_min,2OH_redock_3UU7,0.8966,5.3787,inf
3UU7,decoy189,2OH_redock_3UU7,0.8957,6.5380,inf
3UU7,decoy71,2OH_redock_3UU7,0.8952,6.4386,inf
3UU7,decoy410,2OH_redock_3UU7,0.8930,6.2481,inf
3UU7,2OH_min,2OH_redock_3UU7,0.8928,6.5286,0.6088
3UU7,80-05-7_min,2OH_redock_3UU7,0.8928,6.5286,0.6088
3UU7,decoy153,2OH_redock_3UU7,0.8925,6.3747,inf
3UU7,6554-98-9_min,2OH_redock_3UU7,0.8919,5.9565,inf
3UU7,99-71-8_min,2OH_redock_3UU7,0.8912,5.1476,inf
3UU7,92-69-3_min,2OH_redock_3UU7,0.8904,5.1736,inf
3UU7,decoy397,2OH_redock_3UU7,0.8902,6.5012,inf
3UU7,decoy331,2OH_redock_3UU7,0.8896,7.2999,inf
3UU7,84-69-5_min,2OH_redock_3UU7,0.8877,5.0021,inf
3UU7,decoy368,2OH_redock_3UU7,0.8876,6.7262,inf
3UU7,Testosterone_min,2OH_redock_3UU7,0.8875,7.0265,inf
3UU7,58-22-0_min,2OH_redock_3UU7,0.8875,7.0265,inf
3UU7,decoy243,2OH_redock_3UU7,0.8848,6.4051,inf
3UU7,decoy81,2OH_redock_3UU7,0.8846,6.3998,inf
3UU7,53-63-4_min,2OH_redock_3UU7,0.8845,6.8252,inf
3UU7,decoy309,2OH_redock_3UU7,0.8832,6.3996,inf
3UU7,13037-86-0_min,2OH_redock_3UU7,0.8788,6.1991,inf
3UU7,131-56-6_min,2OH_redock_3UU7,0.8778,5.1639,inf
3UU7,decoy265,2OH_redock_3UU7,0.8776,6.2754,inf
3UU7,decoy345,2OH_redock_3UU7,0.8768,6.9332,inf
3UU7,decoy197,2OH_redock_3UU7,0.8733,6.7882,inf
3UU7,decoy359,2OH_redock_3UU7,0.8728,5.7338,inf
3UU7,50-29-3_min,2OH_redock_3UU7,0.8723,6.2472,inf
3UU7,decoy99,2OH_redock_3UU7,0.8721,6.7288,inf
3UU7,decoy312,2OH_redock_3UU7,0.8699,7.1107,inf
3UU7,decoy319,2OH_redock_3UU7,0.8674,6.3464,inf
3UU7,decoy180,2OH_redock_3UU7,0.8664,6.2292,inf
3UU7,57-91-0_min,2OH_redock_3UU7,0.8664,6.8845,inf
3UU7,decoy187,2OH_redock_3UU7,0.8662,5.8856,inf
3UU7,571-20-0_min,2OH_redock_3UU7,0.8650,6.9554,inf
3UU7,6052-84-2_min,2OH_redock_3UU7,0.8649,6.1836,inf
3UU7,99-76-3_min,2OH_redock_3UU7,0.8645,4.1922,inf
3UU7,decoy6,2OH_redock_3UU7,0.8643,5.1022,inf
3UU7,decoy173,2OH_redock_3UU7,0.8634,6.3359,inf
3UU7,1085-12-7_min,2OH_redock_3UU7,0.8628,5.8022,inf
3UU7,120-47-8_min,2OH_redock_3UU7,0.8601,4.7642,inf
3UU7,decoy61,2OH_redock_3UU7,0.8544,6.2628,inf
3UU7,1570-64-5_min,2OH_redock_3UU7,0.8532,4.0863,inf
3UU7,decoy48,2OH_redock_3UU7,0.8528,5.5679,inf
3UU7,decoy419,2OH_redock_3UU7,0.8499,6.0747,inf
3UU7,decoy255,2OH_redock_3UU7,0.8463,5.8164,inf
3UU7,decoy240,2OH_redock_3UU7,0.8457,5.6151,inf
3UU7,94-25-7_min,2OH_redock_3UU7,0.8445,4.6853,inf
3UU7,5976-61-4_min,2OH_redock_3UU7,0.8438,6.3208,inf
3UU7,decoy186,2OH_redock_3UU7,0.8435,6.1712,inf
3UU7,59-50-7_min,2OH_redock_3UU7,0.8423,3.8382,inf
3UU7,126-00-1_min,2OH_redock_3UU7,0.8381,5.7984,3.3739
3UU7,123-07-9_min,2OH_redock_3UU7,0.8365,4.3885,inf
3UU7,decoy268,2OH_redock_3UU7,0.8325,5.8603,inf
3UU7,decoy169,2OH_redock_3UU7,0.8325,5.4112,inf
3UU7,decoy123,2OH_redock_3UU7,0.8323,6.6842,inf
3UU7,decoy174,2OH_redock_3UU7,0.8318,5.6306,inf
3UU7,decoy317,2OH_redock_3UU7,0.8304,5.9041,inf
3UU7,50-27-1_min,2OH_redock_3UU7,0.8279,6.5745,inf
3UU7,243-17-4_min,2OH_redock_3UU7,0.8275,5.0742,inf
3UU7,94-13-3_min,2OH_redock_3UU7,0.8271,4.8917,inf
3UU7,58-89-9_min,2OH_redock_3UU7,0.8253,5.1614,inf
3UU7,decoy155,2OH_redock_3UU7,0.8242,6.3821,inf
3UU7,218-01-9_min,2OH_redock_3UU7,0.8232,5.0558,inf
3UU7,decoy249,2OH_redock_3UU7,0.8212,5.4244,inf
3UU7,decoy190,2OH_redock_3UU7,0.8211,6.0156,inf
3UU7,36J_min,2OH_redock_3UU7,0.8187,5.7324,inf
3UU7,97-54-1_min,2OH_redock_3UU7,0.8176,4.4140,inf
3UU7,decoy178,2OH_redock_3UU7,0.8173,5.6903,inf
3UU7,decoy168,2OH_redock_3UU7,0.8169,6.0550,inf
3UU7,decoy239,2OH_redock_3UU7,0.8163,5.5453,inf
3UU7,decoy21,2OH_redock_3UU7,0.8158,5.3236,inf
3UU7,84-17-3_min,2OH_redock_3UU7,0.8125,6.5460,inf
3UU7,decoy92,2OH_redock_3UU7,0.8111,6.2531,inf
3UU7,decoy259,2OH_redock_3UU7,0.8101,5.8187,inf
3UU7,580-51-8_min,2OH_redock_3UU7,0.8099,4.7346,inf
3UU7,decoy34,2OH_redock_3UU7,0.8096,5.8340,inf
3UU7,decoy279,2OH_redock_3UU7,0.8080,5.4469,inf
3UU7,decoy431,2OH_redock_3UU7,0.8078,6.2347,inf
3UU7,decoy90,2OH_redock_3UU7,0.8008,5.4583,inf
3UU7,27M_min,2OH_redock_3UU7,0.8007,4.9839,inf
3UU7,659-22-3_min,2OH_redock_3UU7,0.7995,5.5349,inf
3UU7,decoy130,2OH_redock_3UU7,0.7990,5.6859,inf
3UU7,decoy393,2OH_redock_3UU7,0.7986,5.5277,inf
3UU7,362-05-0_min,2OH_redock_3UU7,0.7985,6.1983,inf
3UU7,1229-24-9_min,2OH_redock_3UU7,0.7963,6.1762,inf
3UU7,decoy18,2OH_redock_3UU7,0.7962,4.0793,inf
3UU7,85-68-7_min,2OH_redock_3UU7,0.7958,4.6701,inf
3UU7,decoy307,2OH_redock_3UU7,0.7955,6.0440,inf
3UU7,decoy191,2OH_redock_3UU7,0.7936,5.7254,inf
3UU7,decoy416,2OH_redock_3UU7,0.7920,4.9735,inf
3UU7,decoy94,2OH_redock_3UU7,0.7920,6.1263,inf
3UU7,decoy244,2OH_redock_3UU7,0.7918,5.7555,inf
3UU7,77-09-8_min,2OH_redock_3UU7,0.7912,5.4282,inf
3UU7,decoy204,2OH_redock_3UU7,0.7815,5.5095,inf
3UU7,611-99-4_min,2OH_redock_3UU7,0.7808,5.3570,inf
3UU7,decoy213,2OH_redock_3UU7,0.7710,5.5332,inf
3UU7,5394-98-9_min,2OH_redock_3UU7,0.7704,4.8259,inf
3UU7,decoy23,2OH_redock_3UU7,0.7698,5.1516,inf
3UU7,decoy45,2OH_redock_3UU7,0.7689,5.3257,inf
3UU7,decoy257,2OH_redock_3UU7,0.7684,5.9523,inf
3UU7,decoy27,2OH_redock_3UU7,0.7666,5.2424,inf
3UU7,decoy245,2OH_redock_3UU7,0.7654,5.7938,inf
3UU7,97-53-0_min,2OH_redock_3UU7,0.7653,4.2567,inf
3UU7,decoy28,2OH_redock_3UU7,0.7649,5.9030,inf
3UU7,decoy184,2OH_redock_3UU7,0.7649,5.5194,inf
3UU7,decoy185,2OH_redock_3UU7,0.7638,5.5229,inf
3UU7,500-38-9_min,2OH_redock_3UU7,0.7637,5.3907,inf
3UU7,decoy351,2OH_redock_3UU7,0.7618,5.1107,inf
3UU7,decoy54,2OH_redock_3UU7,0.7600,5.2409,inf
3UU7,decoy121,2OH_redock_3UU7,0.7554,5.2042,inf
3UU7,decoy394,2OH_redock_3UU7,0.7551,5.4724,inf
3UU7,72-55-9_min,2OH_redock_3UU7,0.7545,4.9551,inf
3UU7,decoy363,2OH_redock_3UU7,0.7544,5.6169,inf
3UU7,81-90-3_min,2OH_redock_3UU7,0.7539,5.1511,inf
3UU7,decoy150,2OH_redock_3UU7,0.7498,5.5583,inf
3UU7,80-09-1_min,2OH_redock_3UU7,0.7451,5.2331,inf
3UU7,decoy151,2OH_redock_3UU7,0.7438,5.2853,inf
3UU7,60-57-1_min,2OH_redock_3UU7,0.7437,5.9699,inf
3UU7,decoy266,2OH_redock_3UU7,0.7437,5.5923,inf
3UU7,143-74-8_min,2OH_redock_3UU7,0.7431,5.1396,inf
3UU7,decoy375,2OH_redock_3UU7,0.7430,5.6233,inf
3UU7,521-18-6_min,2OH_redock_3UU7,0.7399,5.6461,inf
3UU7,decoy36,2OH_redock_3UU7,0.7388,5.3897,inf
3UU7,90-43-7_min,2OH_redock_3UU7,0.7357,3.8035,inf
3UU7,decoy165,2OH_redock_3UU7,0.7351,4.6738,inf
3UU7,decoy376,2OH_redock_3UU7,0.7328,4.9639,inf
3UU7,decoy183,2OH_redock_3UU7,0.7308,4.8761,inf
3UU7,decoy330,2OH_redock_3UU7,0.7301,5.6482,inf
3UU7,decoy156,2OH_redock_3UU7,0.7297,5.0703,inf
3UU7,34816-55-2_min,2OH_redock_3UU7,0.7283,5.7800,inf
3UU7,decoy329,2OH_redock_3UU7,0.7248,5.7092,inf
3UU7,decoy76,2OH_redock_3UU7,0.7241,4.9968,inf
3UU7,decoy325,2OH_redock_3UU7,0.7240,5.7532,inf
3UU7,911-45-5_min,2OH_redock_3UU7,0.7221,5.1317,inf
3UU7,2529-64-8_min,2OH_redock_3UU7,0.7220,5.2103,inf
3UU7,decoy29,2OH_redock_3UU7,0.7214,4.8484,inf
3UU7,3434-79-5_min,2OH_redock_3UU7,0.7209,5.5685,inf
3UU7,decoy15,2OH_redock_3UU7,0.7196,4.7053,inf
3UU7,decoy405,2OH_redock_3UU7,0.7183,4.8871,inf
3UU7,decoy49,2OH_redock_3UU7,0.7172,4.9346,inf
3UU7,57-83-0_min,2OH_redock_3UU7,0.7148,5.5352,inf
3UU7,decoy154,2OH_redock_3UU7,0.7134,4.8283,inf
3UU7,decoy87,2OH_redock_3UU7,0.7132,5.1931,inf
3UU7,decoy112,2OH_redock_3UU7,0.7116,4.8915,inf
3UU7,1852-53-5_min,2OH_redock_3UU7,0.7090,5.5338,inf
3UU7,decoy306,2OH_redock_3UU7,0.7088,5.3230,inf
3UU7,decoy242,2OH_redock_3UU7,0.7075,4.8275,inf
3UU7,decoy68,2OH_redock_3UU7,0.7068,4.6514,inf
3UU7,53-45-2_min,2OH_redock_3UU7,0.7049,4.8254,inf
3UU7,5108-94-1_min,2OH_redock_3UU7,0.7042,5.5532,inf
3UU7,571-22-2_min,2OH_redock_3UU7,0.7030,5.3193,inf
3UU7,decoy275,2OH_redock_3UU7,0.7007,4.6941,inf
3UU7,decoy199,2OH_redock_3UU7,0.7002,4.9620,inf
3UU7,decoy400,2OH_redock_3UU7,0.6994,5.1642,inf
3UU7,7773-34-4_min,2OH_redock_3UU7,0.6989,5.1377,inf
3UU7,decoy85,2OH_redock_3UU7,0.6973,5.0086,inf
3UU7,decoy251,2OH_redock_3UU7,0.6973,4.7349,inf
3UU7,decoy210,2OH_redock_3UU7,0.6912,5.3785,inf
3UU7,decoy231,2OH_redock_3UU7,0.6898,5.1944,inf
3UU7,140-10-3_min,2OH_redock_3UU7,0.6855,3.1919,inf
3UU7,131-57-7_min,2OH_redock_3UU7,0.6852,4.0627,inf
3UU7,481-30-1_min,2OH_redock_3UU7,0.6825,5.0794,inf
3UU7,decoy260,2OH_redock_3UU7,0.6783,4.9047,inf
3UU7,decoy5,2OH_redock_3UU7,0.6779,4.9755,inf
3UU7,decoy216,2OH_redock_3UU7,0.6764,5.0791,inf
3UU7,decoy175,2OH_redock_3UU7,0.6763,4.2162,inf
3UU7,decoy415,2OH_redock_3UU7,0.6759,4.4054,inf
3UU7,decoy250,2OH_redock_3UU7,0.6758,3.9708,inf
3UU7,decoy227,2OH_redock_3UU7,0.6751,4.7850,inf
3UU7,15372-34-6_min,2OH_redock_3UU7,0.6744,4.8884,inf
3UU7,decoy19,2OH_redock_3UU7,0.6738,4.3069,inf
3UU7,decoy267,2OH_redock_3UU7,0.6728,4.3677,inf
3UU7,decoy148,2OH_redock_3UU7,0.6715,4.3218,inf
3UU7,decoy297,2OH_redock_3UU7,0.6707,4.0197,inf
3UU7,2050-68-2_min,2OH_redock_3UU7,0.6699,3.7115,inf
3UU7,decoy282,2OH_redock_3UU7,0.6684,4.4129,inf
3UU7,50-22-6_min,2OH_redock_3UU7,0.6683,5.0182,inf
3UU7,decoy22,2OH_redock_3UU7,0.6680,4.0388,inf
3UU7,decoy193,2OH_redock_3UU7,0.6663,4.7483,inf
3UU7,decoy26,2OH_redock_3UU7,0.6660,4.5746,inf
3UU7,decoy62,2OH_redock_3UU7,0.6658,3.9870,inf
3UU7,decoy314,2OH_redock_3UU7,0.6632,4.6060,inf
3UU7,decoy93,2OH_redock_3UU7,0.6623,4.0029,inf
3UU7,decoy281,2OH_redock_3UU7,0.6619,4.4072,inf
3UU7,decoy272,2OH_redock_3UU7,0.6612,3.8599,inf
3UU7,decoy420,2OH_redock_3UU7,0.6601,4.7039,inf
3UU7,decoy171,2OH_redock_3UU7,0.6584,4.0491,inf
3UU7,143-50-0_min,2OH_redock_3UU7,0.6573,5.5104,inf
3UU7,decoy258,2OH_redock_3UU7,0.6566,4.6099,inf
3UU7,decoy408,2OH_redock_3UU7,0.6559,4.9285,inf
3UU7,decoy10,2OH_redock_3UU7,0.6545,4.6522,inf
3UU7,decoy298,2OH_redock_3UU7,0.6542,3.9469,inf
3UU7,decoy291,2OH_redock_3UU7,0.6530,4.2869,inf
3UU7,decoy287,2OH_redock_3UU7,0.6525,3.7898,inf
3UU7,decoy232,2OH_redock_3UU7,0.6522,4.5227,inf
3UU7,decoy428,2OH_redock_3UU7,0.6511,4.2445,inf
3UU7,decoy411,2OH_redock_3UU7,0.6503,4.5508,inf
3UU7,25154-52-3_min,2OH_redock_3UU7,0.6495,4.3259,inf
3UU7,decoy67,2OH_redock_3UU7,0.6477,3.8824,inf
3UU7,decoy63,2OH_redock_3UU7,0.6454,4.0376,inf
3UU7,decoy159,2OH_redock_3UU7,0.6448,4.7564,inf
3UU7,decoy144,2OH_redock_3UU7,0.6410,4.7049,inf
3UU7,decoy396,2OH_redock_3UU7,0.6367,4.3893,inf
3UU7,decoy162,2OH_redock_3UU7,0.6353,3.8911,inf
3UU7,decoy212,2OH_redock_3UU7,0.6351,4.2223,inf
3UU7,decoy223,2OH_redock_3UU7,0.6345,4.3935,inf
3UU7,decoy118,2OH_redock_3UU7,0.6340,4.5943,inf
3UU7,decoy290,2OH_redock_3UU7,0.6337,3.8397,inf
3UU7,decoy215,2OH_redock_3UU7,0.6334,4.1957,inf
3UU7,decoy50,2OH_redock_3UU7,0.6322,4.4737,inf
3UU7,decoy361,2OH_redock_3UU7,0.6322,4.8022,inf
3UU7,121-33-5_min,2OH_redock_3UU7,0.6291,2.8227,inf
3UU7,decoy194,2OH_redock_3UU7,0.6264,4.4400,inf
3UU7,207-13-4_min,2OH_redock_3UU7,0.6243,3.6757,inf
3UU7,decoy382,2OH_redock_3UU7,0.6235,4.5936,inf
3UU7,decoy208,2OH_redock_3UU7,0.6223,3.8637,inf
3UU7,decoy320,2OH_redock_3UU7,0.6216,4.4664,inf
3UU7,decoy413,2OH_redock_3UU7,0.6213,3.3186,inf
3UU7,decoy381,2OH_redock_3UU7,0.6208,4.3073,inf
3UU7,decoy316,2OH_redock_3UU7,0.6207,4.8124,inf
3UU7,decoy42,2OH_redock_3UU7,0.6205,4.2222,inf
3UU7,decoy374,2OH_redock_3UU7,0.6204,4.1245,inf
3UU7,decoy75,2OH_redock_3UU7,0.6199,4.3108,inf
3UU7,decoy384,2OH_redock_3UU7,0.6197,4.3590,inf
3UU7,decoy261,2OH_redock_3UU7,0.6192,4.2358,inf
3UU7,decoy326,2OH_redock_3UU7,0.6183,4.8531,inf
3UU7,decoy220,2OH_redock_3UU7,0.6173,4.4104,inf
3UU7,decoy422,2OH_redock_3UU7,0.6164,4.3386,inf
3UU7,decoy195,2OH_redock_3UU7,0.6151,4.3576,inf
3UU7,decoy226,2OH_redock_3UU7,0.6144,4.3244,inf
3UU7,decoy311,2OH_redock_3UU7,0.6144,4.2994,inf
3UU7,decoy409,2OH_redock_3UU7,0.6143,4.5738,inf
3UU7,decoy305,2OH_redock_3UU7,0.6135,4.6706,inf
3UU7,decoy30,2OH_redock_3UU7,0.6134,4.1541,inf
3UU7,decoy318,2OH_redock_3UU7,0.6131,4.5463,inf
3UU7,EE2_min,2OH_redock_3UU7,0.6127,4.7404,inf
3UU7,57-63-6_min,2OH_redock_3UU7,0.6127,4.7404,inf
3UU7,decoy114,2OH_redock_3UU7,0.6127,4.6996,inf
3UU7,decoy32,2OH_redock_3UU7,0.6126,4.2523,inf
3UU7,decoy347,2OH_redock_3UU7,0.6115,4.0185,inf
3UU7,decoy357,2OH_redock_3UU7,0.6101,3.6181,inf
3UU7,decoy140,2OH_redock_3UU7,0.6065,4.6962,inf
3UU7,decoy106,2OH_redock_3UU7,0.6047,4.0907,inf
3UU7,decoy131,2OH_redock_3UU7,0.6043,3.8483,inf
3UU7,Caffeine_min,2OH_redock_3UU7,0.6038,3.1630,inf
3UU7,decoy407,2OH_redock_3UU7,0.6028,4.2833,inf
3UU7,decoy222,2OH_redock_3UU7,0.6019,4.0704,inf
3UU7,decoy70,2OH_redock_3UU7,0.5996,3.8108,inf
3UU7,decoy84,2OH_redock_3UU7,0.5993,4.1143,inf
3UU7,decoy234,2OH_redock_3UU7,0.5985,4.3566,inf
3UU7,decoy134,2OH_redock_3UU7,0.5960,3.8234,inf
3UU7,decoy24,2OH_redock_3UU7,0.5951,4.2098,inf
3UU7,decoy105,2OH_redock_3UU7,0.5946,3.7373,inf
3UU7,decoy302,2OH_redock_3UU7,0.5944,3.8620,inf
3UU7,115-86-6_min,2OH_redock_3UU7,0.5927,3.7395,inf
3UU7,115-29-7_min,2OH_redock_3UU7,0.5916,4.1522,inf
3UU7,decoy429,2OH_redock_3UU7,0.5901,4.1952,inf
3UU7,decoy392,2OH_redock_3UU7,0.5899,3.9077,inf
3UU7,decoy3,2OH_redock_3UU7,0.5899,3.6250,inf
3UU7,57-88-5_min,2OH_redock_3UU7,0.5887,4.7332,inf
3UU7,decoy160,2OH_redock_3UU7,0.5875,4.3024,inf
3UU7,decoy336,2OH_redock_3UU7,0.5839,4.3015,inf
3UU7,decoy304,2OH_redock_3UU7,0.5830,3.8569,inf
3UU7,decoy427,2OH_redock_3UU7,0.5828,4.0060,inf
3UU7,decoy56,2OH_redock_3UU7,0.5828,2.9211,inf
3UU7,decoy44,2OH_redock_3UU7,0.5807,3.7990,inf
3UU7,72-33-3_min,2OH_redock_3UU7,0.5783,4.4925,inf
3UU7,decoy83,2OH_redock_3UU7,0.5771,4.3488,inf
3UU7,decoy57,2OH_redock_3UU7,0.5738,4.2321,inf
3UU7,decoy38,2OH_redock_3UU7,0.5734,3.1700,inf
3UU7,decoy230,2OH_redock_3UU7,0.5732,3.5452,inf
3UU7,decoy235,2OH_redock_3UU7,0.5731,4.0047,inf
3UU7,decoy16,2OH_redock_3UU7,0.5693,4.1252,inf
3UU7,decoy7,2OH_redock_3UU7,0.5680,4.0959,inf
3UU7,decoy271,2OH_redock_3UU7,0.5677,4.1569,inf
3UU7,decoy43,2OH_redock_3UU7,0.5672,3.5154,inf
3UU7,decoy52,2OH_redock_3UU7,0.5661,3.6523,inf
3UU7,decoy328,2OH_redock_3UU7,0.5648,4.2075,inf
3UU7,decoy55,2OH_redock_3UU7,0.5640,4.1876,inf
3UU7,decoy125,2OH_redock_3UU7,0.5631,3.5017,inf
3UU7,decoy403,2OH_redock_3UU7,0.5629,3.4925,inf
3UU7,decoy41,2OH_redock_3UU7,0.5617,3.6017,inf
3UU7,decoy421,2OH_redock_3UU7,0.5615,3.1353,inf
3UU7,decoy157,2OH_redock_3UU7,0.5613,4.0572,inf
3UU7,decoy116,2OH_redock_3UU7,0.5604,3.8488,inf
3UU7,decoy300,2OH_redock_3UU7,0.5593,4.0974,inf
3UU7,decoy141,2OH_redock_3UU7,0.5578,3.5508,inf
3UU7,decoy163,2OH_redock_3UU7,0.5564,4.0595,inf
3UU7,decoy308,2OH_redock_3UU7,0.5555,3.7513,inf
3UU7,decoy176,2OH_redock_3UU7,0.5551,4.0670,inf
3UU7,decoy37,2OH_redock_3UU7,0.5535,3.3481,inf
3UU7,decoy342,2OH_redock_3UU7,0.5494,4.0695,inf
3UU7,decoy51,2OH_redock_3UU7,0.5482,3.6491,inf
3UU7,decoy8,2OH_redock_3UU7,0.5475,3.6434,inf
3UU7,decoy344,2OH_redock_3UU7,0.5473,3.9913,inf
3UU7,decoy262,2OH_redock_3UU7,0.5453,2.9439,inf
3UU7,decoy9,2OH_redock_3UU7,0.5441,3.7839,inf
3UU7,decoy414,2OH_redock_3UU7,0.5434,3.8513,inf
3UU7,decoy203,2OH_redock_3UU7,0.5431,3.5191,inf
3UU7,decoy101,2OH_redock_3UU7,0.5413,3.5643,inf
3UU7,decoy399,2OH_redock_3UU7,0.5388,3.6330,inf
3UU7,decoy353,2OH_redock_3UU7,0.5379,3.8611,inf
3UU7,decoy228,2OH_redock_3UU7,0.5374,3.5892,inf
3UU7,decoy221,2OH_redock_3UU7,0.5354,3.3890,inf
3UU7,decoy111,2OH_redock_3UU7,0.5332,3.5556,inf
3UU7,decoy100,2OH_redock_3UU7,0.5319,3.4800,inf
3UU7,decoy4,2OH_redock_3UU7,0.5310,3.5235,inf
3UU7,decoy356,2OH_redock_3UU7,0.5307,3.3971,inf
3UU7,decoy200,2OH_redock_3UU7,0.5287,3.0193,inf
3UU7,decoy294,2OH_redock_3UU7,0.5285,3.1212,inf
3UU7,decoy109,2OH_redock_3UU7,0.5279,3.8335,inf
3UU7,decoy107,2OH_redock_3UU7,0.5273,3.9170,inf
3UU7,decoy104,2OH_redock_3UU7,0.5265,3.5657,inf
3UU7,decoy172,2OH_redock_3UU7,0.5259,3.6270,inf
3UU7,decoy387,2OH_redock_3UU7,0.5256,3.2372,inf
3UU7,decoy135,2OH_redock_3UU7,0.5249,3.8021,inf
3UU7,decoy31,2OH_redock_3UU7,0.5244,3.3494,inf
3UU7,decoy398,2OH_redock_3UU7,0.5238,3.0283,inf
3UU7,decoy11,2OH_redock_3UU7,0.5217,3.5229,inf
3UU7,decoy379,2OH_redock_3UU7,0.5213,3.8637,inf
3UU7,decoy117,2OH_redock_3UU7,0.5184,3.3965,inf
3UU7,decoy79,2OH_redock_3UU7,0.5180,3.1172,inf
3UU7,decoy335,2OH_redock_3UU7,0.5163,3.8464,inf
3UU7,decoy72,2OH_redock_3UU7,0.5160,3.9929,inf
3UU7,decoy108,2OH_redock_3UU7,0.5149,3.3832,inf
3UU7,decoy196,2OH_redock_3UU7,0.5146,3.4867,inf
3UU7,decoy364,2OH_redock_3UU7,0.5117,3.2235,inf
3UU7,decoy179,2OH_redock_3UU7,0.5115,3.6267,inf
3UU7,decoy338,2OH_redock_3UU7,0.5107,3.4031,inf
3UU7,decoy233,2OH_redock_3UU7,0.5105,3.3566,inf
3UU7,decoy95,2OH_redock_3UU7,0.5095,3.3403,inf
3UU7,decoy292,2OH_redock_3UU7,0.5084,3.4244,inf
3UU7,decoy86,2OH_redock_3UU7,0.5078,3.3530,inf
3UU7,decoy299,2OH_redock_3UU7,0.5065,3.5385,inf
3UU7,decoy102,2OH_redock_3UU7,0.5038,3.4643,inf
3UU7,decoy103,2OH_redock_3UU7,0.5011,3.4688,inf
3UU7,decoy69,2OH_redock_3UU7,0.4994,3.2988,inf
3UU7,Melatonin_min,2OH_redock_3UU7,0.4993,3.3154,inf
3UU7,decoy237,2OH_redock_3UU7,0.4959,3.3771,inf
3UU7,decoy373,2OH_redock_3UU7,0.4947,2.8295,inf
3UU7,68-23-5_min,2OH_redock_3UU7,0.4946,3.6273,inf
3UU7,decoy389,2OH_redock_3UU7,0.4929,3.4720,inf
3UU7,decoy337,2OH_redock_3UU7,0.4929,3.5535,inf
3UU7,decoy40,2OH_redock_3UU7,0.4921,3.4479,inf
3UU7,decoy2,2OH_redock_3UU7,0.4917,3.0666,inf
3UU7,decoy82,2OH_redock_3UU7,0.4909,3.3881,inf
3UU7,decoy224,2OH_redock_3UU7,0.4908,3.0760,inf
3UU7,decoy145,2OH_redock_3UU7,0.4900,3.4513,inf
3UU7,decoy289,2OH_redock_3UU7,0.4881,3.3582,inf
3UU7,decoy80,2OH_redock_3UU7,0.4862,3.4510,inf
3UU7,decoy128,2OH_redock_3UU7,0.4851,3.2912,inf
3UU7,decoy64,2OH_redock_3UU7,0.4847,3.2568,inf
3UU7,decoy59,2OH_redock_3UU7,0.4845,3.2814,inf
3UU7,decoy350,2OH_redock_3UU7,0.4822,2.9542,inf
3UU7,decoy170,2OH_redock_3UU7,0.4817,3.3068,inf
3UU7,decoy132,2OH_redock_3UU7,0.4795,3.3551,inf
3UU7,decoy201,2OH_redock_3UU7,0.4789,3.0089,inf
3UU7,decoy430,2OH_redock_3UU7,0.4789,3.1243,inf
3UU7,decoy147,2OH_redock_3UU7,0.4744,3.2136,inf
3UU7,decoy53,2OH_redock_3UU7,0.4742,3.1918,inf
3UU7,decoy252,2OH_redock_3UU7,0.4733,2.9010,inf
3UU7,decoy406,2OH_redock_3UU7,0.4731,3.4627,inf
3UU7,decoy120,2OH_redock_3UU7,0.4727,3.2372,inf
3UU7,decoy97,2OH_redock_3UU7,0.4708,2.9948,inf
3UU7,decoy367,2OH_redock_3UU7,0.4701,3.4242,inf
3UU7,decoy246,2OH_redock_3UU7,0.4699,3.2880,inf
3UU7,decoy217,2OH_redock_3UU7,0.4696,3.1654,inf
3UU7,decoy138,2OH_redock_3UU7,0.4678,3.2222,inf
3UU7,decoy146,2OH_redock_3UU7,0.4629,3.3094,inf
3UU7,decoy315,2OH_redock_3UU7,0.4613,3.1617,inf
3UU7,decoy386,2OH_redock_3UU7,0.4606,3.1007,inf
3UU7,decoy158,2OH_redock_3UU7,0.4606,2.7515,inf
3UU7,decoy241,2OH_redock_3UU7,0.4604,3.0565,inf
3UU7,decoy124,2OH_redock_3UU7,0.4602,2.8259,inf
3UU7,decoy418,2OH_redock_3UU7,0.4600,3.2682,inf
3UU7,decoy209,2OH_redock_3UU7,0.4599,2.8576,inf
3UU7,27J_min,2OH_redock_3UU7,0.4592,3.0779,inf
3UU7,decoy404,2OH_redock_3UU7,0.4585,3.0554,inf
3UU7,decoy349,2OH_redock_3UU7,0.4576,3.1630,inf
3UU7,decoy39,2OH_redock_3UU7,0.4563,3.2980,inf
3UU7,decoy354,2OH_redock_3UU7,0.4553,2.9600,inf
3UU7,decoy77,2OH_redock_3UU7,0.4539,3.0935,inf
3UU7,decoy273,2OH_redock_3UU7,0.4488,3.2808,inf
3UU7,decoy370,2OH_redock_3UU7,0.4488,2.9009,inf
3UU7,decoy33,2OH_redock_3UU7,0.4482,3.1329,inf
3UU7,decoy285,2OH_redock_3UU7,0.4440,3.1465,inf
3UU7,decoy74,2OH_redock_3UU7,0.4435,3.1850,inf
3UU7,decoy286,2OH_redock_3UU7,0.4429,2.9469,inf
3UU7,decoy348,2OH_redock_3UU7,0.4423,2.8840,inf
3UU7,decoy192,2OH_redock_3UU7,0.4418,2.9940,inf
3UU7,decoy219,2OH_redock_3UU7,0.4410,3.1131,inf
3UU7,decoy284,2OH_redock_3UU7,0.4397,3.0644,inf
3UU7,decoy313,2OH_redock_3UU7,0.4365,3.3560,inf
3UU7,decoy423,2OH_redock_3UU7,0.4349,3.0368,inf
3UU7,decoy119,2OH_redock_3UU7,0.4349,2.5916,inf
3UU7,decoy303,2OH_redock_3UU7,0.4340,2.8743,inf
3UU7,decoy139,2OH_redock_3UU7,0.4339,3.0198,inf
3UU7,decoy360,2OH_redock_3UU7,0.4336,2.8816,inf
3UU7,decoy264,2OH_redock_3UU7,0.4328,3.0769,inf
3UU7,decoy412,2OH_redock_3UU7,0.4320,3.1040,inf
3UU7,decoy115,2OH_redock_3UU7,0.4277,3.1225,inf
3UU7,decoy205,2OH_redock_3UU7,0.4269,2.6240,inf
3UU7,decoy247,2OH_redock_3UU7,0.4264,2.8436,inf
3UU7,decoy322,2OH_redock_3UU7,0.4260,2.9225,inf
3UU7,decoy332,2OH_redock_3UU7,0.4238,3.0159,inf
3UU7,decoy355,2OH_redock_3UU7,0.4232,2.8080,inf
3UU7,decoy129,2OH_redock_3UU7,0.4181,2.4360,inf
3UU7,decoy65,2OH_redock_3UU7,0.4179,2.8036,inf
3UU7,decoy113,2OH_redock_3UU7,0.4178,2.8198,inf
3UU7,decoy143,2OH_redock_3UU7,0.4172,2.8123,inf
3UU7,decoy66,2OH_redock_3UU7,0.4166,2.1845,inf
3UU7,decoy14,2OH_redock_3UU7,0.4132,2.9095,inf
3UU7,decoy390,2OH_redock_3UU7,0.4126,3.1186,inf
3UU7,decoy47,2OH_redock_3UU7,0.4120,2.7397,inf
3UU7,decoy218,2OH_redock_3UU7,0.4109,2.9809,inf
3UU7,decoy339,2OH_redock_3UU7,0.4097,2.7032,inf
3UU7,decoy126,2OH_redock_3UU7,0.4094,2.3416,inf
3UU7,decoy46,2OH_redock_3UU7,0.4093,2.6247,inf
3UU7,decoy177,2OH_redock_3UU7,0.4075,2.7098,inf
3UU7,1845-11-0_min,2OH_redock_3UU7,0.4063,3.0658,inf
3UU7,decoy182,2OH_redock_3UU7,0.4056,2.6183,inf
3UU7,decoy380,2OH_redock_3UU7,0.4030,2.3636,inf
3UU7,decoy395,2OH_redock_3UU7,0.4029,2.3431,inf
3UU7,decoy164,2OH_redock_3UU7,0.4005,2.6425,inf
3UU7,decoy352,2OH_redock_3UU7,0.4004,2.9120,inf
3UU7,decoy20,2OH_redock_3UU7,0.3991,2.7380,inf
3UU7,decoy334,2OH_redock_3UU7,0.3985,2.9504,inf
3UU7,decoy73,2OH_redock_3UU7,0.3985,2.1896,inf
3UU7,decoy327,2OH_redock_3UU7,0.3984,2.7434,inf
3UU7,decoy426,2OH_redock_3UU7,0.3975,2.7957,inf
3UU7,decoy402,2OH_redock_3UU7,0.3961,2.5933,inf
3UU7,decoy301,2OH_redock_3UU7,0.3956,3.0255,inf
3UU7,decoy89,2OH_redock_3UU7,0.3932,2.3051,inf
3UU7,decoy276,2OH_redock_3UU7,0.3930,2.5045,inf
3UU7,decoy425,2OH_redock_3UU7,0.3902,2.6590,inf
3UU7,decoy362,2OH_redock_3UU7,0.3900,2.7534,inf
3UU7,decoy391,2OH_redock_3UU7,0.3897,2.5164,inf
3UU7,decoy377,2OH_redock_3UU7,0.3872,2.4952,inf
3UU7,decoy432,2OH_redock_3UU7,0.3852,2.6660,inf
3UU7,decoy295,2OH_redock_3UU7,0.3844,2.4994,inf
3UU7,decoy283,2OH_redock_3UU7,0.3837,2.2756,inf
3UU7,83-46-5_min,2OH_redock_3UU7,0.3822,3.1211,inf
3UU7,decoy225,2OH_redock_3UU7,0.3795,2.6037,inf
3UU7,decoy238,2OH_redock_3UU7,0.3771,2.7716,inf
3UU7,decoy152,2OH_redock_3UU7,0.3732,2.2520,inf
3UU7,decoy88,2OH_redock_3UU7,0.3727,2.3365,inf
3UU7,decoy25,2OH_redock_3UU7,0.3727,2.7075,inf
3UU7,decoy385,2OH_redock_3UU7,0.3722,2.6772,inf
3UU7,decoy278,2OH_redock_3UU7,0.3712,2.5476,inf
3UU7,decoy341,2OH_redock_3UU7,0.3705,2.6023,inf
3UU7,decoy383,2OH_redock_3UU7,0.3666,2.3349,inf
3UU7,decoy324,2OH_redock_3UU7,0.3661,2.3388,inf
3UU7,decoy371,2OH_redock_3UU7,0.3635,2.0305,inf
3UU7,decoy98,2OH_redock_3UU7,0.3624,2.4282,inf
3UU7,decoy137,2OH_redock_3UU7,0.3620,2.6318,inf
3UU7,decoy136,2OH_redock_3UU7,0.3613,2.6774,inf
3UU7,decoy91,2OH_redock_3UU7,0.3611,2.6145,inf
3UU7,decoy248,2OH_redock_3UU7,0.3593,2.3119,inf
3UU7,decoy340,2OH_redock_3UU7,0.3576,2.6772,inf
3UU7,decoy293,2OH_redock_3UU7,0.3572,2.4963,inf
3UU7,decoy277,2OH_redock_3UU7,0.3559,2.5227,inf
3UU7,decoy167,2OH_redock_3UU7,0.3545,2.4808,inf
3UU7,decoy372,2OH_redock_3UU7,0.3543,2.4006,inf
3UU7,decoy181,2OH_redock_3UU7,0.3535,2.3506,inf
3UU7,decoy358,2OH_redock_3UU7,0.3512,2.0739,inf
3UU7,decoy229,2OH_redock_3UU7,0.3465,2.3381,inf
3UU7,decoy110,2OH_redock_3UU7,0.3462,2.1851,inf
3UU7,decoy296,2OH_redock_3UU7,0.3407,2.2741,inf
3UU7,decoy378,2OH_redock_3UU7,0.3397,2.2363,inf
3UU7,decoy270,2OH_redock_3UU7,0.3389,2.2748,inf
3UU7,decoy12,2OH_redock_3UU7,0.3351,2.3530,inf
3UU7,decoy333,2OH_redock_3UU7,0.3338,2.1339,inf
3UU7,decoy433,2OH_redock_3UU7,0.3309,2.1663,inf
3UU7,decoy149,2OH_redock_3UU7,0.3303,2.0974,inf
3UU7,decoy256,2OH_redock_3UU7,0.3246,1.8788,inf
3UU7,decoy424,2OH_redock_3UU7,0.3221,1.8458,inf
3UU7,decoy122,2OH_redock_3UU7,0.3183,2.1571,inf
3UU7,decoy133,2OH_redock_3UU7,0.3175,2.0792,inf
3UU7,decoy188,2OH_redock_3UU7,0.3146,2.0839,inf
3UU7,decoy254,2OH_redock_3UU7,0.3113,1.8929,inf
3UU7,decoy207,2OH_redock_3UU7,0.3057,1.7240,inf
3UU7,decoy310,2OH_redock_3UU7,0.3039,2.2141,inf
3UU7,decoy17,2OH_redock_3UU7,0.2975,1.8647,inf
3UU7,decoy142,2OH_redock_3UU7,0.2960,2.0207,inf
3UU7,decoy346,2OH_redock_3UU7,0.2916,1.9513,inf
3UU7,decoy401,2OH_redock_3UU7,0.2912,1.8890,inf
3UU7,decoy214,2OH_redock_3UU7,0.2885,2.0345,inf
3UU7,decoy366,2OH_redock_3UU7,0.2820,1.5835,inf
3UU7,decoy202,2OH_redock_3UU7,0.2729,1.7102,inf
3UU7,decoy365,2OH_redock_3UU7,0.2568,1.7133,inf
3UU7,decoy323,2OH_redock_3UU7,0.2520,1.7079,inf
3UU7,decoy198,2OH_redock_3UU7,0.2513,1.7849,inf
3UU7,decoy127,2OH_redock_3UU7,0.2444,1.6493,inf
3UU7,decoy161,2OH_redock_3UU7,0.2437,1.3935,inf
3UU7,decoy96,2OH_redock_3UU7,0.2363,1.4877,inf
3UU7,50-02-2_min,2OH_redock_3UU7,0.2310,1.6862,inf
3UU7,decoy35,2OH_redock_3UU7,0.2277,1.4422,inf
3UU7,decoy343,2OH_redock_3UU7,0.2188,1.5337,inf
3UU7,decoy211,2OH_redock_3UU7,0.2157,1.3373,inf
3UU7,decoy369,2OH_redock_3UU7,0.2030,1.3502,inf
3UU7,decoy321,2OH_redock_3UU7,0.1782,1.2870,inf
3UU7,decoy58,2OH_redock_3UU7,0.1715,1.1303,inf
3UUD,53-16-7_min,EST_redock_3UUD,0.9910,7.9487,0.6762
3UUD,474-86-2_min,EST_redock_3UUD,0.9880,7.9237,0.7848
3UUD,EST_min,EST_redock_3UUD,0.9860,8.0865,0.6127
3UUD,50-28-2_min,EST_redock_3UUD,0.9860,8.0865,0.6127
3UUD,67651-34-7_min,EST_redock_3UUD,0.9853,8.0289,inf
3UUD,50-27-1_min,EST_redock_3UUD,0.9838,8.1722,0.3222
3UUD,3601-97-6_min,EST_redock_3UUD,0.9838,8.0153,inf
3UUD,57-91-0_min,EST_redock_3UUD,0.9814,7.9788,0.6730
3UUD,53-63-4_min,EST_redock_3UUD,0.9753,7.6183,inf
3UUD,53-45-2_min,EST_redock_3UUD,0.9738,7.1219,inf
3UUD,decoy78,EST_redock_3UUD,0.9695,7.2709,inf
3UUD,1229-24-9_min,EST_redock_3UUD,0.9668,7.8793,0.3836
3UUD,65118-81-2_min,EST_redock_3UUD,0.9642,7.1547,inf
3UUD,84-16-2_min,EST_redock_3UUD,0.9631,7.9807,inf
3UUD,362-05-0_min,EST_redock_3UUD,0.9584,7.5353,0.5940
3UUD,5976-61-4_min,EST_redock_3UUD,0.9582,7.7376,0.4087
3UUD,2529-64-8_min,EST_redock_3UUD,0.9550,7.1780,inf
3UUD,140-66-9_min,EST_redock_3UUD,0.9531,6.7656,inf
3UUD,27L_min,EST_redock_3UUD,0.9531,6.7656,inf
3UUD,571-20-0_min,EST_redock_3UUD,0.9458,7.8920,0.4538
3UUD,decoy417,EST_redock_3UUD,0.9452,6.6708,inf
3UUD,53905-28-5_min,EST_redock_3UUD,0.9423,6.8362,inf
3UUD,5153-25-3_min,EST_redock_3UUD,0.9399,6.5448,inf
3UUD,56-53-1_min,EST_redock_3UUD,0.9387,7.6332,inf
3UUD,2971-36-0_min,EST_redock_3UUD,0.9383,7.1693,inf
3UUD,521-18-6_min,EST_redock_3UUD,0.9378,7.4401,0.5579
3UUD,decoy368,EST_redock_3UUD,0.9378,7.0465,inf
3UUD,53-19-0_min,EST_redock_3UUD,0.9366,6.9304,inf
3UUD,104-43-8_min,EST_redock_3UUD,0.9365,7.3428,inf
3UUD,decoy245,EST_redock_3UUD,0.9362,7.5824,inf
3UUD,DES_min,EST_redock_3UUD,0.9355,7.6801,inf
3UUD,decoy166,EST_redock_3UUD,0.9272,7.4974,inf
3UUD,84-17-3_min,EST_redock_3UUD,0.9272,7.6365,inf
3UUD,1085-12-7_min,EST_redock_3UUD,0.9265,6.2709,inf
3UUD,120-47-8_min,EST_redock_3UUD,0.9246,5.0532,inf
3UUD,599-64-4_min,EST_redock_3UUD,0.9243,6.4097,inf
3UUD,28034-99-3_min,EST_redock_3UUD,0.9234,6.1719,inf
3UUD,34816-55-2_min,EST_redock_3UUD,0.9219,7.5007,0.8700
3UUD,6554-98-9_min,EST_redock_3UUD,0.9215,6.4524,inf
3UUD,1806-26-4_min,EST_redock_3UUD,0.9201,6.4964,inf
3UUD,94-13-3_min,EST_redock_3UUD,0.9145,5.4141,inf
3UUD,80-46-6_min,EST_redock_3UUD,0.9091,5.9785,inf
3UUD,decoy123,EST_redock_3UUD,0.9065,7.1995,inf
3UUD,58-22-0_min,EST_redock_3UUD,0.9060,7.1973,0.6182
3UUD,Testosterone_min,EST_redock_3UUD,0.9060,7.1973,0.6182
3UUD,98-54-4_min,EST_redock_3UUD,0.9050,5.7734,inf
3UUD,decoy312,EST_redock_3UUD,0.9034,7.5160,inf
3UUD,789-02-6_min,EST_redock_3UUD,0.9026,6.5610,inf
3UUD,94-26-8_min,EST_redock_3UUD,0.9022,5.5505,inf
3UUD,27K_min,EST_redock_3UUD,0.9022,5.5505,inf
3UUD,decoy253,EST_redock_3UUD,0.9007,6.0544,inf
3UUD,99-71-8_min,EST_redock_3UUD,0.9006,5.6033,inf
3UUD,131-56-6_min,EST_redock_3UUD,0.9006,5.3401,inf
3UUD,659-22-3_min,EST_redock_3UUD,0.9000,6.6240,inf
3UUD,84-74-2_min,EST_redock_3UUD,0.8998,4.5636,inf
3UUD,decoy190,EST_redock_3UUD,0.8993,6.8318,inf
3UUD,28463-03-8_min,EST_redock_3UUD,0.8987,6.9509,inf
3UUD,decoy13,EST_redock_3UUD,0.8986,6.4065,inf
3UUD,94-18-8_min,EST_redock_3UUD,0.8948,6.0403,inf
3UUD,5394-98-9_min,EST_redock_3UUD,0.8934,5.7847,inf
3UUD,decoy331,EST_redock_3UUD,0.8922,7.3467,inf
3UUD,84-69-5_min,EST_redock_3UUD,0.8919,4.5792,inf
3UUD,13037-86-0_min,EST_redock_3UUD,0.8916,6.0942,inf
3UUD,decoy397,EST_redock_3UUD,0.8909,6.5036,inf
3UUD,decoy72,EST_redock_3UUD,0.8903,7.2872,inf
3UUD,218-01-9_min,EST_redock_3UUD,0.8901,5.6337,inf
3UUD,EE2_min,EST_redock_3UUD,0.8895,7.2912,0.8209
3UUD,103-16-2_min,EST_redock_3UUD,0.8895,5.5998,inf
3UUD,57-63-6_min,EST_redock_3UUD,0.8895,7.2912,0.8209
3UUD,123-07-9_min,EST_redock_3UUD,0.8890,4.8629,inf
3UUD,decoy206,EST_redock_3UUD,0.8871,6.0222,inf
3UUD,580-51-8_min,EST_redock_3UUD,0.8862,4.8241,inf
3UUD,decoy155,EST_redock_3UUD,0.8859,6.7265,inf
3UUD,59-50-7_min,EST_redock_3UUD,0.8834,4.2891,inf
3UUD,decoy410,EST_redock_3UUD,0.8816,5.9386,inf
3UUD,decoy269,EST_redock_3UUD,0.8816,6.2881,inf
3UUD,decoy336,EST_redock_3UUD,0.8806,6.8005,inf
3UUD,481-30-1_min,EST_redock_3UUD,0.8801,6.8414,0.7392
3UUD,decoy1,EST_redock_3UUD,0.8794,6.1350,inf
3UUD,99-76-3_min,EST_redock_3UUD,0.8794,4.7111,inf
3UUD,decoy174,EST_redock_3UUD,0.8793,6.2732,inf
3UUD,decoy168,EST_redock_3UUD,0.8788,6.6341,inf
3UUD,decoy244,EST_redock_3UUD,0.8773,6.5191,inf
3UUD,decoy60,EST_redock_3UUD,0.8771,5.6514,inf
3UUD,36J_min,EST_redock_3UUD,0.8735,6.0179,inf
3UUD,decoy21,EST_redock_3UUD,0.8727,6.0163,inf
3UUD,92-69-3_min,EST_redock_3UUD,0.8712,5.2559,inf
3UUD,decoy263,EST_redock_3UUD,0.8708,5.9358,inf
3UUD,decoy187,EST_redock_3UUD,0.8702,5.7594,inf
3UUD,decoy61,EST_redock_3UUD,0.8699,6.3124,inf
3UUD,243-17-4_min,EST_redock_3UUD,0.8699,5.4222,inf
3UUD,decoy71,EST_redock_3UUD,0.8682,6.2333,inf
3UUD,decoy48,EST_redock_3UUD,0.8676,5.8410,inf
3UUD,decoy268,EST_redock_3UUD,0.8665,5.8813,inf
3UUD,decoy153,EST_redock_3UUD,0.8661,6.3000,inf
3UUD,decoy185,EST_redock_3UUD,0.8642,6.3479,inf
3UUD,decoy29,EST_redock_3UUD,0.8628,5.7654,inf
3UUD,decoy243,EST_redock_3UUD,0.8605,6.0627,inf
3UUD,6052-84-2_min,EST_redock_3UUD,0.8604,5.8704,inf
3UUD,decoy265,EST_redock_3UUD,0.8597,6.1412,inf
3UUD,decoy173,EST_redock_3UUD,0.8558,6.1316,inf
3UUD,94-25-7_min,EST_redock_3UUD,0.8541,4.7736,inf
3UUD,decoy419,EST_redock_3UUD,0.8538,5.7636,inf
3UUD,92-04-6_min,EST_redock_3UUD,0.8537,4.8597,inf
3UUD,decoy280,EST_redock_3UUD,0.8531,6.0204,inf
3UUD,58-72-0_min,EST_redock_3UUD,0.8527,5.7512,inf
3UUD,72-54-8_min,EST_redock_3UUD,0.8508,5.9958,inf
3UUD,decoy81,EST_redock_3UUD,0.8499,6.1273,inf
3UUD,85-68-7_min,EST_redock_3UUD,0.8482,5.2605,inf
3UUD,decoy189,EST_redock_3UUD,0.8474,6.1010,inf
3UUD,500-38-9_min,EST_redock_3UUD,0.8469,6.1936,inf
3UUD,decoy128,EST_redock_3UUD,0.8463,5.9802,inf
3UUD,decoy434,EST_redock_3UUD,0.8458,5.8092,inf
3UUD,decoy259,EST_redock_3UUD,0.8449,6.0201,inf
3UUD,81-90-3_min,EST_redock_3UUD,0.8399,5.8856,inf
3UUD,decoy236,EST_redock_3UUD,0.8332,5.6290,inf
3UUD,decoy84,EST_redock_3UUD,0.8312,5.9892,inf
3UUD,decoy274,EST_redock_3UUD,0.8310,5.4113,inf
3UUD,decoy240,EST_redock_3UUD,0.8310,5.6259,inf
3UUD,1570-64-5_min,EST_redock_3UUD,0.8308,3.8080,inf
3UUD,decoy317,EST_redock_3UUD,0.8303,5.9476,inf
3UUD,1852-53-5_min,EST_redock_3UUD,0.8289,6.6456,0.9433
3UUD,decoy375,EST_redock_3UUD,0.8287,6.3243,inf
3UUD,77-40-7_min,EST_redock_3UUD,0.8275,5.8612,inf
3UUD,611-99-4_min,EST_redock_3UUD,0.8253,5.7144,inf
3UUD,15372-34-6_min,EST_redock_3UUD,0.8240,6.0109,inf
3UUD,decoy6,EST_redock_3UUD,0.8228,5.2628,inf
3UUD,75938-34-0_min,EST_redock_3UUD,0.8211,6.2666,inf
3UUD,decoy304,EST_redock_3UUD,0.8203,5.7446,inf
3UUD,decoy227,EST_redock_3UUD,0.8195,5.4820,inf
3UUD,decoy76,EST_redock_3UUD,0.8178,5.5271,inf
3UUD,97-54-1_min,EST_redock_3UUD,0.8176,4.3699,inf
3UUD,decoy184,EST_redock_3UUD,0.8165,5.8948,inf
3UUD,decoy183,EST_redock_3UUD,0.8147,5.4568,inf
3UUD,decoy431,EST_redock_3UUD,0.8127,6.2791,inf
3UUD,decoy160,EST_redock_3UUD,0.8115,6.0312,inf
3UUD,126-00-1_min,EST_redock_3UUD,0.8093,5.5256,inf
3UUD,27M_min,EST_redock_3UUD,0.8088,5.0044,inf
3UUD,25154-52-3_min,EST_redock_3UUD,0.8050,5.5624,inf
3UUD,decoy156,EST_redock_3UUD,0.8049,5.5578,inf
3UUD,decoy18,EST_redock_3UUD,0.8036,3.7978,inf
3UUD,decoy235,EST_redock_3UUD,0.8034,5.7091,inf
3UUD,decoy330,EST_redock_3UUD,0.8028,6.2076,inf
3UUD,decoy175,EST_redock_3UUD,0.8027,5.4780,inf
3UUD,2OH_min,EST_redock_3UUD,0.8026,5.7927,inf
3UUD,80-05-7_min,EST_redock_3UUD,0.8026,5.7927,inf
3UUD,decoy169,EST_redock_3UUD,0.8019,5.1392,inf
3UUD,decoy178,EST_redock_3UUD,0.8008,5.4377,inf
3UUD,decoy309,EST_redock_3UUD,0.7978,5.6716,inf
3UUD,decoy279,EST_redock_3UUD,0.7971,5.6669,inf
3UUD,decoy342,EST_redock_3UUD,0.7966,6.0938,inf
3UUD,603-45-2_min,EST_redock_3UUD,0.7956,6.0754,inf
3UUD,decoy305,EST_redock_3UUD,0.7947,6.0859,inf
3UUD,decoy186,EST_redock_3UUD,0.7946,5.7628,inf
3UUD,decoy416,EST_redock_3UUD,0.7941,4.9837,inf
3UUD,decoy291,EST_redock_3UUD,0.7940,5.3733,inf
3UUD,decoy62,EST_redock_3UUD,0.7915,5.0286,inf
3UUD,decoy63,EST_redock_3UUD,0.7911,5.0514,inf
3UUD,decoy231,EST_redock_3UUD,0.7906,5.9597,inf
3UUD,decoy87,EST_redock_3UUD,0.7906,5.3226,inf
3UUD,decoy54,EST_redock_3UUD,0.7904,5.6115,inf
3UUD,decoy257,EST_redock_3UUD,0.7899,6.0532,inf
3UUD,decoy85,EST_redock_3UUD,0.7835,5.7934,inf
3UUD,57-83-0_min,EST_redock_3UUD,0.7828,6.1989,inf
3UUD,decoy282,EST_redock_3UUD,0.7826,5.5284,inf
3UUD,decoy93,EST_redock_3UUD,0.7791,4.8964,inf
3UUD,decoy34,EST_redock_3UUD,0.7790,5.3779,inf
3UUD,58-89-9_min,EST_redock_3UUD,0.7768,4.8478,inf
3UUD,decoy23,EST_redock_3UUD,0.7765,5.0404,inf
3UUD,decoy121,EST_redock_3UUD,0.7755,5.3045,inf
3UUD,decoy345,EST_redock_3UUD,0.7744,5.9052,inf
3UUD,decoy213,EST_redock_3UUD,0.7740,5.6049,inf
3UUD,decoy230,EST_redock_3UUD,0.7688,4.8058,inf
3UUD,decoy171,EST_redock_3UUD,0.7686,4.7713,inf
3UUD,decoy180,EST_redock_3UUD,0.7683,5.2673,inf
3UUD,decoy99,EST_redock_3UUD,0.7672,5.8481,inf
3UUD,decoy249,EST_redock_3UUD,0.7652,4.8429,inf
3UUD,decoy428,EST_redock_3UUD,0.7618,5.3358,inf
3UUD,2050-68-2_min,EST_redock_3UUD,0.7616,4.3783,inf
3UUD,decoy4,EST_redock_3UUD,0.7607,5.1848,inf
3UUD,5108-94-1_min,EST_redock_3UUD,0.7590,6.0432,6.6054
3UUD,decoy258,EST_redock_3UUD,0.7585,5.4956,inf
3UUD,decoy90,EST_redock_3UUD,0.7578,5.6196,inf
3UUD,decoy59,EST_redock_3UUD,0.7568,5.1170,inf
3UUD,decoy288,EST_redock_3UUD,0.7553,5.4613,inf
3UUD,decoy154,EST_redock_3UUD,0.7550,5.1880,inf
3UUD,decoy204,EST_redock_3UUD,0.7546,5.3754,inf
3UUD,decoy314,EST_redock_3UUD,0.7517,5.0646,inf
3UUD,decoy92,EST_redock_3UUD,0.7516,5.4491,inf
3UUD,decoy239,EST_redock_3UUD,0.7511,5.0903,inf
3UUD,decoy381,EST_redock_3UUD,0.7509,5.4664,inf
3UUD,77-09-8_min,EST_redock_3UUD,0.7490,5.0515,inf
3UUD,decoy193,EST_redock_3UUD,0.7468,5.3990,inf
3UUD,decoy130,EST_redock_3UUD,0.7427,5.2300,inf
3UUD,72-43-5_min,EST_redock_3UUD,0.7412,5.4528,inf
3UUD,3434-79-5_min,EST_redock_3UUD,0.7394,5.8027,6.6074
3UUD,decoy411,EST_redock_3UUD,0.7371,4.7409,inf
3UUD,decoy111,EST_redock_3UUD,0.7354,4.7799,inf
3UUD,97-53-0_min,EST_redock_3UUD,0.7339,3.7612,inf
3UUD,7773-34-4_min,EST_redock_3UUD,0.7331,5.4685,inf
3UUD,decoy116,EST_redock_3UUD,0.7309,4.9431,inf
3UUD,decoy57,EST_redock_3UUD,0.7306,5.3966,inf
3UUD,decoy151,EST_redock_3UUD,0.7272,5.3281,inf
3UUD,decoy420,EST_redock_3UUD,0.7263,4.9605,inf
3UUD,decoy407,EST_redock_3UUD,0.7254,5.1919,inf
3UUD,decoy250,EST_redock_3UUD,0.7245,5.0008,inf
3UUD,decoy37,EST_redock_3UUD,0.7235,4.5292,inf
3UUD,decoy75,EST_redock_3UUD,0.7232,4.7640,inf
3UUD,decoy158,EST_redock_3UUD,0.7204,4.5590,inf
3UUD,decoy281,EST_redock_3UUD,0.7202,4.7994,inf
3UUD,decoy298,EST_redock_3UUD,0.7201,4.7846,inf
3UUD,decoy112,EST_redock_3UUD,0.7197,5.2840,inf
3UUD,80-09-1_min,EST_redock_3UUD,0.7194,4.7497,inf
3UUD,decoy357,EST_redock_3UUD,0.7150,4.2912,inf
3UUD,decoy9,EST_redock_3UUD,0.7130,5.4943,inf
3UUD,decoy212,EST_redock_3UUD,0.7119,4.9979,inf
3UUD,decoy393,EST_redock_3UUD,0.7114,4.5588,inf
3UUD,decoy132,EST_redock_3UUD,0.7078,5.1330,inf
3UUD,decoy3,EST_redock_3UUD,0.7070,4.4617,inf
3UUD,60-57-1_min,EST_redock_3UUD,0.7068,5.5418,inf
3UUD,50-29-3_min,EST_redock_3UUD,0.7064,5.0297,inf
3UUD,decoy28,EST_redock_3UUD,0.7044,5.4462,inf
3UUD,decoy203,EST_redock_3UUD,0.7042,4.8346,inf
3UUD,decoy363,EST_redock_3UUD,0.7029,5.5350,inf
3UUD,decoy267,EST_redock_3UUD,0.7006,4.8642,inf
3UUD,decoy335,EST_redock_3UUD,0.7003,5.1039,inf
3UUD,decoy124,EST_redock_3UUD,0.7000,4.7556,inf
3UUD,27J_min,EST_redock_3UUD,0.6996,4.7174,inf
3UUD,decoy221,EST_redock_3UUD,0.6974,4.6597,inf
3UUD,decoy197,EST_redock_3UUD,0.6946,5.1223,inf
3UUD,decoy208,EST_redock_3UUD,0.6945,4.8243,inf
3UUD,decoy22,EST_redock_3UUD,0.6915,4.2559,inf
3UUD,decoy284,EST_redock_3UUD,0.6913,4.9712,inf
3UUD,decoy64,EST_redock_3UUD,0.6906,4.5879,inf
3UUD,decoy388,EST_redock_3UUD,0.6905,4.4467,inf
3UUD,143-74-8_min,EST_redock_3UUD,0.6902,4.6115,inf
3UUD,decoy5,EST_redock_3UUD,0.6872,5.1192,inf
3UUD,68-23-5_min,EST_redock_3UUD,0.6860,5.2316,0.9086
3UUD,decoy179,EST_redock_3UUD,0.6823,4.9891,inf
3UUD,decoy359,EST_redock_3UUD,0.6817,4.4313,inf
3UUD,decoy45,EST_redock_3UUD,0.6815,4.6116,inf
3UUD,decoy43,EST_redock_3UUD,0.6809,4.5149,inf
3UUD,decoy302,EST_redock_3UUD,0.6807,4.5112,inf
3UUD,decoy349,EST_redock_3UUD,0.6794,4.9090,inf
3UUD,decoy107,EST_redock_3UUD,0.6793,4.9647,inf
3UUD,decoy255,EST_redock_3UUD,0.6767,4.6171,inf
3UUD,decoy297,EST_redock_3UUD,0.6765,4.5812,inf
3UUD,decoy226,EST_redock_3UUD,0.6764,4.6850,inf
3UUD,90-43-7_min,EST_redock_3UUD,0.6749,3.2085,inf
3UUD,Caffeine_min,EST_redock_3UUD,0.6743,3.4597,inf
3UUD,decoy361,EST_redock_3UUD,0.6729,5.0428,inf
3UUD,571-22-2_min,EST_redock_3UUD,0.6721,5.0534,1.0998
3UUD,decoy24,EST_redock_3UUD,0.6703,5.0197,inf
3UUD,decoy394,EST_redock_3UUD,0.6696,4.9216,inf
3UUD,decoy146,EST_redock_3UUD,0.6695,4.6979,inf
3UUD,decoy376,EST_redock_3UUD,0.6685,4.8382,inf
3UUD,decoy19,EST_redock_3UUD,0.6680,3.9912,inf
3UUD,decoy429,EST_redock_3UUD,0.6669,4.9339,inf
3UUD,143-50-0_min,EST_redock_3UUD,0.6657,5.6238,inf
3UUD,decoy165,EST_redock_3UUD,0.6650,4.1375,inf
3UUD,207-13-4_min,EST_redock_3UUD,0.6628,3.9221,inf
3UUD,decoy94,EST_redock_3UUD,0.6622,4.9608,inf
3UUD,decoy223,EST_redock_3UUD,0.6607,4.4138,inf
3UUD,121-33-5_min,EST_redock_3UUD,0.6597,2.9518,inf
3UUD,decoy216,EST_redock_3UUD,0.6593,4.8260,inf
3UUD,decoy355,EST_redock_3UUD,0.6578,4.5198,inf
3UUD,decoy332,EST_redock_3UUD,0.6577,4.9152,inf
3UUD,50-22-6_min,EST_redock_3UUD,0.6564,4.8851,inf
3UUD,decoy384,EST_redock_3UUD,0.6557,4.4831,inf
3UUD,decoy382,EST_redock_3UUD,0.6535,4.6823,inf
3UUD,decoy15,EST_redock_3UUD,0.6531,4.1244,inf
3UUD,decoy266,EST_redock_3UUD,0.6522,4.6113,inf
3UUD,decoy164,EST_redock_3UUD,0.6516,4.2878,inf
3UUD,decoy118,EST_redock_3UUD,0.6496,4.7124,inf
3UUD,decoy396,EST_redock_3UUD,0.6489,4.4004,inf
3UUD,911-45-5_min,EST_redock_3UUD,0.6487,4.7603,inf
3UUD,decoy131,EST_redock_3UUD,0.6483,4.3654,inf
3UUD,decoy251,EST_redock_3UUD,0.6482,4.2222,inf
3UUD,decoy49,EST_redock_3UUD,0.6464,4.3311,inf
3UUD,decoy82,EST_redock_3UUD,0.6460,4.4007,inf
3UUD,decoy220,EST_redock_3UUD,0.6455,4.7431,inf
3UUD,decoy318,EST_redock_3UUD,0.6442,4.9536,inf
3UUD,decoy36,EST_redock_3UUD,0.6436,4.6383,inf
3UUD,decoy290,EST_redock_3UUD,0.6412,3.9875,inf
3UUD,decoy272,EST_redock_3UUD,0.6393,3.9928,inf
3UUD,decoy102,EST_redock_3UUD,0.6349,3.7797,inf
3UUD,decoy162,EST_redock_3UUD,0.6346,3.6112,inf
3UUD,decoy260,EST_redock_3UUD,0.6289,4.5433,inf
3UUD,decoy101,EST_redock_3UUD,0.6259,4.2001,inf
3UUD,decoy55,EST_redock_3UUD,0.6256,4.4940,inf
3UUD,decoy196,EST_redock_3UUD,0.6246,4.3742,inf
3UUD,decoy313,EST_redock_3UUD,0.6231,4.8379,inf
3UUD,decoy95,EST_redock_3UUD,0.6229,4.2257,inf
3UUD,decoy329,EST_redock_3UUD,0.6228,4.9373,inf
3UUD,decoy16,EST_redock_3UUD,0.6223,4.5503,inf
3UUD,decoy374,EST_redock_3UUD,0.6214,4.0650,inf
3UUD,decoy68,EST_redock_3UUD,0.6205,4.0961,inf
3UUD,decoy114,EST_redock_3UUD,0.6198,4.5321,inf
3UUD,decoy413,EST_redock_3UUD,0.6198,3.5065,inf
3UUD,decoy364,EST_redock_3UUD,0.6197,4.2050,inf
3UUD,decoy426,EST_redock_3UUD,0.6160,4.3726,inf
3UUD,decoy119,EST_redock_3UUD,0.6125,4.0081,inf
3UUD,decoy30,EST_redock_3UUD,0.6112,4.3716,inf
3UUD,decoy294,EST_redock_3UUD,0.6107,3.9592,inf
3UUD,decoy50,EST_redock_3UUD,0.6087,4.2924,inf
3UUD,decoy242,EST_redock_3UUD,0.6082,4.0163,inf
3UUD,decoy367,EST_redock_3UUD,0.6063,4.2619,inf
3UUD,decoy67,EST_redock_3UUD,0.6062,3.7663,inf
3UUD,57-88-5_min,EST_redock_3UUD,0.6052,4.8864,inf
3UUD,115-29-7_min,EST_redock_3UUD,0.6039,4.2098,inf
3UUD,decoy207,EST_redock_3UUD,0.6029,4.0352,inf
3UUD,decoy322,EST_redock_3UUD,0.5993,4.2235,inf
3UUD,decoy224,EST_redock_3UUD,0.5988,3.9822,inf
3UUD,decoy170,EST_redock_3UUD,0.5969,3.9627,inf
3UUD,decoy176,EST_redock_3UUD,0.5961,4.0977,inf
3UUD,decoy73,EST_redock_3UUD,0.5958,3.3114,inf
3UUD,decoy360,EST_redock_3UUD,0.5941,4.3497,inf
3UUD,decoy44,EST_redock_3UUD,0.5934,3.9865,inf
3UUD,decoy109,EST_redock_3UUD,0.5933,3.8692,inf
3UUD,decoy192,EST_redock_3UUD,0.5929,4.3138,inf
3UUD,decoy219,EST_redock_3UUD,0.5928,4.3187,inf
3UUD,decoy83,EST_redock_3UUD,0.5926,4.3017,inf
3UUD,decoy51,EST_redock_3UUD,0.5907,4.1879,inf
3UUD,decoy222,EST_redock_3UUD,0.5894,3.9554,inf
3UUD,decoy39,EST_redock_3UUD,0.5883,4.4072,inf
3UUD,decoy41,EST_redock_3UUD,0.5815,3.6645,inf
3UUD,decoy52,EST_redock_3UUD,0.5810,3.8888,inf
3UUD,decoy172,EST_redock_3UUD,0.5808,4.1226,inf
3UUD,decoy275,EST_redock_3UUD,0.5795,4.1114,inf
3UUD,decoy144,EST_redock_3UUD,0.5785,4.4423,inf
3UUD,decoy31,EST_redock_3UUD,0.5778,3.8604,inf
3UUD,decoy415,EST_redock_3UUD,0.5778,3.9109,inf
3UUD,decoy408,EST_redock_3UUD,0.5778,4.3726,inf
3UUD,decoy289,EST_redock_3UUD,0.5777,4.1061,inf
3UUD,decoy8,EST_redock_3UUD,0.5769,3.9121,inf
3UUD,decoy205,EST_redock_3UUD,0.5753,3.7574,inf
3UUD,decoy191,EST_redock_3UUD,0.5721,3.8073,inf
3UUD,decoy414,EST_redock_3UUD,0.5711,3.8741,inf
3UUD,decoy150,EST_redock_3UUD,0.5711,3.9318,inf
3UUD,decoy405,EST_redock_3UUD,0.5709,3.6543,inf
3UUD,140-10-3_min,EST_redock_3UUD,0.5708,2.4677,inf
3UUD,decoy110,EST_redock_3UUD,0.5708,3.6790,inf
3UUD,decoy358,EST_redock_3UUD,0.5685,3.6080,inf
3UUD,decoy105,EST_redock_3UUD,0.5685,3.4900,inf
3UUD,decoy246,EST_redock_3UUD,0.5680,4.0218,inf
3UUD,decoy2,EST_redock_3UUD,0.5674,3.9743,inf
3UUD,decoy287,EST_redock_3UUD,0.5665,3.2220,inf
3UUD,decoy42,EST_redock_3UUD,0.5660,3.7283,inf
3UUD,decoy261,EST_redock_3UUD,0.5658,3.8495,inf
3UUD,decoy157,EST_redock_3UUD,0.5651,4.0912,inf
3UUD,decoy104,EST_redock_3UUD,0.5648,3.7056,inf
3UUD,decoy120,EST_redock_3UUD,0.5647,3.8671,inf
3UUD,decoy392,EST_redock_3UUD,0.5634,3.9358,inf
3UUD,decoy311,EST_redock_3UUD,0.5633,4.0567,inf
3UUD,Melatonin_min,EST_redock_3UUD,0.5611,3.5462,inf
3UUD,decoy401,EST_redock_3UUD,0.5609,3.9537,inf
3UUD,decoy33,EST_redock_3UUD,0.5599,3.9561,inf
3UUD,decoy32,EST_redock_3UUD,0.5592,4.0172,inf
3UUD,decoy159,EST_redock_3UUD,0.5589,4.0889,inf
3UUD,decoy271,EST_redock_3UUD,0.5586,4.1112,inf
3UUD,decoy14,EST_redock_3UUD,0.5585,4.0150,inf
3UUD,decoy422,EST_redock_3UUD,0.5580,4.1248,inf
3UUD,decoy399,EST_redock_3UUD,0.5578,3.6806,inf
3UUD,decoy390,EST_redock_3UUD,0.5561,4.2484,inf
3UUD,72-55-9_min,EST_redock_3UUD,0.5555,3.8014,inf
3UUD,decoy56,EST_redock_3UUD,0.5521,2.7733,inf
3UUD,decoy234,EST_redock_3UUD,0.5519,3.9285,inf
3UUD,decoy427,EST_redock_3UUD,0.5513,3.7376,inf
3UUD,decoy385,EST_redock_3UUD,0.5503,4.1116,inf
3UUD,decoy389,EST_redock_3UUD,0.5499,4.0575,inf
3UUD,decoy27,EST_redock_3UUD,0.5498,3.9653,inf
3UUD,decoy141,EST_redock_3UUD,0.5498,3.3612,inf
3UUD,decoy113,EST_redock_3UUD,0.5485,3.8775,inf
3UUD,decoy12,EST_redock_3UUD,0.5480,3.7375,inf
3UUD,decoy320,EST_redock_3UUD,0.5466,4.1889,inf
3UUD,decoy295,EST_redock_3UUD,0.5430,3.5716,inf
3UUD,decoy386,EST_redock_3UUD,0.5422,3.7474,inf
3UUD,decoy308,EST_redock_3UUD,0.5418,3.7794,inf
3UUD,decoy256,EST_redock_3UUD,0.5411,3.5967,inf
3UUD,131-57-7_min,EST_redock_3UUD,0.5388,3.3859,inf
3UUD,decoy38,EST_redock_3UUD,0.5387,3.2224,inf
3UUD,decoy425,EST_redock_3UUD,0.5358,3.8248,inf
3UUD,decoy400,EST_redock_3UUD,0.5356,3.8964,inf
3UUD,decoy65,EST_redock_3UUD,0.5345,3.5717,inf
3UUD,decoy404,EST_redock_3UUD,0.5345,3.6138,inf
3UUD,decoy69,EST_redock_3UUD,0.5308,3.7540,inf
3UUD,decoy232,EST_redock_3UUD,0.5269,3.5225,inf
3UUD,decoy273,EST_redock_3UUD,0.5251,3.7981,inf
3UUD,decoy252,EST_redock_3UUD,0.5251,3.5185,inf
3UUD,decoy228,EST_redock_3UUD,0.5225,3.4349,inf
3UUD,decoy215,EST_redock_3UUD,0.5195,3.3089,inf
3UUD,decoy316,EST_redock_3UUD,0.5164,3.9536,inf
3UUD,decoy25,EST_redock_3UUD,0.5158,3.6191,inf
3UUD,decoy129,EST_redock_3UUD,0.5122,3.1848,inf
3UUD,decoy10,EST_redock_3UUD,0.5120,3.4580,inf
3UUD,decoy285,EST_redock_3UUD,0.5103,3.6777,inf
3UUD,decoy195,EST_redock_3UUD,0.5089,3.6191,inf
3UUD,decoy270,EST_redock_3UUD,0.5080,3.4216,inf
3UUD,decoy126,EST_redock_3UUD,0.5077,3.3730,inf
3UUD,decoy80,EST_redock_3UUD,0.5072,3.4801,inf
3UUD,decoy328,EST_redock_3UUD,0.5049,3.6890,inf
3UUD,decoy125,EST_redock_3UUD,0.5041,3.5014,inf
3UUD,decoy264,EST_redock_3UUD,0.4999,3.5905,inf
3UUD,decoy307,EST_redock_3UUD,0.4998,3.5968,inf
3UUD,decoy403,EST_redock_3UUD,0.4989,3.2586,inf
3UUD,decoy238,EST_redock_3UUD,0.4935,3.7307,inf
3UUD,decoy143,EST_redock_3UUD,0.4926,3.1361,inf
3UUD,decoy79,EST_redock_3UUD,0.4879,2.9874,inf
3UUD,decoy7,EST_redock_3UUD,0.4818,3.4489,inf
3UUD,decoy337,EST_redock_3UUD,0.4817,3.4925,inf
3UUD,decoy409,EST_redock_3UUD,0.4808,3.5546,inf
3UUD,50-02-2_min,EST_redock_3UUD,0.4796,3.4581,6.4662
3UUD,decoy421,EST_redock_3UUD,0.4792,2.7648,inf
3UUD,decoy201,EST_redock_3UUD,0.4757,2.7114,inf
3UUD,decoy362,EST_redock_3UUD,0.4756,3.3244,inf
3UUD,decoy40,EST_redock_3UUD,0.4746,3.3534,inf
3UUD,decoy352,EST_redock_3UUD,0.4744,3.3198,inf
3UUD,decoy344,EST_redock_3UUD,0.4724,3.2849,inf
3UUD,decoy326,EST_redock_3UUD,0.4723,3.6351,inf
3UUD,decoy199,EST_redock_3UUD,0.4698,3.2555,inf
3UUD,decoy356,EST_redock_3UUD,0.4668,3.1923,inf
3UUD,decoy351,EST_redock_3UUD,0.4660,2.9786,inf
3UUD,decoy91,EST_redock_3UUD,0.4644,3.2792,inf
3UUD,decoy406,EST_redock_3UUD,0.4642,3.3292,inf
3UUD,decoy319,EST_redock_3UUD,0.4614,3.1568,inf
3UUD,decoy135,EST_redock_3UUD,0.4584,3.4139,inf
3UUD,decoy300,EST_redock_3UUD,0.4579,3.2907,inf
3UUD,decoy210,EST_redock_3UUD,0.4565,3.3398,inf
3UUD,decoy373,EST_redock_3UUD,0.4558,2.3594,inf
3UUD,decoy214,EST_redock_3UUD,0.4550,2.9331,inf
3UUD,decoy11,EST_redock_3UUD,0.4545,3.0802,inf
3UUD,decoy402,EST_redock_3UUD,0.4539,2.9330,inf
3UUD,decoy202,EST_redock_3UUD,0.4523,3.0005,inf
3UUD,115-86-6_min,EST_redock_3UUD,0.4504,2.7514,inf
3UUD,decoy53,EST_redock_3UUD,0.4501,2.6924,inf
3UUD,decoy296,EST_redock_3UUD,0.4497,2.9915,inf
3UUD,decoy315,EST_redock_3UUD,0.4491,2.9748,inf
3UUD,72-33-3_min,EST_redock_3UUD,0.4481,3.3446,0.6682
3UUD,decoy47,EST_redock_3UUD,0.4431,2.8158,inf
3UUD,decoy17,EST_redock_3UUD,0.4409,3.0338,inf
3UUD,decoy117,EST_redock_3UUD,0.4403,2.7492,inf
3UUD,83-46-5_min,EST_redock_3UUD,0.4385,3.5599,inf
3UUD,decoy167,EST_redock_3UUD,0.4372,2.9864,inf
3UUD,decoy333,EST_redock_3UUD,0.4369,2.9468,inf
3UUD,decoy108,EST_redock_3UUD,0.4326,2.8240,inf
3UUD,decoy46,EST_redock_3UUD,0.4325,2.8525,inf
3UUD,decoy303,EST_redock_3UUD,0.4321,2.9801,inf
3UUD,decoy241,EST_redock_3UUD,0.4305,2.9261,inf
3UUD,decoy194,EST_redock_3UUD,0.4295,3.0215,inf
3UUD,decoy140,EST_redock_3UUD,0.4286,3.2371,inf
3UUD,decoy88,EST_redock_3UUD,0.4278,3.0257,inf
3UUD,decoy412,EST_redock_3UUD,0.4238,2.6928,inf
3UUD,decoy379,EST_redock_3UUD,0.4226,2.9968,inf
3UUD,decoy387,EST_redock_3UUD,0.4196,2.6545,inf
3UUD,decoy97,EST_redock_3UUD,0.4190,2.6545,inf
3UUD,decoy398,EST_redock_3UUD,0.4122,2.8097,inf
3UUD,decoy348,EST_redock_3UUD,0.4119,2.6376,inf
3UUD,decoy247,EST_redock_3UUD,0.4105,2.7097,inf
3UUD,decoy133,EST_redock_3UUD,0.4104,2.5378,inf
3UUD,decoy200,EST_redock_3UUD,0.4102,2.7282,inf
3UUD,decoy306,EST_redock_3UUD,0.4085,2.9825,inf
3UUD,decoy277,EST_redock_3UUD,0.4082,2.8973,inf
3UUD,decoy418,EST_redock_3UUD,0.4080,2.8794,inf
3UUD,decoy89,EST_redock_3UUD,0.4076,2.3965,inf
3UUD,decoy74,EST_redock_3UUD,0.4073,2.8278,inf
3UUD,decoy292,EST_redock_3UUD,0.4063,2.7485,inf
3UUD,decoy286,EST_redock_3UUD,0.4062,2.7758,inf
3UUD,decoy218,EST_redock_3UUD,0.4060,3.0040,inf
3UUD,decoy299,EST_redock_3UUD,0.4058,2.6927,inf
3UUD,decoy145,EST_redock_3UUD,0.4043,2.8415,inf
3UUD,decoy188,EST_redock_3UUD,0.3997,2.5388,inf
3UUD,decoy325,EST_redock_3UUD,0.3995,3.0194,inf
3UUD,decoy103,EST_redock_3UUD,0.3965,2.6292,inf
3UUD,decoy198,EST_redock_3UUD,0.3954,2.7960,inf
3UUD,decoy423,EST_redock_3UUD,0.3941,2.6832,inf
3UUD,decoy301,EST_redock_3UUD,0.3940,2.8706,inf
3UUD,decoy86,EST_redock_3UUD,0.3899,2.5322,inf
3UUD,decoy100,EST_redock_3UUD,0.3859,2.6786,inf
3UUD,decoy334,EST_redock_3UUD,0.3848,2.8750,inf
3UUD,decoy229,EST_redock_3UUD,0.3844,2.5683,inf
3UUD,decoy66,EST_redock_3UUD,0.3828,2.1120,inf
3UUD,decoy142,EST_redock_3UUD,0.3814,2.6496,inf
3UUD,decoy321,EST_redock_3UUD,0.3801,2.6407,inf
3UUD,decoy134,EST_redock_3UUD,0.3793,2.3847,inf
3UUD,decoy354,EST_redock_3UUD,0.3758,2.2261,inf
3UUD,decoy347,EST_redock_3UUD,0.3750,2.3363,inf
3UUD,decoy378,EST_redock_3UUD,0.3742,2.4233,inf
3UUD,decoy35,EST_redock_3UUD,0.3732,2.5761,inf
3UUD,decoy293,EST_redock_3UUD,0.3679,2.4548,inf
3UUD,decoy380,EST_redock_3UUD,0.3670,2.3643,inf
3UUD,decoy248,EST_redock_3UUD,0.3668,2.4528,inf
3UUD,decoy20,EST_redock_3UUD,0.3665,2.0161,inf
3UUD,decoy233,EST_redock_3UUD,0.3660,2.4182,inf
3UUD,decoy147,EST_redock_3UUD,0.3654,2.6195,inf
3UUD,decoy350,EST_redock_3UUD,0.3640,2.1458,inf
3UUD,1845-11-0_min,EST_redock_3UUD,0.3609,2.7332,inf
3UUD,decoy77,EST_redock_3UUD,0.3607,2.0999,inf
3UUD,decoy310,EST_redock_3UUD,0.3602,2.5663,inf
3UUD,decoy96,EST_redock_3UUD,0.3600,2.3395,inf
3UUD,decoy177,EST_redock_3UUD,0.3577,2.3488,inf
3UUD,decoy163,EST_redock_3UUD,0.3573,2.4730,inf
3UUD,decoy237,EST_redock_3UUD,0.3572,2.5038,inf
3UUD,decoy148,EST_redock_3UUD,0.3566,2.2489,inf
3UUD,decoy209,EST_redock_3UUD,0.3501,2.3717,inf
3UUD,decoy182,EST_redock_3UUD,0.3480,2.2460,inf
3UUD,decoy262,EST_redock_3UUD,0.3457,2.1855,inf
3UUD,decoy424,EST_redock_3UUD,0.3419,1.8487,inf
3UUD,decoy346,EST_redock_3UUD,0.3394,2.3560,inf
3UUD,decoy152,EST_redock_3UUD,0.3348,2.2700,inf
3UUD,decoy211,EST_redock_3UUD,0.3321,2.2939,inf
3UUD,decoy340,EST_redock_3UUD,0.3316,2.4893,inf
3UUD,decoy369,EST_redock_3UUD,0.3309,2.1452,inf
3UUD,decoy353,EST_redock_3UUD,0.3292,2.3426,inf
3UUD,decoy283,EST_redock_3UUD,0.3268,2.1997,inf
3UUD,decoy98,EST_redock_3UUD,0.3234,2.0617,inf
3UUD,decoy276,EST_redock_3UUD,0.3230,2.1883,inf
3UUD,decoy383,EST_redock_3UUD,0.3227,2.1863,inf
3UUD,decoy366,EST_redock_3UUD,0.3195,1.7301,inf
3UUD,decoy149,EST_redock_3UUD,0.3179,2.0973,inf
3UUD,decoy115,EST_redock_3UUD,0.3111,2.0607,inf
3UUD,decoy365,EST_redock_3UUD,0.3094,1.9311,inf
3UUD,decoy136,EST_redock_3UUD,0.3070,2.1762,inf
3UUD,decoy225,EST_redock_3UUD,0.3054,2.1253,inf
3UUD,decoy433,EST_redock_3UUD,0.3044,1.9848,inf
3UUD,decoy127,EST_redock_3UUD,0.3032,2.1667,inf
3UUD,decoy391,EST_redock_3UUD,0.3027,1.9368,inf
3UUD,decoy217,EST_redock_3UUD,0.2938,1.8805,inf
3UUD,decoy278,EST_redock_3UUD,0.2901,1.9293,inf
3UUD,decoy343,EST_redock_3UUD,0.2896,1.8733,inf
3UUD,decoy338,EST_redock_3UUD,0.2893,1.8575,inf
3UUD,decoy432,EST_redock_3UUD,0.2877,1.7764,inf
3UUD,decoy370,EST_redock_3UUD,0.2868,2.0683,inf
3UUD,decoy26,EST_redock_3UUD,0.2837,1.9537,inf
3UUD,decoy137,EST_redock_3UUD,0.2816,1.8249,inf
3UUD,decoy323,EST_redock_3UUD,0.2801,1.9830,inf
3UUD,decoy327,EST_redock_3UUD,0.2793,1.9501,inf
3UUD,decoy395,EST_redock_3UUD,0.2783,1.4148,inf
3UUD,decoy106,EST_redock_3UUD,0.2777,1.8818,inf
3UUD,decoy339,EST_redock_3UUD,0.2715,1.8549,inf
3UUD,decoy372,EST_redock_3UUD,0.2710,1.8661,inf
3UUD,decoy139,EST_redock_3UUD,0.2698,1.8166,inf
3UUD,decoy138,EST_redock_3UUD,0.2665,1.7904,inf
3UUD,decoy371,EST_redock_3UUD,0.2529,1.3885,inf
3UUD,decoy254,EST_redock_3UUD,0.2406,1.4013,inf
3UUD,decoy430,EST_redock_3UUD,0.2323,1.5841,inf
3UUD,decoy341,EST_redock_3UUD,0.2315,1.5785,inf
3UUD,decoy161,EST_redock_3UUD,0.2304,1.4904,inf
3UUD,decoy58,EST_redock_3UUD,0.2249,1.4816,inf
3UUD,decoy377,EST_redock_3UUD,0.2197,1.4727,inf
3UUD,decoy324,EST_redock_3UUD,0.2134,1.3364,inf
3UUD,decoy122,EST_redock_3UUD,0.1839,1.2191,inf
3UUD,decoy70,EST_redock_3UUD,0.1704,1.1096,inf
3UUD,decoy181,EST_redock_3UUD,0.1318,0.8558,inf
4MG8,53-16-7_min,27J_redock_4MG8,0.9834,7.8600,inf
4MG8,3601-97-6_min,27J_redock_4MG8,0.9815,7.7427,inf
4MG8,474-86-2_min,27J_redock_4MG8,0.9801,8.0075,inf
4MG8,50-28-2_min,27J_redock_4MG8,0.9739,7.8377,inf
4MG8,EST_min,27J_redock_4MG8,0.9739,7.8377,inf
4MG8,67651-34-7_min,27J_redock_4MG8,0.9733,7.6654,inf
4MG8,57-91-0_min,27J_redock_4MG8,0.9694,7.5932,inf
4MG8,53-45-2_min,27J_redock_4MG8,0.9603,7.0930,inf
4MG8,50-27-1_min,27J_redock_4MG8,0.9578,7.6013,inf
4MG8,53-63-4_min,27J_redock_4MG8,0.9538,7.2127,inf
4MG8,decoy245,27J_redock_4MG8,0.9527,7.6418,inf
4MG8,decoy269,27J_redock_4MG8,0.9525,6.3870,inf
4MG8,789-02-6_min,27J_redock_4MG8,0.9499,7.3484,inf
4MG8,362-05-0_min,27J_redock_4MG8,0.9490,7.4277,inf
4MG8,2529-64-8_min,27J_redock_4MG8,0.9489,7.0463,inf
4MG8,1229-24-9_min,27J_redock_4MG8,0.9485,7.5179,inf
4MG8,104-43-8_min,27J_redock_4MG8,0.9451,7.2969,inf
4MG8,65118-81-2_min,27J_redock_4MG8,0.9439,6.8590,inf
4MG8,5976-61-4_min,27J_redock_4MG8,0.9436,7.4555,inf
4MG8,84-16-2_min,27J_redock_4MG8,0.9435,7.4909,inf
4MG8,53-19-0_min,27J_redock_4MG8,0.9401,6.9483,inf
4MG8,decoy388,27J_redock_4MG8,0.9373,6.0786,inf
4MG8,decoy101,27J_redock_4MG8,0.9330,6.3044,inf
4MG8,56-53-1_min,27J_redock_4MG8,0.9314,7.4113,inf
4MG8,36J_min,27J_redock_4MG8,0.9295,6.4932,0.4869
4MG8,28034-99-3_min,27J_redock_4MG8,0.9289,5.8961,inf
4MG8,DES_min,27J_redock_4MG8,0.9279,7.3605,inf
4MG8,decoy60,27J_redock_4MG8,0.9262,5.8771,inf
4MG8,521-18-6_min,27J_redock_4MG8,0.9245,7.2839,inf
4MG8,2971-36-0_min,27J_redock_4MG8,0.9230,7.0365,inf
4MG8,decoy336,27J_redock_4MG8,0.9220,6.9745,inf
4MG8,decoy166,27J_redock_4MG8,0.9218,7.4468,inf
4MG8,decoy116,27J_redock_4MG8,0.9188,6.2957,inf
4MG8,28463-03-8_min,27J_redock_4MG8,0.9131,7.0745,inf
4MG8,decoy153,27J_redock_4MG8,0.9129,6.6665,inf
4MG8,99-71-8_min,27J_redock_4MG8,0.9103,5.5769,inf
4MG8,53905-28-5_min,27J_redock_4MG8,0.9095,6.1671,inf
4MG8,599-64-4_min,27J_redock_4MG8,0.9079,5.9798,inf
4MG8,58-22-0_min,27J_redock_4MG8,0.9058,7.2509,inf
4MG8,Testosterone_min,27J_redock_4MG8,0.9058,7.2509,inf
4MG8,decoy160,27J_redock_4MG8,0.9057,6.7882,inf
4MG8,decoy368,27J_redock_4MG8,0.9043,6.7761,inf
4MG8,571-20-0_min,27J_redock_4MG8,0.9039,7.4092,inf
4MG8,decoy263,27J_redock_4MG8,0.9022,6.3551,inf
4MG8,decoy190,27J_redock_4MG8,0.9019,6.6777,inf
4MG8,80-46-6_min,27J_redock_4MG8,0.9006,5.6881,inf
4MG8,decoy72,27J_redock_4MG8,0.8981,7.3131,inf
4MG8,1806-26-4_min,27J_redock_4MG8,0.8973,6.1320,inf
4MG8,94-26-8_min,27J_redock_4MG8,0.8971,5.6694,inf
4MG8,27K_min,27J_redock_4MG8,0.8971,5.6694,inf
4MG8,decoy13,27J_redock_4MG8,0.8960,6.6027,inf
4MG8,decoy185,27J_redock_4MG8,0.8955,6.5762,inf
4MG8,decoy417,27J_redock_4MG8,0.8950,6.1845,inf
4MG8,decoy230,27J_redock_4MG8,0.8948,5.9323,inf
4MG8,decoy21,27J_redock_4MG8,0.8938,6.2198,inf
4MG8,decoy257,27J_redock_4MG8,0.8934,6.9644,inf
4MG8,59-50-7_min,27J_redock_4MG8,0.8930,4.6090,inf
4MG8,decoy92,27J_redock_4MG8,0.8928,6.2424,inf
4MG8,84-69-5_min,27J_redock_4MG8,0.8924,4.6837,inf
4MG8,98-54-4_min,27J_redock_4MG8,0.8909,5.5728,inf
4MG8,94-13-3_min,27J_redock_4MG8,0.8902,5.1711,inf
4MG8,50-29-3_min,27J_redock_4MG8,0.8901,6.2470,inf
4MG8,659-22-3_min,27J_redock_4MG8,0.8896,6.5432,inf
4MG8,decoy1,27J_redock_4MG8,0.8885,5.9273,inf
4MG8,99-76-3_min,27J_redock_4MG8,0.8881,4.6347,inf
4MG8,92-69-3_min,27J_redock_4MG8,0.8878,4.9382,inf
4MG8,decoy291,27J_redock_4MG8,0.8864,6.2255,inf
4MG8,13037-86-0_min,27J_redock_4MG8,0.8863,5.6613,inf
4MG8,decoy87,27J_redock_4MG8,0.8861,6.1791,inf
4MG8,123-07-9_min,27J_redock_4MG8,0.8860,4.7133,inf
4MG8,5153-25-3_min,27J_redock_4MG8,0.8840,6.0836,inf
4MG8,decoy174,27J_redock_4MG8,0.8810,6.3491,inf
4MG8,decoy78,27J_redock_4MG8,0.8792,6.4931,inf
4MG8,decoy322,27J_redock_4MG8,0.8769,6.5606,inf
4MG8,decoy206,27J_redock_4MG8,0.8757,5.7504,inf
4MG8,84-17-3_min,27J_redock_4MG8,0.8753,6.9597,inf
4MG8,6554-98-9_min,27J_redock_4MG8,0.8728,5.9890,inf
4MG8,decoy187,27J_redock_4MG8,0.8727,5.8527,inf
4MG8,decoy123,27J_redock_4MG8,0.8725,6.7277,inf
4MG8,decoy173,27J_redock_4MG8,0.8723,6.0721,inf
4MG8,decoy240,27J_redock_4MG8,0.8714,5.9773,inf
4MG8,decoy434,27J_redock_4MG8,0.8711,6.0815,inf
4MG8,57-63-6_min,27J_redock_4MG8,0.8705,7.2609,inf
4MG8,EE2_min,27J_redock_4MG8,0.8705,7.2609,inf
4MG8,75938-34-0_min,27J_redock_4MG8,0.8704,6.4267,inf
4MG8,decoy244,27J_redock_4MG8,0.8698,6.5019,inf
4MG8,103-16-2_min,27J_redock_4MG8,0.8687,5.5020,inf
4MG8,decoy330,27J_redock_4MG8,0.8682,6.6073,inf
4MG8,decoy3,27J_redock_4MG8,0.8670,5.5540,inf
4MG8,decoy118,27J_redock_4MG8,0.8669,6.3365,inf
4MG8,580-51-8_min,27J_redock_4MG8,0.8668,4.5366,inf
4MG8,decoy311,27J_redock_4MG8,0.8642,6.4934,inf
4MG8,decoy410,27J_redock_4MG8,0.8630,5.6566,inf
4MG8,218-01-9_min,27J_redock_4MG8,0.8629,5.5021,inf
4MG8,decoy204,27J_redock_4MG8,0.8618,6.2332,inf
4MG8,140-66-9_min,27J_redock_4MG8,0.8607,6.0284,inf
4MG8,27L_min,27J_redock_4MG8,0.8607,6.0284,inf
4MG8,decoy168,27J_redock_4MG8,0.8604,6.4855,inf
4MG8,126-00-1_min,27J_redock_4MG8,0.8601,5.8586,inf
4MG8,120-47-8_min,27J_redock_4MG8,0.8598,4.9281,inf
4MG8,131-56-6_min,27J_redock_4MG8,0.8594,4.8369,inf
4MG8,5394-98-9_min,27J_redock_4MG8,0.8575,5.4076,inf
4MG8,decoy54,27J_redock_4MG8,0.8548,6.1569,inf
4MG8,decoy227,27J_redock_4MG8,0.8536,5.9510,inf
4MG8,decoy189,27J_redock_4MG8,0.8531,6.1876,inf
4MG8,1085-12-7_min,27J_redock_4MG8,0.8525,5.7298,inf
4MG8,decoy18,27J_redock_4MG8,0.8525,4.1118,inf
4MG8,decoy231,27J_redock_4MG8,0.8486,6.0364,inf
4MG8,decoy84,27J_redock_4MG8,0.8481,6.1392,inf
4MG8,decoy155,27J_redock_4MG8,0.8478,6.4368,inf
4MG8,decoy236,27J_redock_4MG8,0.8467,5.7032,inf
4MG8,decoy156,27J_redock_4MG8,0.8444,5.9803,inf
4MG8,57-83-0_min,27J_redock_4MG8,0.8428,6.8046,inf
4MG8,6052-84-2_min,27J_redock_4MG8,0.8423,5.7756,inf
4MG8,decoy253,27J_redock_4MG8,0.8418,5.6856,inf
4MG8,decoy268,27J_redock_4MG8,0.8415,5.5510,inf
4MG8,decoy279,27J_redock_4MG8,0.8411,5.9133,inf
4MG8,decoy36,27J_redock_4MG8,0.8405,6.0628,inf
4MG8,decoy63,27J_redock_4MG8,0.8397,5.3383,inf
4MG8,decoy419,27J_redock_4MG8,0.8368,5.5734,inf
4MG8,243-17-4_min,27J_redock_4MG8,0.8340,4.9821,inf
4MG8,decoy317,27J_redock_4MG8,0.8336,5.7812,inf
4MG8,77-40-7_min,27J_redock_4MG8,0.8307,5.8524,inf
4MG8,decoy345,27J_redock_4MG8,0.8304,6.2815,inf
4MG8,decoy289,27J_redock_4MG8,0.8296,5.9510,inf
4MG8,decoy251,27J_redock_4MG8,0.8284,5.5279,inf
4MG8,decoy308,27J_redock_4MG8,0.8269,5.9017,inf
4MG8,1852-53-5_min,27J_redock_4MG8,0.8245,6.6111,inf
4MG8,72-43-5_min,27J_redock_4MG8,0.8241,6.1870,inf
4MG8,decoy397,27J_redock_4MG8,0.8240,5.8207,inf
4MG8,decoy29,27J_redock_4MG8,0.8228,5.4409,inf
4MG8,decoy186,27J_redock_4MG8,0.8226,5.9305,inf
4MG8,72-54-8_min,27J_redock_4MG8,0.8221,5.7855,inf
4MG8,decoy171,27J_redock_4MG8,0.8202,5.0781,inf
4MG8,decoy431,27J_redock_4MG8,0.8196,6.1549,inf
4MG8,84-74-2_min,27J_redock_4MG8,0.8181,4.6827,inf
4MG8,94-18-8_min,27J_redock_4MG8,0.8165,5.2645,inf
4MG8,500-38-9_min,27J_redock_4MG8,0.8160,5.7380,inf
4MG8,decoy274,27J_redock_4MG8,0.8146,5.2802,inf
4MG8,25154-52-3_min,27J_redock_4MG8,0.8114,5.4012,inf
4MG8,58-72-0_min,27J_redock_4MG8,0.8097,5.4201,inf
4MG8,decoy175,27J_redock_4MG8,0.8093,5.6355,inf
4MG8,decoy265,27J_redock_4MG8,0.8090,5.5225,inf
4MG8,decoy34,27J_redock_4MG8,0.8048,5.4083,inf
4MG8,decoy250,27J_redock_4MG8,0.8048,5.6696,inf
4MG8,decoy416,27J_redock_4MG8,0.8034,4.8702,inf
4MG8,1570-64-5_min,27J_redock_4MG8,0.8033,3.8534,inf
4MG8,decoy309,27J_redock_4MG8,0.8003,5.9633,inf
4MG8,decoy6,27J_redock_4MG8,0.7970,5.0820,inf
4MG8,decoy259,27J_redock_4MG8,0.7970,5.2095,inf
4MG8,decoy235,27J_redock_4MG8,0.7964,5.7052,inf
4MG8,decoy169,27J_redock_4MG8,0.7958,4.9161,inf
4MG8,decoy94,27J_redock_4MG8,0.7938,6.0405,inf
4MG8,decoy407,27J_redock_4MG8,0.7930,4.4287,inf
4MG8,decoy282,27J_redock_4MG8,0.7917,5.7082,inf
4MG8,34816-55-2_min,27J_redock_4MG8,0.7908,6.1761,inf
4MG8,decoy76,27J_redock_4MG8,0.7904,5.0869,inf
4MG8,85-68-7_min,27J_redock_4MG8,0.7848,4.8203,inf
4MG8,115-29-7_min,27J_redock_4MG8,0.7833,5.5993,inf
4MG8,decoy304,27J_redock_4MG8,0.7807,5.5065,inf
4MG8,decoy392,27J_redock_4MG8,0.7785,5.6576,inf
4MG8,decoy312,27J_redock_4MG8,0.7780,6.3738,inf
4MG8,decoy255,27J_redock_4MG8,0.7769,5.1389,inf
4MG8,decoy111,27J_redock_4MG8,0.7743,5.1490,inf
4MG8,2050-68-2_min,27J_redock_4MG8,0.7731,4.3856,inf
4MG8,decoy93,27J_redock_4MG8,0.7724,5.1125,inf
4MG8,decoy239,27J_redock_4MG8,0.7717,5.2102,inf
4MG8,decoy22,27J_redock_4MG8,0.7705,4.7307,inf
4MG8,decoy281,27J_redock_4MG8,0.7705,5.3488,inf
4MG8,decoy178,27J_redock_4MG8,0.7689,5.1666,inf
4MG8,decoy131,27J_redock_4MG8,0.7672,5.1840,inf
4MG8,decoy213,27J_redock_4MG8,0.7665,5.5280,inf
4MG8,decoy43,27J_redock_4MG8,0.7659,5.2420,inf
4MG8,decoy183,27J_redock_4MG8,0.7656,5.2206,inf
4MG8,decoy331,27J_redock_4MG8,0.7646,6.2355,inf
4MG8,decoy288,27J_redock_4MG8,0.7643,5.4205,inf
4MG8,decoy75,27J_redock_4MG8,0.7643,5.2733,inf
4MG8,decoy154,27J_redock_4MG8,0.7640,5.2957,inf
4MG8,58-89-9_min,27J_redock_4MG8,0.7624,4.7481,inf
4MG8,92-04-6_min,27J_redock_4MG8,0.7624,4.4061,inf
4MG8,decoy243,27J_redock_4MG8,0.7617,5.5888,inf
4MG8,decoy266,27J_redock_4MG8,0.7610,5.6514,inf
4MG8,decoy280,27J_redock_4MG8,0.7602,5.4243,inf
4MG8,decoy38,27J_redock_4MG8,0.7575,3.9077,inf
4MG8,27M_min,27J_redock_4MG8,0.7565,4.4316,inf
4MG8,decoy355,27J_redock_4MG8,0.7562,5.3442,inf
4MG8,decoy249,27J_redock_4MG8,0.7552,4.7258,inf
4MG8,97-54-1_min,27J_redock_4MG8,0.7544,4.2214,inf
4MG8,decoy258,27J_redock_4MG8,0.7540,5.2628,inf
4MG8,decoy130,27J_redock_4MG8,0.7526,5.1341,inf
4MG8,decoy261,27J_redock_4MG8,0.7520,5.1996,inf
4MG8,decoy223,27J_redock_4MG8,0.7508,5.2814,inf
4MG8,72-55-9_min,27J_redock_4MG8,0.7507,5.1905,inf
4MG8,decoy121,27J_redock_4MG8,0.7496,4.9777,inf
4MG8,decoy44,27J_redock_4MG8,0.7493,5.0869,inf
4MG8,97-53-0_min,27J_redock_4MG8,0.7489,4.1943,inf
4MG8,decoy411,27J_redock_4MG8,0.7462,4.7808,inf
4MG8,decoy4,27J_redock_4MG8,0.7460,5.0913,inf
4MG8,decoy267,27J_redock_4MG8,0.7448,5.0840,inf
4MG8,decoy375,27J_redock_4MG8,0.7446,5.6588,inf
4MG8,decoy61,27J_redock_4MG8,0.7442,5.4284,inf
4MG8,611-99-4_min,27J_redock_4MG8,0.7441,4.7504,inf
4MG8,decoy23,27J_redock_4MG8,0.7440,4.8643,inf
4MG8,decoy71,27J_redock_4MG8,0.7433,5.2289,inf
4MG8,481-30-1_min,27J_redock_4MG8,0.7431,5.5724,inf
4MG8,decoy297,27J_redock_4MG8,0.7409,4.9886,inf
4MG8,2OH_min,27J_redock_4MG8,0.7398,5.0647,inf
4MG8,80-05-7_min,27J_redock_4MG8,0.7398,5.0647,inf
4MG8,5108-94-1_min,27J_redock_4MG8,0.7398,5.9253,inf
4MG8,decoy15,27J_redock_4MG8,0.7397,4.8137,inf
4MG8,decoy109,27J_redock_4MG8,0.7373,4.9945,inf
4MG8,decoy342,27J_redock_4MG8,0.7372,5.5577,inf
4MG8,decoy62,27J_redock_4MG8,0.7336,4.7102,inf
4MG8,81-90-3_min,27J_redock_4MG8,0.7335,4.7275,inf
4MG8,decoy179,27J_redock_4MG8,0.7335,5.1662,inf
4MG8,decoy287,27J_redock_4MG8,0.7323,4.2414,inf
4MG8,decoy284,27J_redock_4MG8,0.7319,5.2686,inf
4MG8,decoy413,27J_redock_4MG8,0.7311,4.1652,inf
4MG8,Melatonin_min,27J_redock_4MG8,0.7310,4.9540,inf
4MG8,decoy381,27J_redock_4MG8,0.7297,4.9824,inf
4MG8,decoy314,27J_redock_4MG8,0.7272,4.9802,inf
4MG8,decoy51,27J_redock_4MG8,0.7258,5.2527,inf
4MG8,decoy196,27J_redock_4MG8,0.7253,4.9569,inf
4MG8,decoy49,27J_redock_4MG8,0.7249,4.8623,inf
4MG8,decoy41,27J_redock_4MG8,0.7245,4.9908,inf
4MG8,decoy193,27J_redock_4MG8,0.7244,5.2122,inf
4MG8,50-22-6_min,27J_redock_4MG8,0.7241,5.4554,inf
4MG8,decoy99,27J_redock_4MG8,0.7215,5.3437,inf
4MG8,decoy374,27J_redock_4MG8,0.7186,4.4858,inf
4MG8,decoy48,27J_redock_4MG8,0.7179,4.6702,inf
4MG8,77-09-8_min,27J_redock_4MG8,0.7174,4.8654,inf
4MG8,decoy145,27J_redock_4MG8,0.7159,5.0525,inf
4MG8,decoy95,27J_redock_4MG8,0.7156,4.8249,inf
4MG8,decoy396,27J_redock_4MG8,0.7145,4.7516,inf
4MG8,decoy376,27J_redock_4MG8,0.7140,4.9458,inf
4MG8,decoy319,27J_redock_4MG8,0.7133,5.0973,inf
4MG8,decoy27,27J_redock_4MG8,0.7094,5.1963,inf
4MG8,decoy389,27J_redock_4MG8,0.7080,5.3215,inf
4MG8,decoy85,27J_redock_4MG8,0.7060,5.1099,inf
4MG8,decoy246,27J_redock_4MG8,0.7045,5.0560,inf
4MG8,decoy212,27J_redock_4MG8,0.7022,4.8255,inf
4MG8,decoy349,27J_redock_4MG8,0.7017,4.9634,inf
4MG8,decoy298,27J_redock_4MG8,0.7005,4.6161,inf
4MG8,decoy128,27J_redock_4MG8,0.7005,4.8828,inf
4MG8,94-25-7_min,27J_redock_4MG8,0.6992,3.8246,inf
4MG8,decoy305,27J_redock_4MG8,0.6983,5.3214,inf
4MG8,decoy184,27J_redock_4MG8,0.6983,5.0106,inf
4MG8,decoy81,27J_redock_4MG8,0.6968,4.8975,inf
4MG8,decoy275,27J_redock_4MG8,0.6966,5.0827,inf
4MG8,decoy5,27J_redock_4MG8,0.6959,5.0164,inf
4MG8,decoy102,27J_redock_4MG8,0.6950,4.7518,inf
4MG8,143-50-0_min,27J_redock_4MG8,0.6939,5.8780,inf
4MG8,121-33-5_min,27J_redock_4MG8,0.6938,3.1318,inf
4MG8,decoy24,27J_redock_4MG8,0.6935,5.0892,inf
4MG8,decoy203,27J_redock_4MG8,0.6926,4.7340,inf
4MG8,decoy64,27J_redock_4MG8,0.6908,4.7351,inf
4MG8,decoy45,27J_redock_4MG8,0.6888,4.6106,inf
4MG8,decoy401,27J_redock_4MG8,0.6864,4.8304,inf
4MG8,143-74-8_min,27J_redock_4MG8,0.6856,4.5838,inf
4MG8,decoy132,27J_redock_4MG8,0.6835,4.8342,inf
4MG8,603-45-2_min,27J_redock_4MG8,0.6822,5.0142,inf
4MG8,decoy242,27J_redock_4MG8,0.6821,4.4686,inf
4MG8,decoy294,27J_redock_4MG8,0.6797,4.5251,inf
4MG8,decoy55,27J_redock_4MG8,0.6794,4.9935,inf
4MG8,decoy384,27J_redock_4MG8,0.6775,4.8994,inf
4MG8,decoy83,27J_redock_4MG8,0.6773,4.9592,inf
4MG8,decoy19,27J_redock_4MG8,0.6753,4.0773,inf
4MG8,decoy313,27J_redock_4MG8,0.6749,5.3319,inf
4MG8,decoy90,27J_redock_4MG8,0.6738,4.6440,inf
4MG8,decoy273,27J_redock_4MG8,0.6729,4.9139,inf
4MG8,decoy200,27J_redock_4MG8,0.6702,4.4737,inf
4MG8,decoy403,27J_redock_4MG8,0.6671,3.9111,inf
4MG8,decoy414,27J_redock_4MG8,0.6663,4.4340,inf
4MG8,decoy210,27J_redock_4MG8,0.6662,4.7655,inf
4MG8,decoy67,27J_redock_4MG8,0.6661,4.2896,inf
4MG8,60-57-1_min,27J_redock_4MG8,0.6651,5.1838,inf
4MG8,decoy201,27J_redock_4MG8,0.6645,3.9656,inf
4MG8,decoy295,27J_redock_4MG8,0.6631,4.3577,inf
4MG8,decoy208,27J_redock_4MG8,0.6629,4.2591,inf
4MG8,decoy158,27J_redock_4MG8,0.6596,3.7443,inf
4MG8,decoy56,27J_redock_4MG8,0.6579,3.3982,inf
4MG8,decoy252,27J_redock_4MG8,0.6572,4.4703,inf
4MG8,decoy359,27J_redock_4MG8,0.6565,3.8060,inf
4MG8,decoy105,27J_redock_4MG8,0.6543,3.8409,inf
4MG8,80-09-1_min,27J_redock_4MG8,0.6542,4.1277,inf
4MG8,decoy221,27J_redock_4MG8,0.6541,4.4145,inf
4MG8,decoy420,27J_redock_4MG8,0.6536,4.4134,inf
4MG8,decoy104,27J_redock_4MG8,0.6522,4.2444,inf
4MG8,decoy394,27J_redock_4MG8,0.6517,4.6308,inf
4MG8,decoy191,27J_redock_4MG8,0.6515,4.3659,inf
4MG8,57-88-5_min,27J_redock_4MG8,0.6497,5.2671,inf
4MG8,68-23-5_min,27J_redock_4MG8,0.6491,4.9167,inf
4MG8,decoy415,27J_redock_4MG8,0.6475,4.3507,inf
4MG8,decoy150,27J_redock_4MG8,0.6473,4.5613,inf
4MG8,decoy82,27J_redock_4MG8,0.6471,4.5618,inf
4MG8,decoy32,27J_redock_4MG8,0.6470,4.6978,inf
4MG8,decoy129,27J_redock_4MG8,0.6436,4.1191,inf
4MG8,90-43-7_min,27J_redock_4MG8,0.6424,2.8881,inf
4MG8,decoy386,27J_redock_4MG8,0.6424,4.4161,inf
4MG8,decoy151,27J_redock_4MG8,0.6407,4.6439,inf
4MG8,15372-34-6_min,27J_redock_4MG8,0.6404,4.4728,inf
4MG8,decoy260,27J_redock_4MG8,0.6403,4.6773,inf
4MG8,decoy226,27J_redock_4MG8,0.6394,4.4781,inf
4MG8,decoy220,27J_redock_4MG8,0.6390,4.6810,inf
4MG8,decoy361,27J_redock_4MG8,0.6380,4.7775,inf
4MG8,3434-79-5_min,27J_redock_4MG8,0.6374,4.8531,inf
4MG8,decoy341,27J_redock_4MG8,0.6373,4.6244,inf
4MG8,decoy224,27J_redock_4MG8,0.6363,4.3529,inf
4MG8,140-10-3_min,27J_redock_4MG8,0.6354,2.7535,inf
4MG8,decoy37,27J_redock_4MG8,0.6348,3.6222,inf
4MG8,decoy429,27J_redock_4MG8,0.6343,4.6932,inf
4MG8,decoy195,27J_redock_4MG8,0.6336,4.6339,inf
4MG8,decoy107,27J_redock_4MG8,0.6331,4.7991,inf
4MG8,571-22-2_min,27J_redock_4MG8,0.6327,4.7691,inf
4MG8,decoy428,27J_redock_4MG8,0.6324,4.4379,inf
4MG8,decoy219,27J_redock_4MG8,0.6303,4.3610,inf
4MG8,decoy112,27J_redock_4MG8,0.6297,4.4318,inf
4MG8,decoy237,27J_redock_4MG8,0.6258,4.0890,inf
4MG8,decoy334,27J_redock_4MG8,0.6244,4.2897,inf
4MG8,decoy382,27J_redock_4MG8,0.6238,4.6131,inf
4MG8,decoy125,27J_redock_4MG8,0.6233,4.0573,inf
4MG8,decoy433,27J_redock_4MG8,0.6231,4.2631,inf
4MG8,decoy197,27J_redock_4MG8,0.6190,4.6323,inf
4MG8,decoy124,27J_redock_4MG8,0.6177,4.1341,inf
4MG8,decoy33,27J_redock_4MG8,0.6155,4.3560,inf
4MG8,decoy164,27J_redock_4MG8,0.6149,3.9602,inf
4MG8,decoy108,27J_redock_4MG8,0.6124,4.0614,inf
4MG8,decoy318,27J_redock_4MG8,0.6121,4.5361,inf
4MG8,decoy393,27J_redock_4MG8,0.6117,3.9451,inf
4MG8,decoy152,27J_redock_4MG8,0.6115,4.2341,inf
4MG8,decoy406,27J_redock_4MG8,0.6114,4.6031,inf
4MG8,decoy57,27J_redock_4MG8,0.6106,4.4373,inf
4MG8,27J_min,27J_redock_4MG8,0.6103,3.9176,1.4909
4MG8,decoy408,27J_redock_4MG8,0.6098,4.5666,inf
4MG8,decoy363,27J_redock_4MG8,0.6089,4.5073,inf
4MG8,decoy367,27J_redock_4MG8,0.6083,4.2841,inf
4MG8,decoy357,27J_redock_4MG8,0.6080,3.6949,inf
4MG8,decoy176,27J_redock_4MG8,0.6051,4.1040,inf
4MG8,decoy68,27J_redock_4MG8,0.6049,4.2467,inf
4MG8,decoy50,27J_redock_4MG8,0.6046,4.4368,inf
4MG8,decoy144,27J_redock_4MG8,0.6035,4.5923,inf
4MG8,decoy238,27J_redock_4MG8,0.6034,4.4125,inf
4MG8,decoy320,27J_redock_4MG8,0.6026,4.4508,inf
4MG8,decoy162,27J_redock_4MG8,0.6015,3.6196,inf
4MG8,decoy405,27J_redock_4MG8,0.6005,3.7293,inf
4MG8,decoy232,27J_redock_4MG8,0.5976,3.8220,inf
4MG8,decoy302,27J_redock_4MG8,0.5975,3.8078,inf
4MG8,decoy215,27J_redock_4MG8,0.5964,3.9013,inf
4MG8,decoy425,27J_redock_4MG8,0.5950,4.2529,inf
4MG8,decoy194,27J_redock_4MG8,0.5945,4.3647,inf
4MG8,decoy218,27J_redock_4MG8,0.5942,4.2286,inf
4MG8,decoy134,27J_redock_4MG8,0.5931,3.1142,inf
4MG8,decoy426,27J_redock_4MG8,0.5921,4.1369,inf
4MG8,decoy228,27J_redock_4MG8,0.5873,4.1340,inf
4MG8,decoy399,27J_redock_4MG8,0.5872,3.9029,inf
4MG8,decoy271,27J_redock_4MG8,0.5849,4.3224,inf
4MG8,decoy157,27J_redock_4MG8,0.5843,4.1457,inf
4MG8,decoy290,27J_redock_4MG8,0.5832,3.3757,inf
4MG8,decoy52,27J_redock_4MG8,0.5825,3.7184,inf
4MG8,7773-34-4_min,27J_redock_4MG8,0.5810,4.3189,inf
4MG8,decoy360,27J_redock_4MG8,0.5808,4.1214,inf
4MG8,decoy39,27J_redock_4MG8,0.5795,4.2149,inf
4MG8,decoy234,27J_redock_4MG8,0.5785,4.0875,inf
4MG8,decoy329,27J_redock_4MG8,0.5759,4.5630,inf
4MG8,decoy2,27J_redock_4MG8,0.5753,4.0141,inf
4MG8,decoy216,27J_redock_4MG8,0.5717,4.0478,inf
4MG8,decoy217,27J_redock_4MG8,0.5682,3.9796,inf
4MG8,decoy404,27J_redock_4MG8,0.5675,3.8234,inf
4MG8,decoy270,27J_redock_4MG8,0.5660,3.9385,inf
4MG8,decoy272,27J_redock_4MG8,0.5651,3.9152,inf
4MG8,207-13-4_min,27J_redock_4MG8,0.5649,3.2746,inf
4MG8,decoy91,27J_redock_4MG8,0.5627,3.8011,inf
4MG8,decoy418,27J_redock_4MG8,0.5622,3.9184,inf
4MG8,decoy177,27J_redock_4MG8,0.5618,3.2032,inf
4MG8,decoy31,27J_redock_4MG8,0.5605,3.6529,inf
4MG8,decoy202,27J_redock_4MG8,0.5605,3.7267,inf
4MG8,decoy69,27J_redock_4MG8,0.5598,3.9179,inf
4MG8,decoy80,27J_redock_4MG8,0.5598,3.9420,inf
4MG8,decoy7,27J_redock_4MG8,0.5590,3.9318,inf
4MG8,decoy398,27J_redock_4MG8,0.5584,3.7309,inf
4MG8,decoy248,27J_redock_4MG8,0.5584,3.6391,inf
4MG8,decoy119,27J_redock_4MG8,0.5573,3.7845,inf
4MG8,decoy412,27J_redock_4MG8,0.5558,3.8656,inf
4MG8,decoy229,27J_redock_4MG8,0.5556,3.6754,inf
4MG8,decoy256,27J_redock_4MG8,0.5555,3.3747,inf
4MG8,72-33-3_min,27J_redock_4MG8,0.5535,4.2746,inf
4MG8,decoy387,27J_redock_4MG8,0.5529,3.8536,inf
4MG8,decoy424,27J_redock_4MG8,0.5527,3.3550,inf
4MG8,decoy14,27J_redock_4MG8,0.5524,3.9363,inf
4MG8,decoy8,27J_redock_4MG8,0.5503,3.7854,inf
4MG8,decoy188,27J_redock_4MG8,0.5497,3.6703,inf
4MG8,decoy30,27J_redock_4MG8,0.5481,3.8805,inf
4MG8,decoy142,27J_redock_4MG8,0.5478,3.5136,inf
4MG8,decoy141,27J_redock_4MG8,0.5476,3.5233,inf
4MG8,decoy12,27J_redock_4MG8,0.5460,3.6896,inf
4MG8,decoy114,27J_redock_4MG8,0.5459,3.9932,inf
4MG8,Caffeine_min,27J_redock_4MG8,0.5456,2.7882,inf
4MG8,131-57-7_min,27J_redock_4MG8,0.5448,3.1729,inf
4MG8,decoy300,27J_redock_4MG8,0.5448,3.9887,inf
4MG8,decoy262,27J_redock_4MG8,0.5422,3.1790,inf
4MG8,decoy283,27J_redock_4MG8,0.5404,3.5990,inf
4MG8,decoy165,27J_redock_4MG8,0.5393,3.3095,inf
4MG8,decoy73,27J_redock_4MG8,0.5393,2.5490,inf
4MG8,decoy147,27J_redock_4MG8,0.5374,3.8989,inf
4MG8,decoy126,27J_redock_4MG8,0.5372,3.9002,inf
4MG8,decoy59,27J_redock_4MG8,0.5371,3.7028,inf
4MG8,decoy247,27J_redock_4MG8,0.5364,3.7078,inf
4MG8,decoy207,27J_redock_4MG8,0.5356,3.5181,inf
4MG8,decoy28,27J_redock_4MG8,0.5345,4.0655,inf
4MG8,decoy379,27J_redock_4MG8,0.5344,3.6878,inf
4MG8,decoy137,27J_redock_4MG8,0.5322,3.2627,inf
4MG8,decoy307,27J_redock_4MG8,0.5320,3.9363,inf
4MG8,decoy356,27J_redock_4MG8,0.5315,3.6075,inf
4MG8,decoy40,27J_redock_4MG8,0.5310,3.7355,inf
4MG8,decoy172,27J_redock_4MG8,0.5304,3.6061,inf
4MG8,decoy233,27J_redock_4MG8,0.5297,3.2232,inf
4MG8,decoy364,27J_redock_4MG8,0.5251,3.6264,inf
4MG8,decoy209,27J_redock_4MG8,0.5249,3.2692,inf
4MG8,decoy366,27J_redock_4MG8,0.5190,3.0794,inf
4MG8,decoy321,27J_redock_4MG8,0.5174,3.6214,inf
4MG8,decoy337,27J_redock_4MG8,0.5131,3.8019,inf
4MG8,decoy180,27J_redock_4MG8,0.5124,3.5732,inf
4MG8,decoy53,27J_redock_4MG8,0.5115,3.0894,inf
4MG8,decoy354,27J_redock_4MG8,0.5098,3.2605,inf
4MG8,decoy205,27J_redock_4MG8,0.5092,3.5542,inf
4MG8,decoy136,27J_redock_4MG8,0.5081,3.5353,inf
4MG8,decoy254,27J_redock_4MG8,0.5075,2.6352,inf
4MG8,decoy192,27J_redock_4MG8,0.5049,3.5253,inf
4MG8,decoy222,27J_redock_4MG8,0.5015,3.4535,inf
4MG8,decoy344,27J_redock_4MG8,0.4986,3.4708,inf
4MG8,decoy17,27J_redock_4MG8,0.4982,2.9054,inf
4MG8,decoy400,27J_redock_4MG8,0.4964,3.5265,inf
4MG8,decoy241,27J_redock_4MG8,0.4954,2.9782,inf
4MG8,decoy409,27J_redock_4MG8,0.4906,3.5773,inf
4MG8,decoy427,27J_redock_4MG8,0.4905,3.2806,inf
4MG8,decoy327,27J_redock_4MG8,0.4899,3.6512,inf
4MG8,decoy146,27J_redock_4MG8,0.4887,3.4074,inf
4MG8,decoy170,27J_redock_4MG8,0.4879,3.1646,inf
4MG8,decoy26,27J_redock_4MG8,0.4860,3.4772,inf
4MG8,decoy325,27J_redock_4MG8,0.4859,3.5737,inf
4MG8,decoy135,27J_redock_4MG8,0.4829,3.5321,inf
4MG8,decoy100,27J_redock_4MG8,0.4825,3.2969,inf
4MG8,decoy278,27J_redock_4MG8,0.4825,3.3665,inf
4MG8,decoy110,27J_redock_4MG8,0.4823,3.0877,inf
4MG8,115-86-6_min,27J_redock_4MG8,0.4822,3.0093,inf
4MG8,decoy9,27J_redock_4MG8,0.4818,3.4140,inf
4MG8,decoy348,27J_redock_4MG8,0.4787,3.0426,inf
4MG8,decoy332,27J_redock_4MG8,0.4752,3.4461,inf
4MG8,decoy25,27J_redock_4MG8,0.4738,3.3417,inf
4MG8,decoy149,27J_redock_4MG8,0.4737,3.2932,inf
4MG8,decoy432,27J_redock_4MG8,0.4728,2.9556,inf
4MG8,decoy66,27J_redock_4MG8,0.4724,2.6535,inf
4MG8,decoy316,27J_redock_4MG8,0.4720,3.6072,inf
4MG8,decoy138,27J_redock_4MG8,0.4720,2.9985,inf
4MG8,decoy89,27J_redock_4MG8,0.4692,2.9407,inf
4MG8,decoy276,27J_redock_4MG8,0.4644,3.0433,inf
4MG8,decoy303,27J_redock_4MG8,0.4632,3.3115,inf
4MG8,decoy422,27J_redock_4MG8,0.4597,3.2195,inf
4MG8,decoy264,27J_redock_4MG8,0.4597,3.2761,inf
4MG8,decoy391,27J_redock_4MG8,0.4589,3.0564,inf
4MG8,50-02-2_min,27J_redock_4MG8,0.4568,3.3186,inf
4MG8,decoy333,27J_redock_4MG8,0.4562,3.0512,inf
4MG8,decoy286,27J_redock_4MG8,0.4552,3.2217,inf
4MG8,decoy88,27J_redock_4MG8,0.4544,3.1996,inf
4MG8,decoy182,27J_redock_4MG8,0.4543,2.9067,inf
4MG8,decoy115,27J_redock_4MG8,0.4519,2.9999,inf
4MG8,decoy10,27J_redock_4MG8,0.4518,2.9746,inf
4MG8,decoy96,27J_redock_4MG8,0.4510,3.0224,inf
4MG8,decoy163,27J_redock_4MG8,0.4508,3.4043,inf
4MG8,decoy11,27J_redock_4MG8,0.4490,3.0347,inf
4MG8,decoy103,27J_redock_4MG8,0.4487,3.1567,inf
4MG8,decoy365,27J_redock_4MG8,0.4479,2.6416,inf
4MG8,decoy140,27J_redock_4MG8,0.4472,3.3219,inf
4MG8,decoy198,27J_redock_4MG8,0.4464,3.0634,inf
4MG8,decoy97,27J_redock_4MG8,0.4453,2.6036,inf
4MG8,decoy46,27J_redock_4MG8,0.4448,2.8867,inf
4MG8,decoy377,27J_redock_4MG8,0.4435,2.6215,inf
4MG8,decoy143,27J_redock_4MG8,0.4424,2.6626,inf
4MG8,decoy383,27J_redock_4MG8,0.4420,2.7623,inf
4MG8,decoy35,27J_redock_4MG8,0.4419,3.0684,inf
4MG8,decoy70,27J_redock_4MG8,0.4380,2.7272,inf
4MG8,decoy385,27J_redock_4MG8,0.4368,3.1767,inf
4MG8,decoy373,27J_redock_4MG8,0.4366,2.4171,inf
4MG8,decoy362,27J_redock_4MG8,0.4273,3.0000,inf
4MG8,decoy350,27J_redock_4MG8,0.4265,2.8995,inf
4MG8,decoy301,27J_redock_4MG8,0.4260,3.0748,inf
4MG8,decoy120,27J_redock_4MG8,0.4250,2.8787,inf
4MG8,decoy211,27J_redock_4MG8,0.4245,3.0999,inf
4MG8,decoy421,27J_redock_4MG8,0.4235,2.7597,inf
4MG8,decoy347,27J_redock_4MG8,0.4224,2.8066,inf
4MG8,decoy296,27J_redock_4MG8,0.4210,3.1004,inf
4MG8,decoy351,27J_redock_4MG8,0.4205,2.7003,inf
4MG8,decoy277,27J_redock_4MG8,0.4202,2.9461,inf
4MG8,decoy77,27J_redock_4MG8,0.4201,2.7828,inf
4MG8,decoy395,27J_redock_4MG8,0.4196,2.6498,inf
4MG8,decoy16,27J_redock_4MG8,0.4186,2.9232,inf
4MG8,decoy214,27J_redock_4MG8,0.4168,2.9630,inf
4MG8,decoy167,27J_redock_4MG8,0.4167,2.8957,inf
4MG8,decoy352,27J_redock_4MG8,0.4142,3.0452,inf
4MG8,decoy323,27J_redock_4MG8,0.4131,3.0310,inf
4MG8,decoy42,27J_redock_4MG8,0.4117,2.6131,inf
4MG8,decoy299,27J_redock_4MG8,0.4115,2.8439,inf
4MG8,decoy293,27J_redock_4MG8,0.4100,2.8843,inf
4MG8,decoy335,27J_redock_4MG8,0.4099,2.7597,inf
4MG8,decoy79,27J_redock_4MG8,0.4088,2.4887,inf
4MG8,decoy338,27J_redock_4MG8,0.4049,2.8022,inf
4MG8,decoy86,27J_redock_4MG8,0.4008,2.8224,inf
4MG8,decoy159,27J_redock_4MG8,0.4004,2.9616,inf
4MG8,decoy285,27J_redock_4MG8,0.3986,2.7039,inf
4MG8,decoy315,27J_redock_4MG8,0.3985,2.7930,inf
4MG8,decoy113,27J_redock_4MG8,0.3975,2.8196,inf
4MG8,decoy74,27J_redock_4MG8,0.3962,2.7333,inf
4MG8,decoy346,27J_redock_4MG8,0.3933,2.6958,inf
4MG8,decoy353,27J_redock_4MG8,0.3929,2.4568,inf
4MG8,decoy133,27J_redock_4MG8,0.3921,2.5771,inf
4MG8,decoy339,27J_redock_4MG8,0.3901,2.6743,inf
4MG8,decoy358,27J_redock_4MG8,0.3863,2.5413,inf
4MG8,decoy127,27J_redock_4MG8,0.3857,2.7717,inf
4MG8,decoy370,27J_redock_4MG8,0.3816,2.7423,inf
4MG8,decoy65,27J_redock_4MG8,0.3813,2.6906,inf
4MG8,decoy47,27J_redock_4MG8,0.3810,2.6432,inf
4MG8,decoy292,27J_redock_4MG8,0.3802,2.7273,inf
4MG8,decoy199,27J_redock_4MG8,0.3798,2.5713,inf
4MG8,83-46-5_min,27J_redock_4MG8,0.3778,3.0809,inf
4MG8,decoy372,27J_redock_4MG8,0.3777,2.6757,inf
4MG8,decoy98,27J_redock_4MG8,0.3759,2.4897,inf
4MG8,decoy380,27J_redock_4MG8,0.3754,2.1970,inf
4MG8,decoy423,27J_redock_4MG8,0.3711,2.5157,inf
4MG8,decoy326,27J_redock_4MG8,0.3709,2.8170,inf
4MG8,decoy139,27J_redock_4MG8,0.3679,2.5544,inf
4MG8,decoy390,27J_redock_4MG8,0.3651,2.6968,inf
4MG8,decoy122,27J_redock_4MG8,0.3614,2.5266,inf
4MG8,decoy225,27J_redock_4MG8,0.3556,2.4796,inf
4MG8,decoy117,27J_redock_4MG8,0.3550,2.2969,inf
4MG8,decoy402,27J_redock_4MG8,0.3490,2.1228,inf
4MG8,decoy430,27J_redock_4MG8,0.3395,2.2503,inf
4MG8,911-45-5_min,27J_redock_4MG8,0.3331,2.4306,inf
4MG8,decoy161,27J_redock_4MG8,0.3301,1.6112,inf
4MG8,decoy310,27J_redock_4MG8,0.3221,2.2720,inf
4MG8,decoy148,27J_redock_4MG8,0.3199,2.0806,inf
4MG8,decoy106,27J_redock_4MG8,0.3133,2.1297,inf
4MG8,decoy340,27J_redock_4MG8,0.3040,2.1419,inf
4MG8,decoy324,27J_redock_4MG8,0.3021,1.8873,inf
4MG8,decoy369,27J_redock_4MG8,0.2950,2.0163,inf
4MG8,1845-11-0_min,27J_redock_4MG8,0.2946,2.1636,inf
4MG8,decoy20,27J_redock_4MG8,0.2893,1.7941,inf
4MG8,decoy306,27J_redock_4MG8,0.2847,2.0510,inf
4MG8,decoy181,27J_redock_4MG8,0.2703,1.9105,inf
4MG8,decoy343,27J_redock_4MG8,0.2520,1.6767,inf
4MG8,decoy378,27J_redock_4MG8,0.2357,1.5145,inf
4MG8,decoy328,27J_redock_4MG8,0.2330,1.5756,inf
4MG8,decoy58,27J_redock_4MG8,0.2059,1.3530,inf
4MG8,decoy371,27J_redock_4MG8,0.2003,1.0213,inf
4MG9,789-02-6_min,27K_redock_4MG9,0.9780,7.5647,inf
4MG9,67651-34-7_min,27K_redock_4MG9,0.9741,7.8177,inf
4MG9,474-86-2_min,27K_redock_4MG9,0.9712,7.6767,inf
4MG9,53-19-0_min,27K_redock_4MG9,0.9708,7.1264,inf
4MG9,53-16-7_min,27K_redock_4MG9,0.9688,7.5254,inf
4MG9,3601-97-6_min,27K_redock_4MG9,0.9538,7.3264,inf
4MG9,84-16-2_min,27K_redock_4MG9,0.9537,7.6314,inf
4MG9,28463-03-8_min,27K_redock_4MG9,0.9468,7.1209,inf
4MG9,50-29-3_min,27K_redock_4MG9,0.9410,6.9098,inf
4MG9,53-63-4_min,27K_redock_4MG9,0.9406,7.1720,inf
4MG9,34816-55-2_min,27K_redock_4MG9,0.9393,7.6681,inf
4MG9,57-91-0_min,27K_redock_4MG9,0.9335,7.1727,inf
4MG9,decoy269,27K_redock_4MG9,0.9324,6.4710,inf
4MG9,65118-81-2_min,27K_redock_4MG9,0.9320,6.8243,inf
4MG9,decoy57,27K_redock_4MG9,0.9320,6.7587,inf
4MG9,53905-28-5_min,27K_redock_4MG9,0.9309,6.5477,inf
4MG9,57-63-6_min,27K_redock_4MG9,0.9266,7.5236,inf
4MG9,EE2_min,27K_redock_4MG9,0.9266,7.5236,inf
4MG9,decoy18,27K_redock_4MG9,0.9186,4.4284,inf
4MG9,599-64-4_min,27K_redock_4MG9,0.9177,6.1852,inf
4MG9,85-68-7_min,27K_redock_4MG9,0.9146,5.3878,inf
4MG9,decoy253,27K_redock_4MG9,0.9133,5.8490,inf
4MG9,decoy309,27K_redock_4MG9,0.9130,6.3331,inf
4MG9,72-43-5_min,27K_redock_4MG9,0.9126,6.5106,inf
4MG9,decoy166,27K_redock_4MG9,0.9115,7.3570,inf
4MG9,72-54-8_min,27K_redock_4MG9,0.9099,6.5401,inf
4MG9,120-47-8_min,27K_redock_4MG9,0.9096,4.8317,inf
4MG9,140-66-9_min,27K_redock_4MG9,0.9091,6.3693,inf
4MG9,27L_min,27K_redock_4MG9,0.9091,6.3693,inf
4MG9,13037-86-0_min,27K_redock_4MG9,0.9090,6.1210,inf
4MG9,decoy368,27K_redock_4MG9,0.9090,6.7803,inf
4MG9,decoy434,27K_redock_4MG9,0.9079,6.4399,inf
4MG9,28034-99-3_min,27K_redock_4MG9,0.9064,5.7564,inf
4MG9,decoy168,27K_redock_4MG9,0.9062,6.8530,inf
4MG9,decoy13,27K_redock_4MG9,0.9054,6.5643,inf
4MG9,decoy240,27K_redock_4MG9,0.9052,6.0686,inf
4MG9,2971-36-0_min,27K_redock_4MG9,0.9041,6.9071,inf
4MG9,75938-34-0_min,27K_redock_4MG9,0.9023,6.6631,inf
4MG9,80-46-6_min,27K_redock_4MG9,0.9018,5.7185,inf
4MG9,104-43-8_min,27K_redock_4MG9,0.8995,7.1344,inf
4MG9,99-71-8_min,27K_redock_4MG9,0.8992,5.5355,inf
4MG9,5153-25-3_min,27K_redock_4MG9,0.8991,6.1373,1.6951
4MG9,103-16-2_min,27K_redock_4MG9,0.8989,5.2992,inf
4MG9,decoy288,27K_redock_4MG9,0.8988,6.3932,inf
4MG9,decoy236,27K_redock_4MG9,0.8972,6.0819,inf
4MG9,decoy1,27K_redock_4MG9,0.8970,6.2846,inf
4MG9,92-69-3_min,27K_redock_4MG9,0.8959,5.1848,inf
4MG9,53-45-2_min,27K_redock_4MG9,0.8959,6.1589,inf
4MG9,1806-26-4_min,27K_redock_4MG9,0.8958,6.3524,inf
4MG9,50-28-2_min,27K_redock_4MG9,0.8953,6.9561,inf
4MG9,EST_min,27K_redock_4MG9,0.8953,6.9561,inf
4MG9,98-54-4_min,27K_redock_4MG9,0.8946,5.4337,inf
4MG9,94-26-8_min,27K_redock_4MG9,0.8913,5.4474,1.6152
4MG9,27K_min,27K_redock_4MG9,0.8913,5.4474,1.6152
4MG9,decoy60,27K_redock_4MG9,0.8901,5.8327,inf
4MG9,94-13-3_min,27K_redock_4MG9,0.8891,5.0659,inf
4MG9,decoy61,27K_redock_4MG9,0.8847,6.4934,inf
4MG9,59-50-7_min,27K_redock_4MG9,0.8843,4.2907,inf
4MG9,123-07-9_min,27K_redock_4MG9,0.8840,4.6220,inf
4MG9,decoy417,27K_redock_4MG9,0.8835,6.2694,inf
4MG9,decoy55,27K_redock_4MG9,0.8834,6.6835,inf
4MG9,6554-98-9_min,27K_redock_4MG9,0.8822,6.0451,inf
4MG9,131-56-6_min,27K_redock_4MG9,0.8811,5.1185,inf
4MG9,decoy99,27K_redock_4MG9,0.8800,6.6367,inf
4MG9,decoy245,27K_redock_4MG9,0.8799,6.7871,inf
4MG9,decoy21,27K_redock_4MG9,0.8789,6.2276,inf
4MG9,56-53-1_min,27K_redock_4MG9,0.8783,6.9223,inf
4MG9,DES_min,27K_redock_4MG9,0.8754,6.9190,inf
4MG9,58-22-0_min,27K_redock_4MG9,0.8739,6.6298,inf
4MG9,Testosterone_min,27K_redock_4MG9,0.8739,6.6298,inf
4MG9,99-76-3_min,27K_redock_4MG9,0.8735,4.5924,inf
4MG9,521-18-6_min,27K_redock_4MG9,0.8719,6.7420,inf
4MG9,decoy187,27K_redock_4MG9,0.8705,5.7029,inf
4MG9,481-30-1_min,27K_redock_4MG9,0.8701,6.5176,inf
4MG9,decoy155,27K_redock_4MG9,0.8670,6.7114,inf
4MG9,6052-84-2_min,27K_redock_4MG9,0.8656,6.1436,inf
4MG9,94-18-8_min,27K_redock_4MG9,0.8651,5.5548,1.4842
4MG9,decoy258,27K_redock_4MG9,0.8644,5.8808,inf
4MG9,decoy153,27K_redock_4MG9,0.8625,6.1592,inf
4MG9,580-51-8_min,27K_redock_4MG9,0.8617,4.7733,inf
4MG9,decoy78,27K_redock_4MG9,0.8608,6.4475,inf
4MG9,1229-24-9_min,27K_redock_4MG9,0.8589,6.5769,inf
4MG9,decoy331,27K_redock_4MG9,0.8578,6.9954,inf
4MG9,1085-12-7_min,27K_redock_4MG9,0.8546,5.7145,1.3367
4MG9,362-05-0_min,27K_redock_4MG9,0.8546,6.3315,inf
4MG9,58-72-0_min,27K_redock_4MG9,0.8529,5.6455,inf
4MG9,decoy87,27K_redock_4MG9,0.8518,6.1917,inf
4MG9,decoy243,27K_redock_4MG9,0.8512,5.8382,inf
4MG9,84-17-3_min,27K_redock_4MG9,0.8504,6.8071,inf
4MG9,218-01-9_min,27K_redock_4MG9,0.8479,5.2014,inf
4MG9,1570-64-5_min,27K_redock_4MG9,0.8443,3.8060,inf
4MG9,decoy397,27K_redock_4MG9,0.8432,6.0999,inf
4MG9,50-27-1_min,27K_redock_4MG9,0.8422,6.2211,inf
4MG9,92-04-6_min,27K_redock_4MG9,0.8397,5.0588,inf
4MG9,decoy274,27K_redock_4MG9,0.8373,5.2540,inf
4MG9,decoy71,27K_redock_4MG9,0.8365,5.9921,inf
4MG9,decoy376,27K_redock_4MG9,0.8327,6.2070,inf
4MG9,decoy319,27K_redock_4MG9,0.8325,5.9546,inf
4MG9,decoy410,27K_redock_4MG9,0.8315,5.7707,inf
4MG9,decoy169,27K_redock_4MG9,0.8288,5.2997,inf
4MG9,611-99-4_min,27K_redock_4MG9,0.8260,4.8714,inf
4MG9,77-40-7_min,27K_redock_4MG9,0.8250,5.9244,inf
4MG9,decoy244,27K_redock_4MG9,0.8246,5.9679,inf
4MG9,decoy259,27K_redock_4MG9,0.8243,5.8099,inf
4MG9,decoy206,27K_redock_4MG9,0.8224,5.5476,inf
4MG9,243-17-4_min,27K_redock_4MG9,0.8208,4.9259,inf
4MG9,25154-52-3_min,27K_redock_4MG9,0.8199,5.3431,inf
4MG9,5394-98-9_min,27K_redock_4MG9,0.8196,5.0790,inf
4MG9,603-45-2_min,27K_redock_4MG9,0.8194,6.1956,inf
4MG9,decoy189,27K_redock_4MG9,0.8192,5.8246,inf
4MG9,81-90-3_min,27K_redock_4MG9,0.8143,5.4509,inf
4MG9,659-22-3_min,27K_redock_4MG9,0.8137,5.7354,inf
4MG9,decoy30,27K_redock_4MG9,0.8135,5.5763,inf
4MG9,94-25-7_min,27K_redock_4MG9,0.8131,4.4664,inf
4MG9,decoy226,27K_redock_4MG9,0.8131,5.6721,inf
4MG9,decoy263,27K_redock_4MG9,0.8120,5.6354,inf
4MG9,decoy345,27K_redock_4MG9,0.8113,6.4068,inf
4MG9,decoy29,27K_redock_4MG9,0.8107,5.2600,inf
4MG9,571-20-0_min,27K_redock_4MG9,0.8106,6.2329,inf
4MG9,decoy194,27K_redock_4MG9,0.8100,6.0382,inf
4MG9,84-69-5_min,27K_redock_4MG9,0.8097,4.6381,inf
4MG9,decoy92,27K_redock_4MG9,0.8085,6.1673,inf
4MG9,decoy419,27K_redock_4MG9,0.8084,5.4768,inf
4MG9,97-54-1_min,27K_redock_4MG9,0.8080,4.2116,inf
4MG9,decoy48,27K_redock_4MG9,0.8076,5.2737,inf
4MG9,decoy173,27K_redock_4MG9,0.8074,5.7623,inf
4MG9,decoy116,27K_redock_4MG9,0.8052,5.6448,inf
4MG9,decoy123,27K_redock_4MG9,0.8046,6.3615,inf
4MG9,decoy23,27K_redock_4MG9,0.8034,5.2304,inf
4MG9,decoy251,27K_redock_4MG9,0.8024,5.3573,inf
4MG9,decoy223,27K_redock_4MG9,0.8019,5.4489,inf
4MG9,decoy130,27K_redock_4MG9,0.8013,5.5567,inf
4MG9,36J_min,27K_redock_4MG9,0.7985,5.2477,2.0990
4MG9,decoy174,27K_redock_4MG9,0.7972,5.5026,inf
4MG9,decoy34,27K_redock_4MG9,0.7964,5.6609,inf
4MG9,decoy265,27K_redock_4MG9,0.7949,5.5662,inf
4MG9,decoy171,27K_redock_4MG9,0.7931,4.7673,inf
4MG9,decoy193,27K_redock_4MG9,0.7921,5.7523,inf
4MG9,97-53-0_min,27K_redock_4MG9,0.7898,4.6111,inf
4MG9,2OH_min,27K_redock_4MG9,0.7890,5.4486,inf
4MG9,80-05-7_min,27K_redock_4MG9,0.7890,5.4486,inf
4MG9,decoy268,27K_redock_4MG9,0.7888,5.4373,inf
4MG9,decoy3,27K_redock_4MG9,0.7862,4.9884,inf
4MG9,84-74-2_min,27K_redock_4MG9,0.7829,4.2233,inf
4MG9,decoy425,27K_redock_4MG9,0.7806,5.6040,inf
4MG9,decoy72,27K_redock_4MG9,0.7798,6.1108,inf
4MG9,72-55-9_min,27K_redock_4MG9,0.7793,5.4146,inf
4MG9,decoy260,27K_redock_4MG9,0.7792,5.7317,inf
4MG9,decoy431,27K_redock_4MG9,0.7782,5.8443,inf
4MG9,decoy287,27K_redock_4MG9,0.7769,4.4722,inf
4MG9,decoy49,27K_redock_4MG9,0.7757,5.3929,inf
4MG9,decoy291,27K_redock_4MG9,0.7746,5.1139,inf
4MG9,decoy6,27K_redock_4MG9,0.7705,4.5549,inf
4MG9,decoy15,27K_redock_4MG9,0.7697,5.0315,inf
4MG9,decoy216,27K_redock_4MG9,0.7690,5.6604,inf
4MG9,decoy230,27K_redock_4MG9,0.7682,4.7702,inf
4MG9,decoy185,27K_redock_4MG9,0.7676,5.2921,inf
4MG9,decoy190,27K_redock_4MG9,0.7655,5.4050,inf
4MG9,decoy266,27K_redock_4MG9,0.7652,5.5674,inf
4MG9,decoy257,27K_redock_4MG9,0.7622,5.8434,inf
4MG9,decoy388,27K_redock_4MG9,0.7621,4.9511,inf
4MG9,decoy45,27K_redock_4MG9,0.7616,5.0945,2.1061
4MG9,5976-61-4_min,27K_redock_4MG9,0.7598,5.6112,inf
4MG9,2529-64-8_min,27K_redock_4MG9,0.7581,5.3368,inf
4MG9,decoy81,27K_redock_4MG9,0.7581,5.2939,inf
4MG9,decoy420,27K_redock_4MG9,0.7579,5.1841,inf
4MG9,decoy204,27K_redock_4MG9,0.7550,5.2688,inf
4MG9,decoy375,27K_redock_4MG9,0.7526,5.6485,inf
4MG9,decoy279,27K_redock_4MG9,0.7522,5.1015,inf
4MG9,27M_min,27K_redock_4MG9,0.7521,4.5563,inf
4MG9,decoy203,27K_redock_4MG9,0.7504,4.8960,inf
4MG9,decoy416,27K_redock_4MG9,0.7501,4.5524,inf
4MG9,decoy329,27K_redock_4MG9,0.7492,5.9897,inf
4MG9,decoy135,27K_redock_4MG9,0.7479,5.5791,inf
4MG9,1852-53-5_min,27K_redock_4MG9,0.7479,5.6747,inf
4MG9,decoy428,27K_redock_4MG9,0.7439,5.2042,inf
4MG9,decoy112,27K_redock_4MG9,0.7436,5.3539,inf
4MG9,50-22-6_min,27K_redock_4MG9,0.7407,5.5917,inf
4MG9,decoy186,27K_redock_4MG9,0.7346,5.1461,inf
4MG9,decoy4,27K_redock_4MG9,0.7346,5.0803,inf
4MG9,decoy111,27K_redock_4MG9,0.7344,4.7867,inf
4MG9,decoy408,27K_redock_4MG9,0.7342,4.2797,inf
4MG9,126-00-1_min,27K_redock_4MG9,0.7337,5.0653,inf
4MG9,57-83-0_min,27K_redock_4MG9,0.7336,5.7293,inf
4MG9,500-38-9_min,27K_redock_4MG9,0.7335,5.5206,inf
4MG9,143-74-8_min,27K_redock_4MG9,0.7310,4.9588,inf
4MG9,decoy154,27K_redock_4MG9,0.7278,4.9837,inf
4MG9,decoy63,27K_redock_4MG9,0.7275,4.4633,inf
4MG9,decoy305,27K_redock_4MG9,0.7274,5.5597,inf
4MG9,decoy224,27K_redock_4MG9,0.7271,5.0915,inf
4MG9,decoy414,27K_redock_4MG9,0.7265,4.6423,inf
4MG9,decoy54,27K_redock_4MG9,0.7256,4.8649,inf
4MG9,decoy413,27K_redock_4MG9,0.7241,4.1158,inf
4MG9,2050-68-2_min,27K_redock_4MG9,0.7239,3.7905,inf
4MG9,decoy103,27K_redock_4MG9,0.7236,5.0933,inf
4MG9,decoy93,27K_redock_4MG9,0.7217,4.2778,inf
4MG9,80-09-1_min,27K_redock_4MG9,0.7181,4.6439,inf
4MG9,decoy359,27K_redock_4MG9,0.7179,4.8469,inf
4MG9,decoy282,27K_redock_4MG9,0.7171,4.8650,inf
4MG9,decoy76,27K_redock_4MG9,0.7168,4.9580,inf
4MG9,decoy183,27K_redock_4MG9,0.7145,4.6764,inf
4MG9,decoy5,27K_redock_4MG9,0.7143,5.0575,inf
4MG9,decoy197,27K_redock_4MG9,0.7119,5.3203,inf
4MG9,decoy426,27K_redock_4MG9,0.7113,5.0888,inf
4MG9,decoy27,27K_redock_4MG9,0.7097,5.2637,inf
4MG9,decoy200,27K_redock_4MG9,0.7096,3.5709,inf
4MG9,decoy314,27K_redock_4MG9,0.7093,4.9701,inf
4MG9,decoy212,27K_redock_4MG9,0.7091,4.2140,inf
4MG9,decoy31,27K_redock_4MG9,0.7089,4.6917,inf
4MG9,decoy19,27K_redock_4MG9,0.7080,4.3362,inf
4MG9,decoy242,27K_redock_4MG9,0.7059,4.6123,inf
4MG9,decoy261,27K_redock_4MG9,0.7058,4.6722,inf
4MG9,decoy121,27K_redock_4MG9,0.7052,4.6203,inf
4MG9,decoy36,27K_redock_4MG9,0.7047,5.1075,inf
4MG9,decoy406,27K_redock_4MG9,0.7025,5.4311,inf
4MG9,decoy113,27K_redock_4MG9,0.7013,5.1485,inf
4MG9,decoy328,27K_redock_4MG9,0.7009,4.9707,inf
4MG9,decoy312,27K_redock_4MG9,0.6993,5.6064,inf
4MG9,140-10-3_min,27K_redock_4MG9,0.6983,3.2837,inf
4MG9,115-86-6_min,27K_redock_4MG9,0.6968,4.1930,inf
4MG9,decoy56,27K_redock_4MG9,0.6920,3.7268,inf
4MG9,decoy317,27K_redock_4MG9,0.6910,4.7805,inf
4MG9,5108-94-1_min,27K_redock_4MG9,0.6910,5.3407,inf
4MG9,decoy82,27K_redock_4MG9,0.6906,4.7171,inf
4MG9,decoy101,27K_redock_4MG9,0.6886,4.4229,inf
4MG9,decoy273,27K_redock_4MG9,0.6873,4.9264,inf
4MG9,58-89-9_min,27K_redock_4MG9,0.6861,4.3930,inf
4MG9,decoy250,27K_redock_4MG9,0.6859,4.1981,inf
4MG9,60-57-1_min,27K_redock_4MG9,0.6853,5.3993,inf
4MG9,decoy267,27K_redock_4MG9,0.6849,4.5042,inf
4MG9,decoy249,27K_redock_4MG9,0.6846,4.2079,inf
4MG9,3434-79-5_min,27K_redock_4MG9,0.6837,5.2267,inf
4MG9,decoy151,27K_redock_4MG9,0.6834,4.7461,inf
4MG9,decoy304,27K_redock_4MG9,0.6830,4.6883,inf
4MG9,571-22-2_min,27K_redock_4MG9,0.6825,4.9666,inf
4MG9,decoy255,27K_redock_4MG9,0.6817,4.5789,inf
4MG9,decoy429,27K_redock_4MG9,0.6791,4.9942,inf
4MG9,decoy394,27K_redock_4MG9,0.6790,4.8812,inf
4MG9,decoy231,27K_redock_4MG9,0.6783,4.8720,inf
4MG9,decoy294,27K_redock_4MG9,0.6748,4.4310,inf
4MG9,90-43-7_min,27K_redock_4MG9,0.6746,3.2808,inf
4MG9,decoy67,27K_redock_4MG9,0.6745,3.9198,inf
4MG9,decoy39,27K_redock_4MG9,0.6742,4.8942,inf
4MG9,decoy139,27K_redock_4MG9,0.6732,4.8117,inf
4MG9,decoy180,27K_redock_4MG9,0.6723,4.4506,inf
4MG9,decoy336,27K_redock_4MG9,0.6716,4.8587,inf
4MG9,decoy105,27K_redock_4MG9,0.6712,4.2334,inf
4MG9,decoy234,27K_redock_4MG9,0.6708,4.9577,inf
4MG9,decoy24,27K_redock_4MG9,0.6706,4.8643,inf
4MG9,decoy218,27K_redock_4MG9,0.6698,4.9655,inf
4MG9,decoy239,27K_redock_4MG9,0.6693,4.5315,inf
4MG9,decoy390,27K_redock_4MG9,0.6691,5.2163,inf
4MG9,50-02-2_min,27K_redock_4MG9,0.6681,4.8570,inf
4MG9,decoy396,27K_redock_4MG9,0.6666,4.6042,inf
4MG9,decoy88,27K_redock_4MG9,0.6630,4.7239,inf
4MG9,decoy95,27K_redock_4MG9,0.6617,4.2366,inf
4MG9,27J_min,27K_redock_4MG9,0.6571,4.5060,2.0088
4MG9,decoy393,27K_redock_4MG9,0.6570,4.3429,inf
4MG9,decoy196,27K_redock_4MG9,0.6543,4.5329,inf
4MG9,decoy41,27K_redock_4MG9,0.6542,4.3247,inf
4MG9,decoy374,27K_redock_4MG9,0.6523,4.2465,inf
4MG9,decoy191,27K_redock_4MG9,0.6515,4.5551,inf
4MG9,decoy184,27K_redock_4MG9,0.6489,4.6015,inf
4MG9,decoy128,27K_redock_4MG9,0.6461,4.6057,inf
4MG9,decoy178,27K_redock_4MG9,0.6458,4.3040,inf
4MG9,decoy163,27K_redock_4MG9,0.6451,4.9854,inf
4MG9,decoy50,27K_redock_4MG9,0.6445,4.5920,inf
4MG9,decoy156,27K_redock_4MG9,0.6436,4.4418,inf
4MG9,decoy297,27K_redock_4MG9,0.6430,4.3173,inf
4MG9,decoy62,27K_redock_4MG9,0.6404,3.6398,inf
4MG9,decoy7,27K_redock_4MG9,0.6391,4.5012,inf
4MG9,decoy246,27K_redock_4MG9,0.6391,4.4670,inf
4MG9,decoy175,27K_redock_4MG9,0.6364,4.4042,inf
4MG9,decoy320,27K_redock_4MG9,0.6363,4.8959,inf
4MG9,decoy221,27K_redock_4MG9,0.6352,4.0830,inf
4MG9,decoy411,27K_redock_4MG9,0.6335,4.4903,inf
4MG9,decoy131,27K_redock_4MG9,0.6286,4.0863,inf
4MG9,decoy2,27K_redock_4MG9,0.6286,4.1027,inf
4MG9,decoy208,27K_redock_4MG9,0.6280,3.9765,inf
4MG9,decoy235,27K_redock_4MG9,0.6279,4.4506,inf
4MG9,decoy409,27K_redock_4MG9,0.6267,4.6584,inf
4MG9,decoy318,27K_redock_4MG9,0.6267,4.4473,inf
4MG9,decoy330,27K_redock_4MG9,0.6251,4.5184,inf
4MG9,decoy238,27K_redock_4MG9,0.6244,4.8445,inf
4MG9,decoy44,27K_redock_4MG9,0.6236,4.2199,inf
4MG9,decoy77,27K_redock_4MG9,0.6218,4.1984,inf
4MG9,decoy278,27K_redock_4MG9,0.6204,4.3055,inf
4MG9,decoy227,27K_redock_4MG9,0.6178,4.2045,inf
4MG9,68-23-5_min,27K_redock_4MG9,0.6153,4.6293,inf
4MG9,decoy351,27K_redock_4MG9,0.6147,3.9927,inf
4MG9,decoy295,27K_redock_4MG9,0.6145,3.6478,inf
4MG9,decoy311,27K_redock_4MG9,0.6138,4.3760,inf
4MG9,decoy118,27K_redock_4MG9,0.6119,4.4332,inf
4MG9,decoy405,27K_redock_4MG9,0.6097,3.8528,inf
4MG9,decoy298,27K_redock_4MG9,0.6094,3.9559,inf
4MG9,decoy205,27K_redock_4MG9,0.6091,3.6907,inf
4MG9,decoy94,27K_redock_4MG9,0.6090,4.5146,inf
4MG9,decoy159,27K_redock_4MG9,0.6087,4.6771,inf
4MG9,decoy358,27K_redock_4MG9,0.6079,3.9887,inf
4MG9,decoy53,27K_redock_4MG9,0.6065,4.1623,inf
4MG9,decoy157,27K_redock_4MG9,0.6055,4.3532,inf
4MG9,decoy64,27K_redock_4MG9,0.6049,3.9728,inf
4MG9,decoy75,27K_redock_4MG9,0.6033,4.1798,inf
4MG9,decoy284,27K_redock_4MG9,0.6030,4.2725,inf
4MG9,72-33-3_min,27K_redock_4MG9,0.6017,4.5243,inf
4MG9,decoy68,27K_redock_4MG9,0.6004,3.9318,inf
4MG9,decoy356,27K_redock_4MG9,0.5983,3.6215,inf
4MG9,decoy333,27K_redock_4MG9,0.5974,4.0225,inf
4MG9,decoy176,27K_redock_4MG9,0.5965,3.9786,inf
4MG9,decoy102,27K_redock_4MG9,0.5933,3.9902,inf
4MG9,decoy148,27K_redock_4MG9,0.5928,3.8614,inf
4MG9,decoy125,27K_redock_4MG9,0.5927,3.9052,inf
4MG9,decoy403,27K_redock_4MG9,0.5920,3.9922,inf
4MG9,decoy275,27K_redock_4MG9,0.5919,4.3199,inf
4MG9,decoy280,27K_redock_4MG9,0.5907,4.1448,inf
4MG9,decoy164,27K_redock_4MG9,0.5900,3.7336,inf
4MG9,decoy349,27K_redock_4MG9,0.5899,4.1425,inf
4MG9,decoy141,27K_redock_4MG9,0.5894,3.8574,inf
4MG9,decoy26,27K_redock_4MG9,0.5892,4.1476,inf
4MG9,decoy43,27K_redock_4MG9,0.5887,3.7051,inf
4MG9,decoy384,27K_redock_4MG9,0.5882,4.2000,inf
4MG9,decoy392,27K_redock_4MG9,0.5871,4.0731,inf
4MG9,decoy132,27K_redock_4MG9,0.5871,4.1506,inf
4MG9,decoy146,27K_redock_4MG9,0.5857,3.9536,inf
4MG9,decoy66,27K_redock_4MG9,0.5857,2.9090,inf
4MG9,decoy407,27K_redock_4MG9,0.5839,4.1143,inf
4MG9,decoy308,27K_redock_4MG9,0.5818,4.1474,inf
4MG9,decoy254,27K_redock_4MG9,0.5815,2.9470,inf
4MG9,decoy84,27K_redock_4MG9,0.5814,3.9670,inf
4MG9,decoy213,27K_redock_4MG9,0.5809,3.9687,inf
4MG9,decoy22,27K_redock_4MG9,0.5807,3.2117,inf
4MG9,decoy38,27K_redock_4MG9,0.5789,3.6000,inf
4MG9,decoy373,27K_redock_4MG9,0.5773,3.0274,inf
4MG9,decoy270,27K_redock_4MG9,0.5767,3.9776,inf
4MG9,7773-34-4_min,27K_redock_4MG9,0.5765,4.1423,inf
4MG9,decoy104,27K_redock_4MG9,0.5762,3.6030,inf
4MG9,decoy42,27K_redock_4MG9,0.5760,3.8174,inf
4MG9,decoy198,27K_redock_4MG9,0.5754,4.0721,inf
4MG9,decoy201,27K_redock_4MG9,0.5750,3.2229,inf
4MG9,decoy100,27K_redock_4MG9,0.5736,3.9432,inf
4MG9,decoy389,27K_redock_4MG9,0.5735,4.1888,inf
4MG9,decoy97,27K_redock_4MG9,0.5709,3.5700,inf
4MG9,decoy195,27K_redock_4MG9,0.5699,4.1383,inf
4MG9,decoy313,27K_redock_4MG9,0.5678,4.4054,inf
4MG9,77-09-8_min,27K_redock_4MG9,0.5648,3.6850,inf
4MG9,121-33-5_min,27K_redock_4MG9,0.5646,2.5986,inf
4MG9,decoy11,27K_redock_4MG9,0.5640,3.6173,inf
4MG9,decoy222,27K_redock_4MG9,0.5632,3.8376,inf
4MG9,decoy302,27K_redock_4MG9,0.5631,3.5679,inf
4MG9,decoy37,27K_redock_4MG9,0.5625,3.2583,inf
4MG9,decoy152,27K_redock_4MG9,0.5622,3.7326,inf
4MG9,decoy52,27K_redock_4MG9,0.5617,3.5771,inf
4MG9,decoy110,27K_redock_4MG9,0.5609,3.5549,inf
4MG9,decoy307,27K_redock_4MG9,0.5605,4.2728,inf
4MG9,decoy179,27K_redock_4MG9,0.5559,3.9210,inf
4MG9,115-29-7_min,27K_redock_4MG9,0.5531,3.8608,inf
4MG9,decoy107,27K_redock_4MG9,0.5526,4.1002,inf
4MG9,decoy217,27K_redock_4MG9,0.5492,3.5435,inf
4MG9,decoy252,27K_redock_4MG9,0.5471,3.5975,inf
4MG9,decoy80,27K_redock_4MG9,0.5413,3.7978,inf
4MG9,decoy364,27K_redock_4MG9,0.5411,3.7404,inf
4MG9,decoy114,27K_redock_4MG9,0.5401,4.0359,inf
4MG9,decoy399,27K_redock_4MG9,0.5396,3.6186,inf
4MG9,decoy14,27K_redock_4MG9,0.5394,3.7483,inf
4MG9,decoy361,27K_redock_4MG9,0.5384,3.8694,inf
4MG9,decoy386,27K_redock_4MG9,0.5381,3.5829,inf
4MG9,decoy129,27K_redock_4MG9,0.5375,3.2437,inf
4MG9,decoy160,27K_redock_4MG9,0.5374,3.8630,inf
4MG9,decoy289,27K_redock_4MG9,0.5373,3.5540,inf
4MG9,decoy315,27K_redock_4MG9,0.5357,3.8023,inf
4MG9,decoy247,27K_redock_4MG9,0.5339,3.5066,inf
4MG9,decoy366,27K_redock_4MG9,0.5335,3.2568,inf
4MG9,decoy363,27K_redock_4MG9,0.5326,3.8663,inf
4MG9,Caffeine_min,27K_redock_4MG9,0.5318,2.5443,inf
4MG9,decoy109,27K_redock_4MG9,0.5307,3.5924,inf
4MG9,decoy272,27K_redock_4MG9,0.5284,3.0400,inf
4MG9,decoy283,27K_redock_4MG9,0.5246,3.5578,inf
4MG9,decoy167,27K_redock_4MG9,0.5244,3.6612,inf
4MG9,decoy210,27K_redock_4MG9,0.5243,3.6919,inf
4MG9,decoy32,27K_redock_4MG9,0.5225,3.6588,inf
4MG9,decoy281,27K_redock_4MG9,0.5222,3.2670,inf
4MG9,decoy144,27K_redock_4MG9,0.5219,3.6532,inf
4MG9,decoy404,27K_redock_4MG9,0.5201,3.4402,inf
4MG9,decoy89,27K_redock_4MG9,0.5197,3.0683,inf
4MG9,decoy150,27K_redock_4MG9,0.5189,3.6125,inf
4MG9,143-50-0_min,27K_redock_4MG9,0.5186,4.2710,inf
4MG9,decoy149,27K_redock_4MG9,0.5175,3.3160,inf
4MG9,207-13-4_min,27K_redock_4MG9,0.5159,2.7770,inf
4MG9,decoy290,27K_redock_4MG9,0.5148,3.1506,inf
4MG9,15372-34-6_min,27K_redock_4MG9,0.5147,3.4812,inf
4MG9,decoy421,27K_redock_4MG9,0.5134,2.7696,inf
4MG9,decoy214,27K_redock_4MG9,0.5128,3.3592,inf
4MG9,decoy357,27K_redock_4MG9,0.5128,3.0375,inf
4MG9,decoy241,27K_redock_4MG9,0.5120,3.2858,inf
4MG9,decoy25,27K_redock_4MG9,0.5116,3.6867,inf
4MG9,131-57-7_min,27K_redock_4MG9,0.5107,3.0421,inf
4MG9,decoy355,27K_redock_4MG9,0.5084,3.4503,inf
4MG9,decoy172,27K_redock_4MG9,0.5068,3.3629,inf
4MG9,decoy170,27K_redock_4MG9,0.5061,3.3422,inf
4MG9,decoy427,27K_redock_4MG9,0.5050,3.2485,inf
4MG9,decoy162,27K_redock_4MG9,0.5022,3.0404,inf
4MG9,decoy165,27K_redock_4MG9,0.5016,3.0665,inf
4MG9,decoy69,27K_redock_4MG9,0.4957,3.2723,inf
4MG9,decoy8,27K_redock_4MG9,0.4939,3.2705,inf
4MG9,decoy237,27K_redock_4MG9,0.4927,2.4970,inf
4MG9,decoy182,27K_redock_4MG9,0.4915,2.9456,inf
4MG9,decoy422,27K_redock_4MG9,0.4905,3.4156,inf
4MG9,decoy344,27K_redock_4MG9,0.4903,3.4539,inf
4MG9,decoy228,27K_redock_4MG9,0.4839,3.0999,inf
4MG9,decoy12,27K_redock_4MG9,0.4836,2.9447,inf
4MG9,decoy350,27K_redock_4MG9,0.4825,3.0291,inf
4MG9,decoy202,27K_redock_4MG9,0.4807,2.7269,inf
4MG9,decoy85,27K_redock_4MG9,0.4784,3.3339,inf
4MG9,decoy379,27K_redock_4MG9,0.4780,3.1615,inf
4MG9,decoy91,27K_redock_4MG9,0.4763,3.1772,inf
4MG9,decoy335,27K_redock_4MG9,0.4733,3.0948,inf
4MG9,decoy293,27K_redock_4MG9,0.4723,3.2838,inf
4MG9,decoy83,27K_redock_4MG9,0.4669,3.4764,inf
4MG9,decoy367,27K_redock_4MG9,0.4647,3.2281,inf
4MG9,decoy51,27K_redock_4MG9,0.4613,3.1786,inf
4MG9,decoy398,27K_redock_4MG9,0.4600,3.0133,inf
4MG9,decoy74,27K_redock_4MG9,0.4573,3.0714,inf
4MG9,decoy334,27K_redock_4MG9,0.4572,3.4226,inf
4MG9,decoy332,27K_redock_4MG9,0.4537,3.3661,inf
4MG9,decoy415,27K_redock_4MG9,0.4528,2.9091,inf
4MG9,decoy220,27K_redock_4MG9,0.4524,3.1777,inf
4MG9,decoy322,27K_redock_4MG9,0.4511,3.2381,inf
4MG9,decoy300,27K_redock_4MG9,0.4507,3.3941,inf
4MG9,decoy158,27K_redock_4MG9,0.4505,2.6621,inf
4MG9,decoy140,27K_redock_4MG9,0.4470,3.3383,inf
4MG9,decoy96,27K_redock_4MG9,0.4463,2.8598,inf
4MG9,decoy119,27K_redock_4MG9,0.4459,2.6105,inf
4MG9,decoy433,27K_redock_4MG9,0.4430,2.7966,inf
4MG9,decoy219,27K_redock_4MG9,0.4422,3.1617,inf
4MG9,decoy17,27K_redock_4MG9,0.4420,2.7503,inf
4MG9,decoy232,27K_redock_4MG9,0.4409,2.4812,inf
4MG9,decoy177,27K_redock_4MG9,0.4405,2.7709,inf
4MG9,decoy299,27K_redock_4MG9,0.4391,3.0923,inf
4MG9,decoy341,27K_redock_4MG9,0.4390,3.0568,inf
4MG9,decoy192,27K_redock_4MG9,0.4387,2.9142,inf
4MG9,decoy90,27K_redock_4MG9,0.4382,3.0961,inf
4MG9,decoy134,27K_redock_4MG9,0.4380,2.7191,inf
4MG9,decoy348,27K_redock_4MG9,0.4376,2.8684,inf
4MG9,decoy188,27K_redock_4MG9,0.4366,2.9988,inf
4MG9,decoy385,27K_redock_4MG9,0.4337,3.1122,inf
4MG9,decoy122,27K_redock_4MG9,0.4324,2.9649,inf
4MG9,decoy126,27K_redock_4MG9,0.4297,2.7793,inf
4MG9,decoy381,27K_redock_4MG9,0.4291,2.7423,inf
4MG9,decoy215,27K_redock_4MG9,0.4291,2.7830,inf
4MG9,decoy256,27K_redock_4MG9,0.4286,2.5607,inf
4MG9,decoy137,27K_redock_4MG9,0.4280,2.7110,inf
4MG9,decoy10,27K_redock_4MG9,0.4278,2.8112,inf
4MG9,decoy342,27K_redock_4MG9,0.4276,3.1501,inf
4MG9,decoy65,27K_redock_4MG9,0.4275,2.6876,inf
4MG9,decoy353,27K_redock_4MG9,0.4273,3.1724,inf
4MG9,decoy338,27K_redock_4MG9,0.4251,2.5599,inf
4MG9,decoy147,27K_redock_4MG9,0.4244,2.9657,inf
4MG9,decoy108,27K_redock_4MG9,0.4241,2.5414,inf
4MG9,decoy365,27K_redock_4MG9,0.4235,2.5970,inf
4MG9,decoy199,27K_redock_4MG9,0.4223,2.8878,inf
4MG9,decoy424,27K_redock_4MG9,0.4213,2.5475,inf
4MG9,Melatonin_min,27K_redock_4MG9,0.4207,2.6247,inf
4MG9,decoy133,27K_redock_4MG9,0.4204,2.6247,inf
4MG9,decoy292,27K_redock_4MG9,0.4131,2.9908,inf
4MG9,decoy324,27K_redock_4MG9,0.4125,2.7899,inf
4MG9,decoy402,27K_redock_4MG9,0.4107,2.5740,inf
4MG9,decoy352,27K_redock_4MG9,0.4094,2.9186,inf
4MG9,decoy120,27K_redock_4MG9,0.4058,2.7928,inf
4MG9,decoy340,27K_redock_4MG9,0.4047,3.1494,inf
4MG9,decoy391,27K_redock_4MG9,0.4017,2.7569,inf
4MG9,decoy59,27K_redock_4MG9,0.4014,2.6630,inf
4MG9,decoy40,27K_redock_4MG9,0.3984,2.5231,inf
4MG9,decoy412,27K_redock_4MG9,0.3977,2.8434,inf
4MG9,decoy46,27K_redock_4MG9,0.3967,2.5951,inf
4MG9,1845-11-0_min,27K_redock_4MG9,0.3958,2.8965,inf
4MG9,decoy401,27K_redock_4MG9,0.3891,2.5860,inf
4MG9,decoy209,27K_redock_4MG9,0.3837,2.3918,inf
4MG9,decoy271,27K_redock_4MG9,0.3827,2.7654,inf
4MG9,decoy400,27K_redock_4MG9,0.3826,2.7703,inf
4MG9,decoy16,27K_redock_4MG9,0.3826,2.7525,inf
4MG9,57-88-5_min,27K_redock_4MG9,0.3765,2.9951,inf
4MG9,decoy382,27K_redock_4MG9,0.3763,2.6605,inf
4MG9,decoy423,27K_redock_4MG9,0.3760,2.4829,inf
4MG9,decoy9,27K_redock_4MG9,0.3748,2.6028,inf
4MG9,decoy28,27K_redock_4MG9,0.3747,2.7429,inf
4MG9,decoy316,27K_redock_4MG9,0.3743,2.8931,inf
4MG9,decoy47,27K_redock_4MG9,0.3739,2.3112,inf
4MG9,decoy73,27K_redock_4MG9,0.3728,2.2088,inf
4MG9,decoy286,27K_redock_4MG9,0.3710,2.0758,inf
4MG9,decoy211,27K_redock_4MG9,0.3702,2.2212,inf
4MG9,decoy276,27K_redock_4MG9,0.3666,2.2875,inf
4MG9,decoy347,27K_redock_4MG9,0.3650,2.3509,inf
4MG9,decoy285,27K_redock_4MG9,0.3646,2.6013,inf
4MG9,decoy296,27K_redock_4MG9,0.3621,2.6033,inf
4MG9,decoy380,27K_redock_4MG9,0.3615,2.0491,inf
4MG9,decoy145,27K_redock_4MG9,0.3614,2.4642,inf
4MG9,decoy339,27K_redock_4MG9,0.3610,2.5124,inf
4MG9,decoy370,27K_redock_4MG9,0.3589,2.1497,inf
4MG9,decoy117,27K_redock_4MG9,0.3559,2.5534,inf
4MG9,decoy430,27K_redock_4MG9,0.3528,2.3401,inf
4MG9,decoy418,27K_redock_4MG9,0.3520,2.3416,inf
4MG9,decoy383,27K_redock_4MG9,0.3494,2.2917,inf
4MG9,decoy362,27K_redock_4MG9,0.3493,2.3440,inf
4MG9,decoy225,27K_redock_4MG9,0.3488,2.4391,inf
4MG9,decoy70,27K_redock_4MG9,0.3475,2.1731,inf
4MG9,decoy33,27K_redock_4MG9,0.3473,2.4416,inf
4MG9,decoy79,27K_redock_4MG9,0.3469,1.9818,inf
4MG9,decoy327,27K_redock_4MG9,0.3466,2.5088,inf
4MG9,decoy301,27K_redock_4MG9,0.3463,2.6053,inf
4MG9,decoy354,27K_redock_4MG9,0.3451,2.1232,inf
4MG9,decoy337,27K_redock_4MG9,0.3446,2.3299,inf
4MG9,decoy229,27K_redock_4MG9,0.3428,2.2803,inf
4MG9,decoy124,27K_redock_4MG9,0.3422,2.1891,inf
4MG9,decoy264,27K_redock_4MG9,0.3405,2.4024,inf
4MG9,83-46-5_min,27K_redock_4MG9,0.3320,2.2914,inf
4MG9,decoy371,27K_redock_4MG9,0.3312,1.7617,inf
4MG9,decoy306,27K_redock_4MG9,0.3299,2.3073,inf
4MG9,decoy395,27K_redock_4MG9,0.3267,2.0277,inf
4MG9,decoy387,27K_redock_4MG9,0.3245,2.0214,inf
4MG9,decoy138,27K_redock_4MG9,0.3216,2.0120,inf
4MG9,decoy233,27K_redock_4MG9,0.3215,1.9817,inf
4MG9,decoy323,27K_redock_4MG9,0.3206,2.0558,inf
4MG9,decoy20,27K_redock_4MG9,0.3198,2.3115,inf
4MG9,decoy326,27K_redock_4MG9,0.3180,2.4004,inf
4MG9,decoy262,27K_redock_4MG9,0.3159,1.8278,inf
4MG9,decoy207,27K_redock_4MG9,0.3155,1.8350,inf
4MG9,decoy86,27K_redock_4MG9,0.3110,2.1441,inf
4MG9,decoy343,27K_redock_4MG9,0.3094,2.1110,inf
4MG9,decoy346,27K_redock_4MG9,0.3091,2.1173,inf
4MG9,decoy115,27K_redock_4MG9,0.3069,2.2872,inf
4MG9,decoy142,27K_redock_4MG9,0.3058,2.0635,inf
4MG9,decoy303,27K_redock_4MG9,0.2996,2.1019,inf
4MG9,decoy106,27K_redock_4MG9,0.2981,1.9691,inf
4MG9,decoy372,27K_redock_4MG9,0.2915,1.8896,inf
4MG9,decoy325,27K_redock_4MG9,0.2896,2.1702,inf
4MG9,decoy143,27K_redock_4MG9,0.2885,1.8034,inf
4MG9,decoy136,27K_redock_4MG9,0.2871,2.0329,inf
4MG9,decoy181,27K_redock_4MG9,0.2810,1.9661,inf
4MG9,decoy277,27K_redock_4MG9,0.2789,1.8882,inf
4MG9,decoy248,27K_redock_4MG9,0.2680,1.8144,inf
4MG9,decoy378,27K_redock_4MG9,0.2649,1.7035,inf
4MG9,decoy35,27K_redock_4MG9,0.2519,1.7133,inf
4MG9,decoy98,27K_redock_4MG9,0.2484,1.6399,inf
4MG9,decoy360,27K_redock_4MG9,0.2472,1.6481,inf
4MG9,decoy432,27K_redock_4MG9,0.2421,1.6630,inf
4MG9,decoy321,27K_redock_4MG9,0.2385,1.5463,inf
4MG9,911-45-5_min,27K_redock_4MG9,0.2304,1.5073,inf
4MG9,decoy58,27K_redock_4MG9,0.2043,1.2715,inf
4MG9,decoy161,27K_redock_4MG9,0.1931,1.2219,inf
4MG9,decoy310,27K_redock_4MG9,0.1914,1.2740,inf
4MG9,decoy127,27K_redock_4MG9,0.1897,1.3101,inf
4MG9,decoy377,27K_redock_4MG9,0.1879,1.2140,inf
4MG9,decoy369,27K_redock_4MG9,0.1523,0.9387,inf
4MGA,67651-34-7_min,27L_redock_4MGA,0.9814,7.8758,inf
4MGA,2971-36-0_min,27L_redock_4MGA,0.9778,7.7046,inf
4MGA,599-64-4_min,27L_redock_4MGA,0.9686,6.8210,inf
4MGA,53905-28-5_min,27L_redock_4MGA,0.9672,6.9642,inf
4MGA,84-16-2_min,27L_redock_4MGA,0.9616,7.6649,inf
4MGA,DES_min,27L_redock_4MGA,0.9583,7.5446,inf
4MGA,decoy78,27L_redock_4MGA,0.9578,7.1067,inf
4MGA,56-53-1_min,27L_redock_4MGA,0.9563,7.5677,inf
4MGA,decoy417,27L_redock_4MGA,0.9560,6.6342,inf
4MGA,27L_min,27L_redock_4MGA,0.9526,6.9066,2.8516
4MGA,140-66-9_min,27L_redock_4MGA,0.9526,6.9066,2.8516
4MGA,77-40-7_min,27L_redock_4MGA,0.9512,6.9151,inf
4MGA,decoy13,27L_redock_4MGA,0.9485,6.7608,inf
4MGA,28034-99-3_min,27L_redock_4MGA,0.9423,6.2192,inf
4MGA,474-86-2_min,27L_redock_4MGA,0.9415,7.5886,inf
4MGA,65118-81-2_min,27L_redock_4MGA,0.9371,6.9955,inf
4MGA,decoy434,27L_redock_4MGA,0.9347,6.2636,inf
4MGA,789-02-6_min,27L_redock_4MGA,0.9345,6.9808,inf
4MGA,5153-25-3_min,27L_redock_4MGA,0.9323,6.4640,inf
4MGA,decoy253,27L_redock_4MGA,0.9322,6.1877,inf
4MGA,28463-03-8_min,27L_redock_4MGA,0.9300,7.1710,inf
4MGA,92-69-3_min,27L_redock_4MGA,0.9281,5.5708,inf
4MGA,decoy206,27L_redock_4MGA,0.9271,6.1575,inf
4MGA,53-19-0_min,27L_redock_4MGA,0.9259,6.8736,inf
4MGA,decoy368,27L_redock_4MGA,0.9256,6.8996,inf
4MGA,53-16-7_min,27L_redock_4MGA,0.9229,7.3352,inf
4MGA,13037-86-0_min,27L_redock_4MGA,0.9212,6.3716,inf
4MGA,103-16-2_min,27L_redock_4MGA,0.9211,5.8858,inf
4MGA,99-71-8_min,27L_redock_4MGA,0.9202,5.5650,inf
4MGA,3601-97-6_min,27L_redock_4MGA,0.9193,7.2458,inf
4MGA,decoy1,27L_redock_4MGA,0.9191,6.4278,inf
4MGA,decoy269,27L_redock_4MGA,0.9180,6.3554,inf
4MGA,98-54-4_min,27L_redock_4MGA,0.9172,5.8250,inf
4MGA,94-18-8_min,27L_redock_4MGA,0.9171,5.7535,inf
4MGA,104-43-8_min,27L_redock_4MGA,0.9171,7.3751,inf
4MGA,1806-26-4_min,27L_redock_4MGA,0.9169,6.7193,inf
4MGA,decoy280,27L_redock_4MGA,0.9166,6.5581,inf
4MGA,80-46-6_min,27L_redock_4MGA,0.9154,5.9925,inf
4MGA,120-47-8_min,27L_redock_4MGA,0.9088,5.0007,inf
4MGA,99-76-3_min,27L_redock_4MGA,0.9057,4.5864,inf
4MGA,72-43-5_min,27L_redock_4MGA,0.9022,6.5001,inf
4MGA,94-13-3_min,27L_redock_4MGA,0.9005,5.2549,inf
4MGA,80-05-7_min,27L_redock_4MGA,0.8913,6.4474,inf
4MGA,2OH_min,27L_redock_4MGA,0.8913,6.4474,inf
4MGA,123-07-9_min,27L_redock_4MGA,0.8908,4.5487,inf
4MGA,decoy312,27L_redock_4MGA,0.8886,7.3178,inf
4MGA,decoy410,27L_redock_4MGA,0.8862,6.2358,inf
4MGA,decoy166,27L_redock_4MGA,0.8831,7.1194,inf
4MGA,6554-98-9_min,27L_redock_4MGA,0.8829,6.3174,inf
4MGA,decoy345,27L_redock_4MGA,0.8816,6.7162,inf
4MGA,84-17-3_min,27L_redock_4MGA,0.8815,7.1132,inf
4MGA,1085-12-7_min,27L_redock_4MGA,0.8814,5.8408,inf
4MGA,131-56-6_min,27L_redock_4MGA,0.8809,5.4307,inf
4MGA,50-28-2_min,27L_redock_4MGA,0.8808,7.0820,inf
4MGA,EST_min,27L_redock_4MGA,0.8808,7.0820,inf
4MGA,6052-84-2_min,27L_redock_4MGA,0.8806,6.1256,inf
4MGA,75938-34-0_min,27L_redock_4MGA,0.8796,6.7589,inf
4MGA,decoy155,27L_redock_4MGA,0.8795,6.7234,inf
4MGA,659-22-3_min,27L_redock_4MGA,0.8739,6.2978,inf
4MGA,decoy419,27L_redock_4MGA,0.8723,5.9787,inf
4MGA,decoy81,27L_redock_4MGA,0.8717,6.0781,inf
4MGA,59-50-7_min,27L_redock_4MGA,0.8711,4.3798,inf
4MGA,decoy263,27L_redock_4MGA,0.8707,5.5911,inf
4MGA,1570-64-5_min,27L_redock_4MGA,0.8705,4.2921,inf
4MGA,53-63-4_min,27L_redock_4MGA,0.8675,6.7053,inf
4MGA,50-29-3_min,27L_redock_4MGA,0.8672,5.9086,inf
4MGA,92-04-6_min,27L_redock_4MGA,0.8654,5.3963,inf
4MGA,5394-98-9_min,27L_redock_4MGA,0.8632,5.6161,inf
4MGA,27K_min,27L_redock_4MGA,0.8631,5.2809,inf
4MGA,94-26-8_min,27L_redock_4MGA,0.8631,5.2809,inf
4MGA,decoy60,27L_redock_4MGA,0.8617,5.5161,inf
4MGA,decoy48,27L_redock_4MGA,0.8606,5.5892,inf
4MGA,decoy173,27L_redock_4MGA,0.8594,6.1991,inf
4MGA,decoy274,27L_redock_4MGA,0.8558,5.5543,inf
4MGA,580-51-8_min,27L_redock_4MGA,0.8531,5.0949,inf
4MGA,80-09-1_min,27L_redock_4MGA,0.8483,5.5846,inf
4MGA,84-69-5_min,27L_redock_4MGA,0.8477,4.1417,inf
4MGA,decoy71,27L_redock_4MGA,0.8468,6.0056,inf
4MGA,500-38-9_min,27L_redock_4MGA,0.8467,6.0542,inf
4MGA,611-99-4_min,27L_redock_4MGA,0.8438,5.5648,inf
4MGA,decoy72,27L_redock_4MGA,0.8421,6.8029,inf
4MGA,decoy183,27L_redock_4MGA,0.8417,5.9469,inf
4MGA,84-74-2_min,27L_redock_4MGA,0.8367,4.3627,inf
4MGA,decoy331,27L_redock_4MGA,0.8363,6.8531,inf
4MGA,58-89-9_min,27L_redock_4MGA,0.8330,5.2572,inf
4MGA,126-00-1_min,27L_redock_4MGA,0.8310,5.6062,inf
4MGA,decoy397,27L_redock_4MGA,0.8306,5.9234,inf
4MGA,decoy18,27L_redock_4MGA,0.8291,4.0556,inf
4MGA,97-54-1_min,27L_redock_4MGA,0.8285,4.8927,inf
4MGA,decoy245,27L_redock_4MGA,0.8275,6.4087,inf
4MGA,57-91-0_min,27L_redock_4MGA,0.8236,6.5132,inf
4MGA,decoy21,27L_redock_4MGA,0.8222,5.6794,inf
4MGA,decoy94,27L_redock_4MGA,0.8217,6.3645,inf
4MGA,decoy330,27L_redock_4MGA,0.8216,6.2638,inf
4MGA,decoy309,27L_redock_4MGA,0.8210,5.5806,inf
4MGA,decoy240,27L_redock_4MGA,0.8206,5.5225,inf
4MGA,decoy34,27L_redock_4MGA,0.8192,5.6648,inf
4MGA,362-05-0_min,27L_redock_4MGA,0.8169,6.4006,inf
4MGA,decoy243,27L_redock_4MGA,0.8158,5.9957,inf
4MGA,94-25-7_min,27L_redock_4MGA,0.8121,4.2951,inf
4MGA,decoy189,27L_redock_4MGA,0.8107,5.7961,inf
4MGA,decoy45,27L_redock_4MGA,0.8104,5.6551,inf
4MGA,5976-61-4_min,27L_redock_4MGA,0.8103,6.0810,inf
4MGA,decoy392,27L_redock_4MGA,0.8095,5.3416,inf
4MGA,decoy92,27L_redock_4MGA,0.8081,6.1846,inf
4MGA,decoy61,27L_redock_4MGA,0.8079,5.9571,inf
4MGA,decoy249,27L_redock_4MGA,0.8077,5.0950,inf
4MGA,60-57-1_min,27L_redock_4MGA,0.8018,6.4811,inf
4MGA,decoy197,27L_redock_4MGA,0.8013,6.0960,inf
4MGA,decoy187,27L_redock_4MGA,0.7987,5.1324,inf
4MGA,decoy266,27L_redock_4MGA,0.7981,5.9866,inf
4MGA,decoy19,27L_redock_4MGA,0.7972,4.9968,inf
4MGA,72-54-8_min,27L_redock_4MGA,0.7952,5.1316,inf
4MGA,decoy49,27L_redock_4MGA,0.7948,5.5170,inf
4MGA,decoy15,27L_redock_4MGA,0.7945,5.0520,inf
4MGA,decoy431,27L_redock_4MGA,0.7931,6.0877,inf
4MGA,decoy216,27L_redock_4MGA,0.7930,5.6199,inf
4MGA,77-09-8_min,27L_redock_4MGA,0.7928,5.5496,inf
4MGA,243-17-4_min,27L_redock_4MGA,0.7926,4.6988,inf
4MGA,decoy250,27L_redock_4MGA,0.7907,5.2223,inf
4MGA,decoy359,27L_redock_4MGA,0.7867,5.0548,inf
4MGA,decoy255,27L_redock_4MGA,0.7862,5.4570,inf
4MGA,decoy210,27L_redock_4MGA,0.7862,6.1475,inf
4MGA,decoy265,27L_redock_4MGA,0.7840,5.3693,inf
4MGA,decoy196,27L_redock_4MGA,0.7831,5.1065,inf
4MGA,218-01-9_min,27L_redock_4MGA,0.7825,4.6910,inf
4MGA,Testosterone_min,27L_redock_4MGA,0.7815,6.1992,inf
4MGA,58-22-0_min,27L_redock_4MGA,0.7815,6.1992,inf
4MGA,decoy174,27L_redock_4MGA,0.7810,5.4467,inf
4MGA,decoy257,27L_redock_4MGA,0.7808,5.9343,inf
4MGA,decoy132,27L_redock_4MGA,0.7795,5.6618,inf
4MGA,decoy268,27L_redock_4MGA,0.7792,5.3071,inf
4MGA,decoy130,27L_redock_4MGA,0.7791,5.3824,inf
4MGA,1229-24-9_min,27L_redock_4MGA,0.7772,5.9181,inf
4MGA,decoy393,27L_redock_4MGA,0.7767,5.3210,inf
4MGA,97-53-0_min,27L_redock_4MGA,0.7761,4.3226,inf
4MGA,decoy90,27L_redock_4MGA,0.7752,5.4607,inf
4MGA,27M_min,27L_redock_4MGA,0.7745,4.8354,inf
4MGA,85-68-7_min,27L_redock_4MGA,0.7726,4.7297,inf
4MGA,decoy191,27L_redock_4MGA,0.7686,5.4120,inf
4MGA,decoy84,27L_redock_4MGA,0.7677,5.4531,inf
4MGA,53-45-2_min,27L_redock_4MGA,0.7665,5.3588,inf
4MGA,Melatonin_min,27L_redock_4MGA,0.7631,5.1309,inf
4MGA,58-72-0_min,27L_redock_4MGA,0.7600,5.0271,inf
4MGA,decoy376,27L_redock_4MGA,0.7599,5.6827,inf
4MGA,decoy236,27L_redock_4MGA,0.7596,4.9373,inf
4MGA,90-43-7_min,27L_redock_4MGA,0.7584,4.0163,inf
4MGA,decoy375,27L_redock_4MGA,0.7568,5.6888,inf
4MGA,140-10-3_min,27L_redock_4MGA,0.7551,3.5762,inf
4MGA,571-20-0_min,27L_redock_4MGA,0.7541,5.9614,inf
4MGA,decoy199,27L_redock_4MGA,0.7528,5.5322,inf
4MGA,decoy87,27L_redock_4MGA,0.7527,5.3868,inf
4MGA,decoy6,27L_redock_4MGA,0.7515,4.6892,inf
4MGA,decoy123,27L_redock_4MGA,0.7495,5.6144,inf
4MGA,143-74-8_min,27L_redock_4MGA,0.7487,5.1453,inf
4MGA,decoy85,27L_redock_4MGA,0.7478,5.5106,inf
4MGA,decoy128,27L_redock_4MGA,0.7451,5.2300,inf
4MGA,decoy4,27L_redock_4MGA,0.7441,5.2244,inf
4MGA,50-27-1_min,27L_redock_4MGA,0.7427,5.7058,inf
4MGA,decoy171,27L_redock_4MGA,0.7415,4.4938,inf
4MGA,decoy23,27L_redock_4MGA,0.7397,4.6980,inf
4MGA,decoy231,27L_redock_4MGA,0.7387,5.6116,inf
4MGA,decoy244,27L_redock_4MGA,0.7371,5.1033,inf
4MGA,25154-52-3_min,27L_redock_4MGA,0.7302,4.9262,inf
4MGA,decoy93,27L_redock_4MGA,0.7297,4.6131,inf
4MGA,decoy325,27L_redock_4MGA,0.7270,5.6532,inf
4MGA,57-63-6_min,27L_redock_4MGA,0.7267,5.4937,inf
4MGA,EE2_min,27L_redock_4MGA,0.7267,5.4937,inf
4MGA,decoy258,27L_redock_4MGA,0.7247,4.9588,inf
4MGA,81-90-3_min,27L_redock_4MGA,0.7238,4.9486,inf
4MGA,decoy195,27L_redock_4MGA,0.7209,5.2565,inf
4MGA,decoy121,27L_redock_4MGA,0.7203,4.5379,inf
4MGA,decoy185,27L_redock_4MGA,0.7179,5.0977,inf
4MGA,decoy62,27L_redock_4MGA,0.7175,4.6528,inf
4MGA,decoy114,27L_redock_4MGA,0.7169,5.5339,inf
4MGA,57-83-0_min,27L_redock_4MGA,0.7165,5.5886,inf
4MGA,decoy275,27L_redock_4MGA,0.7149,4.9289,inf
4MGA,decoy239,27L_redock_4MGA,0.7114,4.5553,inf
4MGA,521-18-6_min,27L_redock_4MGA,0.7112,5.4479,inf
4MGA,decoy193,27L_redock_4MGA,0.7107,5.1468,inf
4MGA,decoy427,27L_redock_4MGA,0.7105,4.3814,inf
4MGA,decoy186,27L_redock_4MGA,0.7065,5.1152,inf
4MGA,decoy169,27L_redock_4MGA,0.7047,4.4054,inf
4MGA,decoy67,27L_redock_4MGA,0.7039,4.3817,inf
4MGA,121-33-5_min,27L_redock_4MGA,0.7027,3.0355,inf
4MGA,decoy212,27L_redock_4MGA,0.7024,4.8014,inf
4MGA,decoy405,27L_redock_4MGA,0.7023,4.7268,inf
4MGA,decoy5,27L_redock_4MGA,0.6994,5.1915,inf
4MGA,decoy116,27L_redock_4MGA,0.6989,4.8439,inf
4MGA,decoy388,27L_redock_4MGA,0.6984,4.3725,inf
4MGA,decoy76,27L_redock_4MGA,0.6971,4.6070,inf
4MGA,decoy156,27L_redock_4MGA,0.6970,4.8810,inf
4MGA,decoy168,27L_redock_4MGA,0.6952,5.1198,inf
4MGA,decoy414,27L_redock_4MGA,0.6949,4.7019,inf
4MGA,decoy95,27L_redock_4MGA,0.6943,4.5694,inf
4MGA,decoy150,27L_redock_4MGA,0.6942,5.0820,inf
4MGA,decoy215,27L_redock_4MGA,0.6938,4.6089,inf
4MGA,decoy320,27L_redock_4MGA,0.6917,5.3168,inf
4MGA,decoy351,27L_redock_4MGA,0.6902,4.5007,inf
4MGA,decoy223,27L_redock_4MGA,0.6883,4.7463,inf
4MGA,decoy190,27L_redock_4MGA,0.6877,5.0186,inf
4MGA,decoy336,27L_redock_4MGA,0.6873,5.0569,inf
4MGA,115-29-7_min,27L_redock_4MGA,0.6870,4.8766,inf
4MGA,decoy109,27L_redock_4MGA,0.6870,4.7873,inf
4MGA,2050-68-2_min,27L_redock_4MGA,0.6869,3.7770,inf
4MGA,decoy50,27L_redock_4MGA,0.6863,4.9943,inf
4MGA,decoy151,27L_redock_4MGA,0.6862,5.0940,inf
4MGA,decoy282,27L_redock_4MGA,0.6830,4.7270,inf
4MGA,decoy153,27L_redock_4MGA,0.6827,4.7202,inf
4MGA,decoy134,27L_redock_4MGA,0.6813,4.1525,inf
4MGA,decoy259,27L_redock_4MGA,0.6806,4.5907,inf
4MGA,decoy363,27L_redock_4MGA,0.6800,4.7711,inf
4MGA,decoy145,27L_redock_4MGA,0.6798,4.8371,inf
4MGA,decoy349,27L_redock_4MGA,0.6788,4.9137,inf
4MGA,decoy318,27L_redock_4MGA,0.6768,4.7196,inf
4MGA,decoy204,27L_redock_4MGA,0.6763,4.7076,inf
4MGA,decoy32,27L_redock_4MGA,0.6763,5.0989,inf
4MGA,decoy102,27L_redock_4MGA,0.6733,4.8007,inf
4MGA,decoy99,27L_redock_4MGA,0.6717,4.8640,inf
4MGA,decoy374,27L_redock_4MGA,0.6712,4.5048,inf
4MGA,5108-94-1_min,27L_redock_4MGA,0.6706,5.2253,inf
4MGA,decoy230,27L_redock_4MGA,0.6703,4.1542,inf
4MGA,decoy75,27L_redock_4MGA,0.6702,4.6511,inf
4MGA,decoy242,27L_redock_4MGA,0.6687,4.4455,inf
4MGA,decoy10,27L_redock_4MGA,0.6685,4.4485,inf
4MGA,36J_min,27L_redock_4MGA,0.6685,4.4190,inf
4MGA,decoy288,27L_redock_4MGA,0.6681,4.6779,inf
4MGA,decoy184,27L_redock_4MGA,0.6644,4.7062,inf
4MGA,decoy291,27L_redock_4MGA,0.6635,4.3211,inf
4MGA,2529-64-8_min,27L_redock_4MGA,0.6631,4.6430,inf
4MGA,34816-55-2_min,27L_redock_4MGA,0.6626,5.0702,inf
4MGA,decoy413,27L_redock_4MGA,0.6609,4.1373,inf
4MGA,7773-34-4_min,27L_redock_4MGA,0.6602,4.9839,inf
4MGA,decoy361,27L_redock_4MGA,0.6601,4.9563,inf
4MGA,decoy415,27L_redock_4MGA,0.6593,4.1004,inf
4MGA,decoy382,27L_redock_4MGA,0.6543,4.7681,inf
4MGA,decoy251,27L_redock_4MGA,0.6521,4.3366,inf
4MGA,decoy300,27L_redock_4MGA,0.6515,4.9516,inf
4MGA,decoy7,27L_redock_4MGA,0.6480,4.6213,inf
4MGA,decoy386,27L_redock_4MGA,0.6471,4.0780,inf
4MGA,decoy29,27L_redock_4MGA,0.6451,4.3384,inf
4MGA,decoy381,27L_redock_4MGA,0.6423,4.4465,inf
4MGA,decoy59,27L_redock_4MGA,0.6352,4.2946,inf
4MGA,decoy305,27L_redock_4MGA,0.6344,4.7602,inf
4MGA,481-30-1_min,27L_redock_4MGA,0.6316,4.6057,inf
4MGA,decoy396,27L_redock_4MGA,0.6309,4.1986,inf
4MGA,decoy221,27L_redock_4MGA,0.6293,4.0721,inf
4MGA,72-55-9_min,27L_redock_4MGA,0.6281,3.9456,inf
4MGA,decoy101,27L_redock_4MGA,0.6266,4.1681,inf
4MGA,decoy111,27L_redock_4MGA,0.6254,4.2202,inf
4MGA,decoy226,27L_redock_4MGA,0.6250,4.3412,inf
4MGA,decoy227,27L_redock_4MGA,0.6248,4.3199,inf
4MGA,decoy272,27L_redock_4MGA,0.6248,3.4960,inf
4MGA,decoy416,27L_redock_4MGA,0.6237,3.6581,inf
4MGA,decoy421,27L_redock_4MGA,0.6228,3.3732,inf
4MGA,decoy175,27L_redock_4MGA,0.6227,4.2584,inf
4MGA,decoy232,27L_redock_4MGA,0.6218,4.0329,inf
4MGA,decoy308,27L_redock_4MGA,0.6214,4.4534,inf
4MGA,Caffeine_min,27L_redock_4MGA,0.6213,3.1910,inf
4MGA,decoy54,27L_redock_4MGA,0.6197,4.3895,inf
4MGA,decoy56,27L_redock_4MGA,0.6187,3.0369,inf
4MGA,603-45-2_min,27L_redock_4MGA,0.6187,4.4593,inf
4MGA,decoy384,27L_redock_4MGA,0.6140,4.2933,inf
4MGA,decoy411,27L_redock_4MGA,0.6138,4.2839,inf
4MGA,decoy297,27L_redock_4MGA,0.6137,4.1620,inf
4MGA,decoy329,27L_redock_4MGA,0.6091,4.7265,inf
4MGA,decoy409,27L_redock_4MGA,0.6080,4.5177,inf
4MGA,decoy217,27L_redock_4MGA,0.6079,3.5237,inf
4MGA,decoy273,27L_redock_4MGA,0.6065,3.6306,inf
4MGA,decoy317,27L_redock_4MGA,0.6055,4.0840,inf
4MGA,decoy43,27L_redock_4MGA,0.6045,3.8375,inf
4MGA,143-50-0_min,27L_redock_4MGA,0.6042,5.0386,inf
4MGA,decoy165,27L_redock_4MGA,0.6040,3.8884,inf
4MGA,decoy344,27L_redock_4MGA,0.6038,4.3318,inf
4MGA,decoy178,27L_redock_4MGA,0.6038,4.0633,inf
4MGA,decoy365,27L_redock_4MGA,0.6037,3.8517,inf
4MGA,decoy298,27L_redock_4MGA,0.6035,3.8236,inf
4MGA,decoy208,27L_redock_4MGA,0.6025,4.0173,inf
4MGA,decoy37,27L_redock_4MGA,0.6000,3.5893,inf
4MGA,571-22-2_min,27L_redock_4MGA,0.5997,4.3294,inf
4MGA,3434-79-5_min,27L_redock_4MGA,0.5990,4.5921,inf
4MGA,decoy389,27L_redock_4MGA,0.5983,4.4911,inf
4MGA,decoy235,27L_redock_4MGA,0.5970,4.2638,inf
4MGA,decoy167,27L_redock_4MGA,0.5958,4.2369,inf
4MGA,decoy3,27L_redock_4MGA,0.5946,3.8098,inf
4MGA,decoy311,27L_redock_4MGA,0.5943,4.3158,inf
4MGA,decoy267,27L_redock_4MGA,0.5935,4.0920,inf
4MGA,decoy68,27L_redock_4MGA,0.5928,3.8708,inf
4MGA,decoy207,27L_redock_4MGA,0.5922,3.8386,inf
4MGA,decoy279,27L_redock_4MGA,0.5915,3.9701,inf
4MGA,decoy82,27L_redock_4MGA,0.5911,4.1400,inf
4MGA,decoy234,27L_redock_4MGA,0.5907,4.2836,inf
4MGA,decoy281,27L_redock_4MGA,0.5880,3.8228,inf
4MGA,decoy157,27L_redock_4MGA,0.5867,4.2251,inf
4MGA,decoy63,27L_redock_4MGA,0.5842,3.5954,inf
4MGA,decoy237,27L_redock_4MGA,0.5830,3.2912,inf
4MGA,decoy73,27L_redock_4MGA,0.5819,2.7158,inf
4MGA,decoy356,27L_redock_4MGA,0.5809,3.9029,inf
4MGA,decoy200,27L_redock_4MGA,0.5809,3.4704,inf
4MGA,decoy28,27L_redock_4MGA,0.5808,4.4012,inf
4MGA,decoy2,27L_redock_4MGA,0.5808,3.9122,inf
4MGA,decoy420,27L_redock_4MGA,0.5803,3.8455,inf
4MGA,decoy222,27L_redock_4MGA,0.5787,4.0811,inf
4MGA,207-13-4_min,27L_redock_4MGA,0.5785,3.5284,inf
4MGA,decoy303,27L_redock_4MGA,0.5763,3.7668,inf
4MGA,decoy358,27L_redock_4MGA,0.5736,4.0241,inf
4MGA,decoy428,27L_redock_4MGA,0.5728,3.9968,inf
4MGA,decoy91,27L_redock_4MGA,0.5725,4.1680,inf
4MGA,decoy16,27L_redock_4MGA,0.5724,4.2774,inf
4MGA,decoy8,27L_redock_4MGA,0.5715,3.9853,inf
4MGA,decoy64,27L_redock_4MGA,0.5686,3.6797,inf
4MGA,decoy147,27L_redock_4MGA,0.5683,3.7746,inf
4MGA,decoy144,27L_redock_4MGA,0.5674,4.0805,inf
4MGA,decoy261,27L_redock_4MGA,0.5668,3.9882,inf
4MGA,decoy289,27L_redock_4MGA,0.5668,3.5822,inf
4MGA,decoy283,27L_redock_4MGA,0.5640,3.3479,inf
4MGA,decoy394,27L_redock_4MGA,0.5617,4.0743,inf
4MGA,decoy27,27L_redock_4MGA,0.5614,4.0776,inf
4MGA,decoy203,27L_redock_4MGA,0.5584,3.6219,inf
4MGA,decoy403,27L_redock_4MGA,0.5570,3.7651,inf
4MGA,50-22-6_min,27L_redock_4MGA,0.5556,4.0110,inf
4MGA,decoy423,27L_redock_4MGA,0.5549,3.2714,inf
4MGA,911-45-5_min,27L_redock_4MGA,0.5529,4.0620,inf
4MGA,decoy429,27L_redock_4MGA,0.5526,4.1016,inf
4MGA,decoy335,27L_redock_4MGA,0.5511,4.1029,inf
4MGA,decoy430,27L_redock_4MGA,0.5500,3.8780,inf
4MGA,decoy205,27L_redock_4MGA,0.5497,3.2606,inf
4MGA,decoy328,27L_redock_4MGA,0.5470,4.0962,inf
4MGA,decoy271,27L_redock_4MGA,0.5467,3.9818,inf
4MGA,decoy162,27L_redock_4MGA,0.5464,3.0677,inf
4MGA,decoy125,27L_redock_4MGA,0.5448,3.7899,inf
4MGA,decoy399,27L_redock_4MGA,0.5439,3.6376,inf
4MGA,decoy24,27L_redock_4MGA,0.5421,3.9408,inf
4MGA,decoy355,27L_redock_4MGA,0.5421,3.6481,inf
4MGA,decoy146,27L_redock_4MGA,0.5420,3.9234,inf
4MGA,decoy131,27L_redock_4MGA,0.5417,3.5221,inf
4MGA,decoy57,27L_redock_4MGA,0.5409,3.8640,inf
4MGA,decoy30,27L_redock_4MGA,0.5407,3.7775,inf
4MGA,decoy201,27L_redock_4MGA,0.5401,3.2291,inf
4MGA,decoy290,27L_redock_4MGA,0.5399,3.1086,inf
4MGA,decoy159,27L_redock_4MGA,0.5394,4.0391,inf
4MGA,decoy105,27L_redock_4MGA,0.5375,3.3366,inf
4MGA,decoy373,27L_redock_4MGA,0.5359,2.9689,inf
4MGA,decoy360,27L_redock_4MGA,0.5347,3.8297,inf
4MGA,decoy192,27L_redock_4MGA,0.5340,3.5810,inf
4MGA,decoy158,27L_redock_4MGA,0.5318,2.8094,inf
4MGA,decoy164,27L_redock_4MGA,0.5318,3.3937,inf
4MGA,decoy22,27L_redock_4MGA,0.5312,3.1710,inf
4MGA,decoy47,27L_redock_4MGA,0.5299,3.0450,inf
4MGA,decoy408,27L_redock_4MGA,0.5295,3.7835,inf
4MGA,decoy119,27L_redock_4MGA,0.5293,3.2922,inf
4MGA,decoy41,27L_redock_4MGA,0.5288,3.4360,inf
4MGA,decoy53,27L_redock_4MGA,0.5264,2.9116,inf
4MGA,decoy40,27L_redock_4MGA,0.5255,3.7114,inf
4MGA,decoy143,27L_redock_4MGA,0.5253,3.3371,inf
4MGA,decoy66,27L_redock_4MGA,0.5217,2.6538,inf
4MGA,decoy209,27L_redock_4MGA,0.5198,3.0133,inf
4MGA,decoy302,27L_redock_4MGA,0.5174,3.1605,inf
4MGA,decoy79,27L_redock_4MGA,0.5170,3.1716,inf
4MGA,decoy118,27L_redock_4MGA,0.5167,3.7068,inf
4MGA,decoy252,27L_redock_4MGA,0.5154,3.1217,inf
4MGA,decoy287,27L_redock_4MGA,0.5106,2.7420,inf
4MGA,decoy324,27L_redock_4MGA,0.5099,3.4574,inf
4MGA,decoy400,27L_redock_4MGA,0.5099,3.6744,inf
4MGA,decoy136,27L_redock_4MGA,0.5088,3.7210,inf
4MGA,decoy422,27L_redock_4MGA,0.5079,3.6180,inf
4MGA,decoy260,27L_redock_4MGA,0.5074,3.6500,inf
4MGA,decoy180,27L_redock_4MGA,0.5074,3.5095,inf
4MGA,decoy342,27L_redock_4MGA,0.5066,3.6711,inf
4MGA,decoy350,27L_redock_4MGA,0.5065,3.0492,inf
4MGA,decoy126,27L_redock_4MGA,0.5061,3.1491,inf
4MGA,decoy293,27L_redock_4MGA,0.5052,3.5661,inf
4MGA,decoy418,27L_redock_4MGA,0.5050,3.3452,inf
4MGA,decoy129,27L_redock_4MGA,0.4981,2.5754,inf
4MGA,decoy241,27L_redock_4MGA,0.4962,3.2846,inf
4MGA,decoy52,27L_redock_4MGA,0.4940,3.1477,inf
4MGA,decoy295,27L_redock_4MGA,0.4937,2.8319,inf
4MGA,decoy426,27L_redock_4MGA,0.4936,3.4352,inf
4MGA,decoy107,27L_redock_4MGA,0.4933,3.5974,inf
4MGA,decoy218,27L_redock_4MGA,0.4913,3.3051,inf
4MGA,1845-11-0_min,27L_redock_4MGA,0.4911,3.6287,inf
4MGA,decoy161,27L_redock_4MGA,0.4911,3.2024,inf
4MGA,decoy220,27L_redock_4MGA,0.4896,3.4855,inf
4MGA,decoy44,27L_redock_4MGA,0.4890,3.1511,inf
4MGA,decoy246,27L_redock_4MGA,0.4872,3.5072,inf
4MGA,decoy142,27L_redock_4MGA,0.4871,2.9803,inf
4MGA,decoy172,27L_redock_4MGA,0.4858,3.4357,inf
4MGA,decoy154,27L_redock_4MGA,0.4851,3.3350,inf
4MGA,decoy137,27L_redock_4MGA,0.4843,3.4491,inf
4MGA,decoy176,27L_redock_4MGA,0.4839,3.4187,inf
4MGA,decoy213,27L_redock_4MGA,0.4829,3.4699,inf
4MGA,decoy182,27L_redock_4MGA,0.4827,3.0647,inf
4MGA,decoy341,27L_redock_4MGA,0.4813,3.3871,inf
4MGA,decoy202,27L_redock_4MGA,0.4806,3.2277,inf
4MGA,decoy83,27L_redock_4MGA,0.4806,3.4706,inf
4MGA,15372-34-6_min,27L_redock_4MGA,0.4798,3.3142,inf
4MGA,decoy69,27L_redock_4MGA,0.4788,3.3947,inf
4MGA,decoy106,27L_redock_4MGA,0.4763,3.2770,inf
4MGA,1852-53-5_min,27L_redock_4MGA,0.4755,3.5908,inf
4MGA,decoy9,27L_redock_4MGA,0.4743,3.4142,inf
4MGA,decoy148,27L_redock_4MGA,0.4742,2.9627,inf
4MGA,decoy38,27L_redock_4MGA,0.4737,3.1545,inf
4MGA,decoy36,27L_redock_4MGA,0.4721,3.2608,inf
4MGA,decoy315,27L_redock_4MGA,0.4720,3.3615,inf
4MGA,decoy406,27L_redock_4MGA,0.4718,3.3941,inf
4MGA,decoy163,27L_redock_4MGA,0.4716,3.4113,inf
4MGA,decoy367,27L_redock_4MGA,0.4712,3.3540,inf
4MGA,decoy120,27L_redock_4MGA,0.4711,3.1947,inf
4MGA,decoy39,27L_redock_4MGA,0.4710,3.3730,inf
4MGA,decoy177,27L_redock_4MGA,0.4706,2.9845,inf
4MGA,decoy352,27L_redock_4MGA,0.4643,3.3072,inf
4MGA,decoy26,27L_redock_4MGA,0.4634,3.2645,inf
4MGA,68-23-5_min,27L_redock_4MGA,0.4621,3.4249,inf
4MGA,decoy14,27L_redock_4MGA,0.4617,3.2160,inf
4MGA,decoy97,27L_redock_4MGA,0.4615,2.9395,inf
4MGA,131-57-7_min,27L_redock_4MGA,0.4614,2.8850,inf
4MGA,decoy238,27L_redock_4MGA,0.4603,3.2075,inf
4MGA,decoy270,27L_redock_4MGA,0.4584,2.8432,inf
4MGA,decoy51,27L_redock_4MGA,0.4550,3.1303,inf
4MGA,decoy25,27L_redock_4MGA,0.4548,3.3749,inf
4MGA,72-33-3_min,27L_redock_4MGA,0.4539,3.3681,inf
4MGA,decoy319,27L_redock_4MGA,0.4511,3.1824,inf
4MGA,decoy357,27L_redock_4MGA,0.4510,3.2459,inf
4MGA,decoy181,27L_redock_4MGA,0.4510,3.0661,inf
4MGA,decoy296,27L_redock_4MGA,0.4507,3.3388,inf
4MGA,decoy89,27L_redock_4MGA,0.4491,2.4668,inf
4MGA,decoy284,27L_redock_4MGA,0.4489,3.1648,inf
4MGA,decoy348,27L_redock_4MGA,0.4482,2.7593,inf
4MGA,decoy304,27L_redock_4MGA,0.4479,2.9529,inf
4MGA,decoy364,27L_redock_4MGA,0.4477,2.8528,inf
4MGA,decoy353,27L_redock_4MGA,0.4447,3.0972,inf
4MGA,decoy398,27L_redock_4MGA,0.4445,3.0361,inf
4MGA,decoy390,27L_redock_4MGA,0.4443,3.3118,inf
4MGA,decoy347,27L_redock_4MGA,0.4442,2.9527,inf
4MGA,decoy115,27L_redock_4MGA,0.4393,2.8488,inf
4MGA,decoy407,27L_redock_4MGA,0.4376,2.9841,inf
4MGA,decoy33,27L_redock_4MGA,0.4365,3.1014,inf
4MGA,decoy112,27L_redock_4MGA,0.4362,2.9924,inf
4MGA,decoy402,27L_redock_4MGA,0.4357,3.0133,inf
4MGA,decoy152,27L_redock_4MGA,0.4352,2.7813,inf
4MGA,decoy340,27L_redock_4MGA,0.4350,3.1024,inf
4MGA,decoy113,27L_redock_4MGA,0.4326,2.8887,inf
4MGA,decoy229,27L_redock_4MGA,0.4318,2.7516,inf
4MGA,27J_min,27L_redock_4MGA,0.4318,2.6958,inf
4MGA,decoy294,27L_redock_4MGA,0.4318,2.5859,inf
4MGA,decoy332,27L_redock_4MGA,0.4313,3.1094,inf
4MGA,decoy11,27L_redock_4MGA,0.4296,2.7057,inf
4MGA,decoy326,27L_redock_4MGA,0.4285,3.2504,inf
4MGA,decoy42,27L_redock_4MGA,0.4265,2.8301,inf
4MGA,decoy103,27L_redock_4MGA,0.4252,2.8783,inf
4MGA,decoy46,27L_redock_4MGA,0.4242,2.6358,inf
4MGA,decoy313,27L_redock_4MGA,0.4240,3.2271,inf
4MGA,decoy233,27L_redock_4MGA,0.4232,2.7324,inf
4MGA,decoy70,27L_redock_4MGA,0.4229,2.5018,inf
4MGA,decoy310,27L_redock_4MGA,0.4226,3.0171,inf
4MGA,decoy307,27L_redock_4MGA,0.4213,3.0816,inf
4MGA,decoy160,27L_redock_4MGA,0.4211,2.9606,inf
4MGA,decoy292,27L_redock_4MGA,0.4173,2.9364,inf
4MGA,decoy17,27L_redock_4MGA,0.4173,2.7853,inf
4MGA,decoy383,27L_redock_4MGA,0.4151,2.9613,inf
4MGA,decoy412,27L_redock_4MGA,0.4149,2.9081,inf
4MGA,decoy225,27L_redock_4MGA,0.4148,2.8502,inf
4MGA,decoy299,27L_redock_4MGA,0.4146,2.9574,inf
4MGA,decoy334,27L_redock_4MGA,0.4139,2.9326,inf
4MGA,decoy88,27L_redock_4MGA,0.4139,2.5286,inf
4MGA,decoy228,27L_redock_4MGA,0.4114,2.6124,inf
4MGA,decoy104,27L_redock_4MGA,0.4107,2.6420,inf
4MGA,decoy248,27L_redock_4MGA,0.4088,2.5114,inf
4MGA,decoy354,27L_redock_4MGA,0.4080,2.4842,inf
4MGA,decoy322,27L_redock_4MGA,0.4056,2.7240,inf
4MGA,decoy124,27L_redock_4MGA,0.4025,2.6074,inf
4MGA,decoy31,27L_redock_4MGA,0.4017,2.6277,inf
4MGA,decoy425,27L_redock_4MGA,0.4014,2.6612,inf
4MGA,decoy387,27L_redock_4MGA,0.4009,2.6947,inf
4MGA,decoy141,27L_redock_4MGA,0.3996,2.3898,inf
4MGA,decoy224,27L_redock_4MGA,0.3990,2.5686,inf
4MGA,decoy20,27L_redock_4MGA,0.3981,2.4837,inf
4MGA,decoy366,27L_redock_4MGA,0.3962,2.1859,inf
4MGA,decoy139,27L_redock_4MGA,0.3953,2.7963,inf
4MGA,decoy337,27L_redock_4MGA,0.3943,2.8946,inf
4MGA,decoy264,27L_redock_4MGA,0.3914,2.7257,inf
4MGA,decoy55,27L_redock_4MGA,0.3902,2.7754,inf
4MGA,decoy74,27L_redock_4MGA,0.3890,2.4337,inf
4MGA,decoy100,27L_redock_4MGA,0.3883,2.5576,inf
4MGA,decoy339,27L_redock_4MGA,0.3865,2.4165,inf
4MGA,decoy179,27L_redock_4MGA,0.3862,2.7499,inf
4MGA,decoy86,27L_redock_4MGA,0.3851,2.4916,inf
4MGA,decoy135,27L_redock_4MGA,0.3847,2.4296,inf
4MGA,decoy391,27L_redock_4MGA,0.3806,2.6340,inf
4MGA,decoy333,27L_redock_4MGA,0.3775,2.4111,inf
4MGA,83-46-5_min,27L_redock_4MGA,0.3774,2.7904,inf
4MGA,57-88-5_min,27L_redock_4MGA,0.3768,3.0021,inf
4MGA,decoy404,27L_redock_4MGA,0.3648,2.3787,inf
4MGA,decoy108,27L_redock_4MGA,0.3626,2.1807,inf
4MGA,decoy65,27L_redock_4MGA,0.3528,2.4938,inf
4MGA,decoy285,27L_redock_4MGA,0.3526,2.4143,inf
4MGA,decoy380,27L_redock_4MGA,0.3523,2.2937,inf
4MGA,decoy194,27L_redock_4MGA,0.3510,2.5314,inf
4MGA,decoy316,27L_redock_4MGA,0.3503,2.6718,inf
4MGA,decoy133,27L_redock_4MGA,0.3496,2.2279,inf
4MGA,decoy77,27L_redock_4MGA,0.3367,2.2759,inf
4MGA,decoy323,27L_redock_4MGA,0.3331,2.2860,inf
4MGA,decoy219,27L_redock_4MGA,0.3299,2.2512,inf
4MGA,decoy256,27L_redock_4MGA,0.3299,1.9217,inf
4MGA,decoy379,27L_redock_4MGA,0.3265,2.2984,inf
4MGA,decoy58,27L_redock_4MGA,0.3262,2.1570,inf
4MGA,decoy424,27L_redock_4MGA,0.3254,2.0480,inf
4MGA,decoy117,27L_redock_4MGA,0.3232,1.9427,inf
4MGA,decoy277,27L_redock_4MGA,0.3231,1.9855,inf
4MGA,decoy327,27L_redock_4MGA,0.3209,1.9948,inf
4MGA,decoy433,27L_redock_4MGA,0.3205,2.1626,inf
4MGA,decoy110,27L_redock_4MGA,0.3192,1.9582,inf
4MGA,decoy12,27L_redock_4MGA,0.3164,2.0641,inf
4MGA,decoy214,27L_redock_4MGA,0.3117,2.1245,inf
4MGA,decoy247,27L_redock_4MGA,0.3102,2.0498,inf
4MGA,decoy80,27L_redock_4MGA,0.3090,2.0941,inf
4MGA,decoy395,27L_redock_4MGA,0.3087,1.8577,inf
4MGA,decoy262,27L_redock_4MGA,0.3079,1.9340,inf
4MGA,decoy338,27L_redock_4MGA,0.3072,1.9742,inf
4MGA,decoy149,27L_redock_4MGA,0.3017,1.8745,inf
4MGA,decoy140,27L_redock_4MGA,0.2994,2.0379,inf
4MGA,decoy401,27L_redock_4MGA,0.2963,2.0153,inf
4MGA,decoy170,27L_redock_4MGA,0.2934,1.9396,inf
4MGA,decoy122,27L_redock_4MGA,0.2928,2.0437,inf
4MGA,decoy371,27L_redock_4MGA,0.2896,1.8263,inf
4MGA,decoy188,27L_redock_4MGA,0.2862,1.8757,inf
4MGA,decoy385,27L_redock_4MGA,0.2846,1.9843,inf
4MGA,50-02-2_min,27L_redock_4MGA,0.2797,1.9652,inf
4MGA,115-86-6_min,27L_redock_4MGA,0.2788,1.7079,inf
4MGA,decoy35,27L_redock_4MGA,0.2778,1.8933,inf
4MGA,decoy276,27L_redock_4MGA,0.2765,1.6334,inf
4MGA,decoy369,27L_redock_4MGA,0.2745,1.8596,inf
4MGA,decoy362,27L_redock_4MGA,0.2741,1.8819,inf
4MGA,decoy346,27L_redock_4MGA,0.2714,1.7441,inf
4MGA,decoy278,27L_redock_4MGA,0.2714,1.6975,inf
4MGA,decoy211,27L_redock_4MGA,0.2669,1.7391,inf
4MGA,decoy138,27L_redock_4MGA,0.2666,1.8445,inf
4MGA,decoy314,27L_redock_4MGA,0.2666,1.6071,inf
4MGA,decoy343,27L_redock_4MGA,0.2589,1.6860,inf
4MGA,decoy372,27L_redock_4MGA,0.2501,1.7683,inf
4MGA,decoy254,27L_redock_4MGA,0.2500,1.4402,inf
4MGA,decoy301,27L_redock_4MGA,0.2459,1.8203,inf
4MGA,decoy306,27L_redock_4MGA,0.2370,1.6379,inf
4MGA,decoy321,27L_redock_4MGA,0.2347,1.4132,inf
4MGA,decoy198,27L_redock_4MGA,0.2320,1.4647,inf
4MGA,decoy127,27L_redock_4MGA,0.2241,1.5466,inf
4MGA,decoy432,27L_redock_4MGA,0.2174,1.3167,inf
4MGA,decoy98,27L_redock_4MGA,0.2148,1.3063,inf
4MGA,decoy370,27L_redock_4MGA,0.2105,1.4313,inf
4MGA,decoy378,27L_redock_4MGA,0.2096,1.3077,inf
4MGA,decoy286,27L_redock_4MGA,0.2009,1.2498,inf
4MGA,decoy96,27L_redock_4MGA,0.1729,1.1148,inf
4MGA,decoy377,27L_redock_4MGA,0.1539,1.0421,inf
4MGC,3601-97-6_min,27M_redock_4MGC,0.9836,7.9736,inf
4MGC,53-45-2_min,27M_redock_4MGC,0.9744,7.3398,inf
4MGC,53-16-7_min,27M_redock_4MGC,0.9704,7.8600,inf
4MGC,67651-34-7_min,27M_redock_4MGC,0.9678,7.9348,inf
4MGC,65118-81-2_min,27M_redock_4MGC,0.9629,7.5038,inf
4MGC,84-16-2_min,27M_redock_4MGC,0.9603,7.8987,inf
4MGC,56-53-1_min,27M_redock_4MGC,0.9598,7.8891,inf
4MGC,50-28-2_min,27M_redock_4MGC,0.9593,7.8159,inf
4MGC,EST_min,27M_redock_4MGC,0.9593,7.8159,inf
4MGC,DES_min,27M_redock_4MGC,0.9591,7.8864,inf
4MGC,decoy166,27M_redock_4MGC,0.9571,7.6940,inf
4MGC,decoy388,27M_redock_4MGC,0.9533,6.3871,inf
4MGC,84-17-3_min,27M_redock_4MGC,0.9502,7.7883,inf
4MGC,53-63-4_min,27M_redock_4MGC,0.9501,7.4317,inf
4MGC,2529-64-8_min,27M_redock_4MGC,0.9485,7.2242,inf
4MGC,474-86-2_min,27M_redock_4MGC,0.9474,7.3999,inf
4MGC,53905-28-5_min,27M_redock_4MGC,0.9464,6.5925,inf
4MGC,57-91-0_min,27M_redock_4MGC,0.9446,7.5561,inf
4MGC,decoy94,27M_redock_4MGC,0.9403,7.2369,inf
4MGC,decoy244,27M_redock_4MGC,0.9398,6.9802,inf
4MGC,659-22-3_min,27M_redock_4MGC,0.9377,6.8232,inf
4MGC,58-22-0_min,27M_redock_4MGC,0.9339,7.5010,inf
4MGC,Testosterone_min,27M_redock_4MGC,0.9339,7.5010,inf
4MGC,28034-99-3_min,27M_redock_4MGC,0.9325,5.8186,inf
4MGC,53-19-0_min,27M_redock_4MGC,0.9298,6.8499,inf
4MGC,6554-98-9_min,27M_redock_4MGC,0.9278,6.2162,inf
4MGC,27L_min,27M_redock_4MGC,0.9263,6.3932,inf
4MGC,140-66-9_min,27M_redock_4MGC,0.9263,6.3932,inf
4MGC,104-43-8_min,27M_redock_4MGC,0.9259,7.0878,inf
4MGC,decoy417,27M_redock_4MGC,0.9255,6.4889,inf
4MGC,decoy1,27M_redock_4MGC,0.9245,6.0479,inf
4MGC,decoy174,27M_redock_4MGC,0.9190,6.3899,inf
4MGC,98-54-4_min,27M_redock_4MGC,0.9185,5.7027,inf
4MGC,decoy155,27M_redock_4MGC,0.9170,6.9302,inf
4MGC,2971-36-0_min,27M_redock_4MGC,0.9145,7.1527,inf
4MGC,362-05-0_min,27M_redock_4MGC,0.9143,7.0167,inf
4MGC,decoy78,27M_redock_4MGC,0.9111,6.7820,inf
4MGC,5153-25-3_min,27M_redock_4MGC,0.9103,6.1823,inf
4MGC,123-07-9_min,27M_redock_4MGC,0.9103,4.6987,inf
4MGC,decoy269,27M_redock_4MGC,0.9099,6.1973,inf
4MGC,decoy253,27M_redock_4MGC,0.9089,6.0796,inf
4MGC,decoy186,27M_redock_4MGC,0.9085,6.7307,inf
4MGC,decoy84,27M_redock_4MGC,0.9078,6.6468,inf
4MGC,decoy61,27M_redock_4MGC,0.9076,6.5266,inf
4MGC,99-71-8_min,27M_redock_4MGC,0.9074,5.7999,inf
4MGC,decoy190,27M_redock_4MGC,0.9052,6.7190,inf
4MGC,decoy274,27M_redock_4MGC,0.9040,5.9595,inf
4MGC,72-43-5_min,27M_redock_4MGC,0.9011,6.4109,inf
4MGC,decoy18,27M_redock_4MGC,0.9009,4.4263,inf
4MGC,94-13-3_min,27M_redock_4MGC,0.9001,5.1831,inf
4MGC,decoy23,27M_redock_4MGC,0.8999,5.9491,inf
4MGC,decoy263,27M_redock_4MGC,0.8994,6.2644,inf
4MGC,decoy111,27M_redock_4MGC,0.8983,6.2762,inf
4MGC,decoy173,27M_redock_4MGC,0.8983,6.5199,inf
4MGC,126-00-1_min,27M_redock_4MGC,0.8979,6.1977,inf
4MGC,decoy50,27M_redock_4MGC,0.8976,6.7102,inf
4MGC,decoy410,27M_redock_4MGC,0.8966,6.1257,inf
4MGC,decoy60,27M_redock_4MGC,0.8961,5.5887,inf
4MGC,789-02-6_min,27M_redock_4MGC,0.8930,6.7321,inf
4MGC,decoy72,27M_redock_4MGC,0.8909,7.0936,inf
4MGC,6052-84-2_min,27M_redock_4MGC,0.8907,6.1030,inf
4MGC,99-76-3_min,27M_redock_4MGC,0.8894,4.7036,inf
4MGC,decoy6,27M_redock_4MGC,0.8892,5.6340,inf
4MGC,decoy336,27M_redock_4MGC,0.8891,6.8318,inf
4MGC,decoy304,27M_redock_4MGC,0.8890,6.1507,inf
4MGC,decoy153,27M_redock_4MGC,0.8889,6.4151,inf
4MGC,27K_min,27M_redock_4MGC,0.8887,5.3045,inf
4MGC,94-26-8_min,27M_redock_4MGC,0.8887,5.3045,inf
4MGC,120-47-8_min,27M_redock_4MGC,0.8858,5.0707,inf
4MGC,decoy180,27M_redock_4MGC,0.8852,6.2120,inf
4MGC,57-83-0_min,27M_redock_4MGC,0.8843,7.1484,inf
4MGC,92-69-3_min,27M_redock_4MGC,0.8834,4.9863,inf
4MGC,28463-03-8_min,27M_redock_4MGC,0.8830,6.5618,inf
4MGC,599-64-4_min,27M_redock_4MGC,0.8822,6.0252,inf
4MGC,1229-24-9_min,27M_redock_4MGC,0.8822,6.6910,inf
4MGC,decoy330,27M_redock_4MGC,0.8818,6.6413,inf
4MGC,decoy206,27M_redock_4MGC,0.8816,6.0223,inf
4MGC,80-46-6_min,27M_redock_4MGC,0.8804,5.7653,inf
4MGC,243-17-4_min,27M_redock_4MGC,0.8802,5.4137,inf
4MGC,571-20-0_min,27M_redock_4MGC,0.8761,7.0695,inf
4MGC,decoy257,27M_redock_4MGC,0.8753,6.4510,inf
4MGC,decoy258,27M_redock_4MGC,0.8744,6.1682,inf
4MGC,72-54-8_min,27M_redock_4MGC,0.8742,5.8648,inf
4MGC,75938-34-0_min,27M_redock_4MGC,0.8742,6.5630,inf
4MGC,decoy183,27M_redock_4MGC,0.8735,6.1874,inf
4MGC,decoy236,27M_redock_4MGC,0.8717,5.8820,inf
4MGC,decoy235,27M_redock_4MGC,0.8693,6.4019,inf
4MGC,decoy309,27M_redock_4MGC,0.8682,6.0693,inf
4MGC,decoy48,27M_redock_4MGC,0.8682,5.6106,inf
4MGC,decoy187,27M_redock_4MGC,0.8679,5.7170,inf
4MGC,decoy13,27M_redock_4MGC,0.8672,6.2389,inf
4MGC,decoy185,27M_redock_4MGC,0.8609,6.2356,inf
4MGC,decoy99,27M_redock_4MGC,0.8607,6.3010,inf
4MGC,13037-86-0_min,27M_redock_4MGC,0.8602,5.5091,inf
4MGC,decoy245,27M_redock_4MGC,0.8590,6.5987,inf
4MGC,decoy230,27M_redock_4MGC,0.8585,5.6360,inf
4MGC,decoy397,27M_redock_4MGC,0.8577,6.0659,inf
4MGC,94-18-8_min,27M_redock_4MGC,0.8555,5.6128,inf
4MGC,103-16-2_min,27M_redock_4MGC,0.8540,5.1194,inf
4MGC,decoy419,27M_redock_4MGC,0.8530,5.7803,inf
4MGC,50-27-1_min,27M_redock_4MGC,0.8528,6.4126,inf
4MGC,5394-98-9_min,27M_redock_4MGC,0.8522,5.6160,inf
4MGC,decoy92,27M_redock_4MGC,0.8511,6.3149,inf
4MGC,92-04-6_min,27M_redock_4MGC,0.8510,4.9776,inf
4MGC,1085-12-7_min,27M_redock_4MGC,0.8506,5.5326,inf
4MGC,decoy282,27M_redock_4MGC,0.8490,5.9787,inf
4MGC,decoy168,27M_redock_4MGC,0.8474,6.4118,inf
4MGC,decoy363,27M_redock_4MGC,0.8474,5.9875,inf
4MGC,decoy280,27M_redock_4MGC,0.8472,6.1558,inf
4MGC,611-99-4_min,27M_redock_4MGC,0.8470,5.4897,inf
4MGC,84-74-2_min,27M_redock_4MGC,0.8467,4.8770,inf
4MGC,decoy29,27M_redock_4MGC,0.8443,5.7099,inf
4MGC,218-01-9_min,27M_redock_4MGC,0.8441,5.0888,inf
4MGC,decoy178,27M_redock_4MGC,0.8439,6.0403,inf
4MGC,decoy5,27M_redock_4MGC,0.8420,6.3846,inf
4MGC,77-40-7_min,27M_redock_4MGC,0.8408,5.9809,inf
4MGC,decoy317,27M_redock_4MGC,0.8399,5.9421,inf
4MGC,481-30-1_min,27M_redock_4MGC,0.8393,6.4260,inf
4MGC,decoy250,27M_redock_4MGC,0.8392,5.5205,inf
4MGC,decoy368,27M_redock_4MGC,0.8363,6.0928,inf
4MGC,decoy249,27M_redock_4MGC,0.8351,5.2189,inf
4MGC,decoy266,27M_redock_4MGC,0.8348,6.3256,inf
4MGC,decoy243,27M_redock_4MGC,0.8346,5.8365,inf
4MGC,25154-52-3_min,27M_redock_4MGC,0.8343,5.5131,inf
4MGC,521-18-6_min,27M_redock_4MGC,0.8339,6.4393,inf
4MGC,580-51-8_min,27M_redock_4MGC,0.8336,4.4823,inf
4MGC,1852-53-5_min,27M_redock_4MGC,0.8331,6.6642,inf
4MGC,59-50-7_min,27M_redock_4MGC,0.8328,4.0055,inf
4MGC,decoy434,27M_redock_4MGC,0.8320,5.6358,inf
4MGC,decoy297,27M_redock_4MGC,0.8319,5.2927,inf
4MGC,36J_min,27M_redock_4MGC,0.8316,5.8665,inf
4MGC,1806-26-4_min,27M_redock_4MGC,0.8293,5.7219,inf
4MGC,decoy220,27M_redock_4MGC,0.8291,5.8796,inf
4MGC,decoy43,27M_redock_4MGC,0.8287,5.3843,inf
4MGC,decoy376,27M_redock_4MGC,0.8284,5.8180,inf
4MGC,decoy345,27M_redock_4MGC,0.8281,6.3092,inf
4MGC,decoy240,27M_redock_4MGC,0.8250,5.5452,inf
4MGC,decoy132,27M_redock_4MGC,0.8236,5.8148,inf
4MGC,decoy431,27M_redock_4MGC,0.8229,6.0198,inf
4MGC,5976-61-4_min,27M_redock_4MGC,0.8214,6.0248,inf
4MGC,decoy128,27M_redock_4MGC,0.8214,5.6862,inf
4MGC,80-05-7_min,27M_redock_4MGC,0.8211,5.6636,inf
4MGC,2OH_min,27M_redock_4MGC,0.8211,5.6636,inf
4MGC,1570-64-5_min,27M_redock_4MGC,0.8208,3.7309,inf
4MGC,decoy22,27M_redock_4MGC,0.8187,4.6027,inf
4MGC,50-22-6_min,27M_redock_4MGC,0.8168,6.1219,inf
4MGC,50-29-3_min,27M_redock_4MGC,0.8158,5.8440,inf
4MGC,decoy54,27M_redock_4MGC,0.8151,5.7277,inf
4MGC,decoy101,27M_redock_4MGC,0.8145,5.1620,inf
4MGC,decoy312,27M_redock_4MGC,0.8144,6.7770,inf
4MGC,85-68-7_min,27M_redock_4MGC,0.8132,5.2867,inf
4MGC,decoy227,27M_redock_4MGC,0.8131,5.4447,inf
4MGC,decoy87,27M_redock_4MGC,0.8125,5.8746,inf
4MGC,decoy21,27M_redock_4MGC,0.8100,5.5683,inf
4MGC,decoy63,27M_redock_4MGC,0.8088,5.3103,inf
4MGC,58-89-9_min,27M_redock_4MGC,0.8083,5.0807,inf
4MGC,decoy259,27M_redock_4MGC,0.8083,5.3496,inf
4MGC,2050-68-2_min,27M_redock_4MGC,0.8068,4.5260,inf
4MGC,decoy291,27M_redock_4MGC,0.8033,5.5831,inf
4MGC,decoy322,27M_redock_4MGC,0.8023,5.7697,inf
4MGC,131-56-6_min,27M_redock_4MGC,0.8004,4.9898,inf
4MGC,decoy251,27M_redock_4MGC,0.7991,5.2155,inf
4MGC,decoy4,27M_redock_4MGC,0.7991,5.5793,inf
4MGC,decoy62,27M_redock_4MGC,0.7974,4.9860,inf
4MGC,decoy281,27M_redock_4MGC,0.7951,5.2411,inf
4MGC,EE2_min,27M_redock_4MGC,0.7943,6.2074,inf
4MGC,57-63-6_min,27M_redock_4MGC,0.7943,6.2074,inf
4MGC,decoy15,27M_redock_4MGC,0.7933,4.9798,inf
4MGC,27M_min,27M_redock_4MGC,0.7915,4.9763,2.3017
4MGC,decoy171,27M_redock_4MGC,0.7899,4.7058,inf
4MGC,decoy416,27M_redock_4MGC,0.7895,4.8870,inf
4MGC,decoy93,27M_redock_4MGC,0.7845,4.7970,inf
4MGC,decoy71,27M_redock_4MGC,0.7834,5.4342,inf
4MGC,decoy389,27M_redock_4MGC,0.7829,5.7883,inf
4MGC,decoy156,27M_redock_4MGC,0.7777,5.4602,inf
4MGC,115-29-7_min,27M_redock_4MGC,0.7772,5.3958,inf
4MGC,decoy175,27M_redock_4MGC,0.7749,5.1497,inf
4MGC,decoy121,27M_redock_4MGC,0.7656,4.8096,inf
4MGC,decoy392,27M_redock_4MGC,0.7655,5.4916,inf
4MGC,decoy393,27M_redock_4MGC,0.7652,5.0585,inf
4MGC,decoy104,27M_redock_4MGC,0.7641,5.6068,inf
4MGC,decoy226,27M_redock_4MGC,0.7637,5.1506,inf
4MGC,decoy196,27M_redock_4MGC,0.7625,5.3494,inf
4MGC,58-72-0_min,27M_redock_4MGC,0.7620,5.1235,inf
4MGC,decoy37,27M_redock_4MGC,0.7612,4.7584,inf
4MGC,decoy184,27M_redock_4MGC,0.7609,5.2789,inf
4MGC,decoy223,27M_redock_4MGC,0.7598,5.1670,inf
4MGC,decoy288,27M_redock_4MGC,0.7590,5.1635,inf
4MGC,80-09-1_min,27M_redock_4MGC,0.7565,5.1518,inf
4MGC,decoy384,27M_redock_4MGC,0.7560,5.3149,inf
4MGC,34816-55-2_min,27M_redock_4MGC,0.7537,5.9351,inf
4MGC,94-25-7_min,27M_redock_4MGC,0.7535,4.1290,inf
4MGC,decoy81,27M_redock_4MGC,0.7498,5.1651,inf
4MGC,decoy191,27M_redock_4MGC,0.7489,4.9907,inf
4MGC,81-90-3_min,27M_redock_4MGC,0.7474,5.1432,inf
4MGC,84-69-5_min,27M_redock_4MGC,0.7474,4.0734,inf
4MGC,decoy239,27M_redock_4MGC,0.7473,4.8924,inf
4MGC,97-53-0_min,27M_redock_4MGC,0.7424,4.1442,inf
4MGC,decoy123,27M_redock_4MGC,0.7395,5.6716,inf
4MGC,decoy76,27M_redock_4MGC,0.7389,4.6210,inf
4MGC,decoy396,27M_redock_4MGC,0.7387,4.7267,inf
4MGC,decoy164,27M_redock_4MGC,0.7354,4.8080,inf
4MGC,decoy64,27M_redock_4MGC,0.7321,4.9767,inf
4MGC,decoy203,27M_redock_4MGC,0.7290,4.7568,inf
4MGC,decoy160,27M_redock_4MGC,0.7288,5.4337,inf
4MGC,decoy289,27M_redock_4MGC,0.7285,5.2647,inf
4MGC,decoy395,27M_redock_4MGC,0.7282,4.3440,inf
4MGC,500-38-9_min,27M_redock_4MGC,0.7265,4.9223,inf
4MGC,decoy36,27M_redock_4MGC,0.7259,5.2302,inf
4MGC,decoy91,27M_redock_4MGC,0.7255,4.9542,inf
4MGC,decoy45,27M_redock_4MGC,0.7248,4.6507,inf
4MGC,decoy204,27M_redock_4MGC,0.7226,5.0414,inf
4MGC,decoy68,27M_redock_4MGC,0.7221,4.6461,inf
4MGC,decoy33,27M_redock_4MGC,0.7217,5.0449,inf
4MGC,decoy116,27M_redock_4MGC,0.7213,4.8980,inf
4MGC,decoy382,27M_redock_4MGC,0.7204,5.2454,inf
4MGC,decoy407,27M_redock_4MGC,0.7201,5.1116,inf
4MGC,decoy268,27M_redock_4MGC,0.7197,4.7600,inf
4MGC,decoy411,27M_redock_4MGC,0.7195,4.6113,inf
4MGC,decoy49,27M_redock_4MGC,0.7191,4.6532,inf
4MGC,decoy212,27M_redock_4MGC,0.7168,4.7491,inf
4MGC,97-54-1_min,27M_redock_4MGC,0.7150,3.9598,inf
4MGC,decoy193,27M_redock_4MGC,0.7148,5.3196,inf
4MGC,603-45-2_min,27M_redock_4MGC,0.7142,5.3889,inf
4MGC,decoy41,27M_redock_4MGC,0.7129,4.3418,inf
4MGC,decoy189,27M_redock_4MGC,0.7124,5.0221,inf
4MGC,decoy147,27M_redock_4MGC,0.7121,5.0556,inf
4MGC,decoy109,27M_redock_4MGC,0.7109,4.7503,inf
4MGC,decoy405,27M_redock_4MGC,0.7101,4.6031,inf
4MGC,decoy150,27M_redock_4MGC,0.7097,4.9883,inf
4MGC,decoy90,27M_redock_4MGC,0.7095,5.1267,inf
4MGC,decoy359,27M_redock_4MGC,0.7086,4.2404,inf
4MGC,decoy428,27M_redock_4MGC,0.7086,4.6589,inf
4MGC,decoy331,27M_redock_4MGC,0.7078,5.5647,inf
4MGC,decoy28,27M_redock_4MGC,0.7071,5.4973,inf
4MGC,decoy213,27M_redock_4MGC,0.7022,4.7915,inf
4MGC,decoy3,27M_redock_4MGC,0.7010,4.4104,inf
4MGC,decoy415,27M_redock_4MGC,0.7005,4.6452,inf
4MGC,decoy57,27M_redock_4MGC,0.7001,4.9632,inf
4MGC,decoy381,27M_redock_4MGC,0.6988,4.9898,inf
4MGC,decoy327,27M_redock_4MGC,0.6975,5.1234,inf
4MGC,decoy252,27M_redock_4MGC,0.6971,4.5627,inf
4MGC,15372-34-6_min,27M_redock_4MGC,0.6958,4.9815,inf
4MGC,decoy404,27M_redock_4MGC,0.6950,4.7192,inf
4MGC,90-43-7_min,27M_redock_4MGC,0.6949,3.3229,inf
4MGC,decoy349,27M_redock_4MGC,0.6898,4.7254,inf
4MGC,121-33-5_min,27M_redock_4MGC,0.6885,3.3352,inf
4MGC,decoy308,27M_redock_4MGC,0.6882,4.7612,inf
4MGC,decoy375,27M_redock_4MGC,0.6882,5.2060,inf
4MGC,decoy197,27M_redock_4MGC,0.6865,4.9809,inf
4MGC,decoy413,27M_redock_4MGC,0.6858,3.8040,inf
4MGC,decoy95,27M_redock_4MGC,0.6857,4.4617,inf
4MGC,143-74-8_min,27M_redock_4MGC,0.6848,4.4559,inf
4MGC,decoy279,27M_redock_4MGC,0.6847,4.6600,inf
4MGC,decoy427,27M_redock_4MGC,0.6831,4.3717,inf
4MGC,decoy414,27M_redock_4MGC,0.6807,4.6321,inf
4MGC,Caffeine_min,27M_redock_4MGC,0.6804,3.6516,inf
4MGC,decoy51,27M_redock_4MGC,0.6799,4.7899,inf
4MGC,decoy53,27M_redock_4MGC,0.6794,4.7984,inf
4MGC,decoy314,27M_redock_4MGC,0.6787,4.6049,inf
4MGC,decoy342,27M_redock_4MGC,0.6785,5.0576,inf
4MGC,decoy44,27M_redock_4MGC,0.6778,4.5611,inf
4MGC,decoy24,27M_redock_4MGC,0.6770,4.9212,inf
4MGC,decoy271,27M_redock_4MGC,0.6768,4.9907,inf
4MGC,decoy195,27M_redock_4MGC,0.6767,5.0097,inf
4MGC,decoy199,27M_redock_4MGC,0.6761,4.3976,inf
4MGC,decoy200,27M_redock_4MGC,0.6749,3.9459,inf
4MGC,decoy157,27M_redock_4MGC,0.6717,4.8862,inf
4MGC,decoy88,27M_redock_4MGC,0.6694,4.6100,inf
4MGC,571-22-2_min,27M_redock_4MGC,0.6692,5.1095,inf
4MGC,decoy319,27M_redock_4MGC,0.6682,4.6697,inf
4MGC,decoy47,27M_redock_4MGC,0.6681,4.7372,inf
4MGC,decoy82,27M_redock_4MGC,0.6664,4.5444,inf
4MGC,decoy176,27M_redock_4MGC,0.6651,4.5842,inf
4MGC,decoy367,27M_redock_4MGC,0.6639,4.6253,inf
4MGC,decoy154,27M_redock_4MGC,0.6632,4.4875,inf
4MGC,decoy75,27M_redock_4MGC,0.6627,4.3748,inf
4MGC,decoy394,27M_redock_4MGC,0.6607,4.7608,inf
4MGC,decoy305,27M_redock_4MGC,0.6592,4.9149,inf
4MGC,decoy339,27M_redock_4MGC,0.6589,4.1305,inf
4MGC,decoy27,27M_redock_4MGC,0.6581,4.5108,inf
4MGC,decoy115,27M_redock_4MGC,0.6576,4.7096,inf
4MGC,decoy102,27M_redock_4MGC,0.6568,4.4604,inf
4MGC,decoy318,27M_redock_4MGC,0.6557,4.8900,inf
4MGC,decoy275,27M_redock_4MGC,0.6544,4.6252,inf
4MGC,decoy114,27M_redock_4MGC,0.6533,4.4680,inf
4MGC,decoy165,27M_redock_4MGC,0.6532,4.1358,inf
4MGC,decoy131,27M_redock_4MGC,0.6531,4.1951,inf
4MGC,decoy130,27M_redock_4MGC,0.6530,4.4447,inf
4MGC,72-55-9_min,27M_redock_4MGC,0.6517,4.3754,inf
4MGC,decoy283,27M_redock_4MGC,0.6516,4.1859,inf
4MGC,decoy374,27M_redock_4MGC,0.6506,4.1373,inf
4MGC,decoy85,27M_redock_4MGC,0.6486,4.6721,inf
4MGC,decoy144,27M_redock_4MGC,0.6452,4.7279,inf
4MGC,decoy32,27M_redock_4MGC,0.6440,4.7587,inf
4MGC,decoy287,27M_redock_4MGC,0.6427,3.7469,inf
4MGC,decoy421,27M_redock_4MGC,0.6424,3.7751,inf
4MGC,decoy55,27M_redock_4MGC,0.6408,4.7151,inf
4MGC,decoy311,27M_redock_4MGC,0.6395,4.6936,inf
4MGC,7773-34-4_min,27M_redock_4MGC,0.6385,4.6300,inf
4MGC,decoy16,27M_redock_4MGC,0.6377,4.6174,inf
4MGC,decoy228,27M_redock_4MGC,0.6375,4.4260,inf
4MGC,decoy221,27M_redock_4MGC,0.6369,4.2953,inf
4MGC,decoy126,27M_redock_4MGC,0.6368,3.9051,inf
4MGC,decoy151,27M_redock_4MGC,0.6366,4.4011,inf
4MGC,207-13-4_min,27M_redock_4MGC,0.6338,3.7406,inf
4MGC,decoy194,27M_redock_4MGC,0.6332,4.4764,inf
4MGC,decoy338,27M_redock_4MGC,0.6329,4.1909,inf
4MGC,143-50-0_min,27M_redock_4MGC,0.6318,5.2453,inf
4MGC,decoy112,27M_redock_4MGC,0.6300,4.2935,inf
4MGC,decoy242,27M_redock_4MGC,0.6299,4.2015,inf
4MGC,decoy334,27M_redock_4MGC,0.6291,4.7829,inf
4MGC,decoy356,27M_redock_4MGC,0.6288,4.0456,inf
4MGC,Melatonin_min,27M_redock_4MGC,0.6282,4.0009,inf
4MGC,140-10-3_min,27M_redock_4MGC,0.6280,2.6988,inf
4MGC,decoy19,27M_redock_4MGC,0.6272,3.7443,inf
4MGC,decoy329,27M_redock_4MGC,0.6251,4.8500,inf
4MGC,decoy335,27M_redock_4MGC,0.6246,4.2372,inf
4MGC,decoy361,27M_redock_4MGC,0.6236,4.6414,inf
4MGC,131-57-7_min,27M_redock_4MGC,0.6227,3.8777,inf
4MGC,decoy34,27M_redock_4MGC,0.6204,4.2191,inf
4MGC,decoy429,27M_redock_4MGC,0.6204,4.6461,inf
4MGC,decoy56,27M_redock_4MGC,0.6198,3.1275,inf
4MGC,decoy387,27M_redock_4MGC,0.6197,4.1126,inf
4MGC,decoy148,27M_redock_4MGC,0.6182,3.9730,inf
4MGC,decoy134,27M_redock_4MGC,0.6174,4.1337,inf
4MGC,decoy362,27M_redock_4MGC,0.6162,4.3177,inf
4MGC,decoy108,27M_redock_4MGC,0.6162,3.9747,inf
4MGC,decoy241,27M_redock_4MGC,0.6160,4.1700,inf
4MGC,decoy7,27M_redock_4MGC,0.6160,4.2856,inf
4MGC,decoy129,27M_redock_4MGC,0.6114,4.0047,inf
4MGC,decoy300,27M_redock_4MGC,0.6104,4.4083,inf
4MGC,decoy163,27M_redock_4MGC,0.6097,4.5512,inf
4MGC,27J_min,27M_redock_4MGC,0.6062,4.0048,inf
4MGC,decoy355,27M_redock_4MGC,0.6055,4.2047,inf
4MGC,decoy433,27M_redock_4MGC,0.6041,4.0737,inf
4MGC,decoy8,27M_redock_4MGC,0.6036,4.1959,inf
4MGC,decoy267,27M_redock_4MGC,0.6033,3.9811,inf
4MGC,decoy107,27M_redock_4MGC,0.6025,4.5288,inf
4MGC,decoy11,27M_redock_4MGC,0.6005,4.1972,inf
4MGC,decoy52,27M_redock_4MGC,0.6005,3.7438,inf
4MGC,decoy38,27M_redock_4MGC,0.5980,4.0246,inf
4MGC,decoy265,27M_redock_4MGC,0.5977,4.1740,inf
4MGC,decoy422,27M_redock_4MGC,0.5976,4.1327,inf
4MGC,decoy260,27M_redock_4MGC,0.5953,4.2736,inf
4MGC,decoy42,27M_redock_4MGC,0.5941,4.0834,inf
4MGC,77-09-8_min,27M_redock_4MGC,0.5937,4.0128,inf
4MGC,decoy321,27M_redock_4MGC,0.5936,3.9595,inf
4MGC,decoy366,27M_redock_4MGC,0.5934,3.8774,inf
4MGC,decoy118,27M_redock_4MGC,0.5933,4.3598,inf
4MGC,decoy409,27M_redock_4MGC,0.5920,4.3066,inf
4MGC,decoy337,27M_redock_4MGC,0.5919,4.4043,inf
4MGC,decoy357,27M_redock_4MGC,0.5911,3.9469,inf
4MGC,decoy192,27M_redock_4MGC,0.5877,3.8565,inf
4MGC,decoy120,27M_redock_4MGC,0.5866,4.0476,inf
4MGC,decoy66,27M_redock_4MGC,0.5856,2.9384,inf
4MGC,decoy424,27M_redock_4MGC,0.5854,3.6253,inf
4MGC,decoy179,27M_redock_4MGC,0.5844,4.2122,inf
4MGC,decoy294,27M_redock_4MGC,0.5843,3.3891,inf
4MGC,decoy255,27M_redock_4MGC,0.5836,4.1251,inf
4MGC,decoy9,27M_redock_4MGC,0.5816,4.2037,inf
4MGC,decoy418,27M_redock_4MGC,0.5816,3.9827,inf
4MGC,decoy198,27M_redock_4MGC,0.5814,3.9146,inf
4MGC,decoy224,27M_redock_4MGC,0.5807,4.0046,inf
4MGC,decoy238,27M_redock_4MGC,0.5800,4.2817,inf
4MGC,decoy140,27M_redock_4MGC,0.5798,4.1699,inf
4MGC,decoy290,27M_redock_4MGC,0.5797,3.4846,inf
4MGC,decoy125,27M_redock_4MGC,0.5792,3.6654,inf
4MGC,decoy320,27M_redock_4MGC,0.5788,4.3453,inf
4MGC,decoy2,27M_redock_4MGC,0.5788,4.0155,inf
4MGC,decoy135,27M_redock_4MGC,0.5777,3.9478,inf
4MGC,decoy208,27M_redock_4MGC,0.5761,3.5852,inf
4MGC,decoy370,27M_redock_4MGC,0.5755,4.2514,inf
4MGC,decoy145,27M_redock_4MGC,0.5748,3.9843,inf
4MGC,decoy386,27M_redock_4MGC,0.5740,3.9160,inf
4MGC,50-02-2_min,27M_redock_4MGC,0.5725,4.2540,inf
4MGC,57-88-5_min,27M_redock_4MGC,0.5703,4.6562,inf
4MGC,decoy77,27M_redock_4MGC,0.5703,3.8402,inf
4MGC,decoy298,27M_redock_4MGC,0.5690,3.5903,inf
4MGC,decoy80,27M_redock_4MGC,0.5688,3.7541,inf
4MGC,decoy222,27M_redock_4MGC,0.5683,3.7850,inf
4MGC,3434-79-5_min,27M_redock_4MGC,0.5681,4.1459,inf
4MGC,decoy261,27M_redock_4MGC,0.5678,3.8566,inf
4MGC,decoy170,27M_redock_4MGC,0.5673,3.6945,inf
4MGC,decoy201,27M_redock_4MGC,0.5673,3.1611,inf
4MGC,60-57-1_min,27M_redock_4MGC,0.5655,4.1969,inf
4MGC,decoy272,27M_redock_4MGC,0.5655,3.6761,inf
4MGC,decoy364,27M_redock_4MGC,0.5639,3.6781,inf
4MGC,decoy273,27M_redock_4MGC,0.5620,4.0733,inf
4MGC,decoy117,27M_redock_4MGC,0.5612,3.8079,inf
4MGC,decoy146,27M_redock_4MGC,0.5603,3.7754,inf
4MGC,decoy110,27M_redock_4MGC,0.5600,3.5346,inf
4MGC,decoy143,27M_redock_4MGC,0.5597,3.6285,inf
4MGC,decoy302,27M_redock_4MGC,0.5569,3.5997,inf
4MGC,decoy26,27M_redock_4MGC,0.5560,3.8286,inf
4MGC,decoy332,27M_redock_4MGC,0.5544,4.0606,inf
4MGC,5108-94-1_min,27M_redock_4MGC,0.5522,4.1661,inf
4MGC,decoy307,27M_redock_4MGC,0.5513,4.0061,inf
4MGC,decoy403,27M_redock_4MGC,0.5487,3.8330,inf
4MGC,decoy136,27M_redock_4MGC,0.5451,4.1128,inf
4MGC,decoy425,27M_redock_4MGC,0.5444,3.6834,inf
4MGC,decoy351,27M_redock_4MGC,0.5411,3.3787,inf
4MGC,decoy347,27M_redock_4MGC,0.5403,3.5175,inf
4MGC,decoy420,27M_redock_4MGC,0.5388,3.4454,inf
4MGC,decoy412,27M_redock_4MGC,0.5381,3.6838,inf
4MGC,decoy310,27M_redock_4MGC,0.5297,3.7417,inf
4MGC,decoy303,27M_redock_4MGC,0.5295,3.6499,inf
4MGC,decoy188,27M_redock_4MGC,0.5277,3.5002,inf
4MGC,decoy122,27M_redock_4MGC,0.5274,3.7575,inf
4MGC,decoy14,27M_redock_4MGC,0.5265,3.7017,inf
4MGC,decoy73,27M_redock_4MGC,0.5265,3.0393,inf
4MGC,decoy83,27M_redock_4MGC,0.5237,3.8651,inf
4MGC,decoy373,27M_redock_4MGC,0.5237,2.5814,inf
4MGC,decoy231,27M_redock_4MGC,0.5237,3.7485,inf
4MGC,decoy262,27M_redock_4MGC,0.5226,3.2343,inf
4MGC,decoy217,27M_redock_4MGC,0.5221,3.6626,inf
4MGC,decoy299,27M_redock_4MGC,0.5217,3.7034,inf
4MGC,decoy20,27M_redock_4MGC,0.5212,3.6296,inf
4MGC,decoy234,27M_redock_4MGC,0.5198,3.7003,inf
4MGC,decoy324,27M_redock_4MGC,0.5178,3.5390,inf
4MGC,decoy232,27M_redock_4MGC,0.5175,3.3400,inf
4MGC,decoy301,27M_redock_4MGC,0.5145,3.9628,inf
4MGC,decoy295,27M_redock_4MGC,0.5137,3.1802,inf
4MGC,decoy325,27M_redock_4MGC,0.5131,3.7236,inf
4MGC,decoy69,27M_redock_4MGC,0.5125,3.5585,inf
4MGC,decoy137,27M_redock_4MGC,0.5052,3.3371,inf
4MGC,decoy214,27M_redock_4MGC,0.5021,3.3353,inf
4MGC,decoy296,27M_redock_4MGC,0.5000,3.3961,inf
4MGC,decoy270,27M_redock_4MGC,0.4998,3.3355,inf
4MGC,decoy172,27M_redock_4MGC,0.4981,3.3255,inf
4MGC,decoy246,27M_redock_4MGC,0.4963,3.4395,inf
4MGC,decoy10,27M_redock_4MGC,0.4958,3.3992,inf
4MGC,decoy159,27M_redock_4MGC,0.4943,3.5498,inf
4MGC,decoy209,27M_redock_4MGC,0.4929,3.1404,inf
4MGC,decoy105,27M_redock_4MGC,0.4927,2.8906,inf
4MGC,decoy202,27M_redock_4MGC,0.4910,3.1880,inf
4MGC,decoy237,27M_redock_4MGC,0.4903,3.2193,inf
4MGC,decoy31,27M_redock_4MGC,0.4884,3.0578,inf
4MGC,decoy59,27M_redock_4MGC,0.4880,3.1912,inf
4MGC,decoy127,27M_redock_4MGC,0.4866,3.2130,inf
4MGC,decoy348,27M_redock_4MGC,0.4853,2.9946,inf
4MGC,decoy79,27M_redock_4MGC,0.4850,3.1436,inf
4MGC,decoy30,27M_redock_4MGC,0.4848,3.2273,inf
4MGC,decoy408,27M_redock_4MGC,0.4843,3.5556,inf
4MGC,decoy86,27M_redock_4MGC,0.4842,2.8764,inf
4MGC,decoy205,27M_redock_4MGC,0.4828,3.2525,inf
4MGC,decoy358,27M_redock_4MGC,0.4821,3.1386,inf
4MGC,decoy344,27M_redock_4MGC,0.4814,3.2375,inf
4MGC,decoy138,27M_redock_4MGC,0.4806,3.2878,inf
4MGC,decoy315,27M_redock_4MGC,0.4792,3.4539,inf
4MGC,decoy216,27M_redock_4MGC,0.4783,3.3732,inf
4MGC,decoy248,27M_redock_4MGC,0.4771,2.9657,inf
4MGC,decoy46,27M_redock_4MGC,0.4767,3.2067,inf
4MGC,decoy306,27M_redock_4MGC,0.4754,3.5396,inf
4MGC,decoy218,27M_redock_4MGC,0.4747,3.4210,inf
4MGC,decoy215,27M_redock_4MGC,0.4711,3.2389,inf
4MGC,decoy162,27M_redock_4MGC,0.4708,2.9335,inf
4MGC,decoy340,27M_redock_4MGC,0.4702,3.3368,inf
4MGC,decoy229,27M_redock_4MGC,0.4682,3.2235,inf
4MGC,decoy119,27M_redock_4MGC,0.4661,2.8823,inf
4MGC,decoy352,27M_redock_4MGC,0.4647,3.3470,inf
4MGC,decoy233,27M_redock_4MGC,0.4624,2.9718,inf
4MGC,decoy256,27M_redock_4MGC,0.4623,3.0565,inf
4MGC,decoy67,27M_redock_4MGC,0.4617,2.7339,inf
4MGC,decoy106,27M_redock_4MGC,0.4611,2.7498,inf
4MGC,decoy12,27M_redock_4MGC,0.4606,3.1526,inf
4MGC,decoy400,27M_redock_4MGC,0.4603,3.2583,inf
4MGC,decoy100,27M_redock_4MGC,0.4599,3.2699,inf
4MGC,decoy89,27M_redock_4MGC,0.4578,2.6428,inf
4MGC,decoy264,27M_redock_4MGC,0.4569,3.2354,inf
4MGC,decoy328,27M_redock_4MGC,0.4554,3.0914,inf
4MGC,decoy113,27M_redock_4MGC,0.4552,3.1405,inf
4MGC,decoy316,27M_redock_4MGC,0.4549,3.3648,inf
4MGC,decoy383,27M_redock_4MGC,0.4537,3.1666,inf
4MGC,decoy219,27M_redock_4MGC,0.4536,3.0808,inf
4MGC,decoy40,27M_redock_4MGC,0.4488,3.0173,inf
4MGC,decoy177,27M_redock_4MGC,0.4482,2.5461,inf
4MGC,decoy149,27M_redock_4MGC,0.4478,2.9349,inf
4MGC,decoy401,27M_redock_4MGC,0.4471,3.0418,inf
4MGC,decoy181,27M_redock_4MGC,0.4454,2.9981,inf
4MGC,decoy103,27M_redock_4MGC,0.4453,3.0343,inf
4MGC,decoy399,27M_redock_4MGC,0.4445,2.9824,inf
4MGC,decoy39,27M_redock_4MGC,0.4440,3.1527,inf
4MGC,decoy158,27M_redock_4MGC,0.4389,2.8139,inf
4MGC,68-23-5_min,27M_redock_4MGC,0.4374,3.1529,inf
4MGC,decoy380,27M_redock_4MGC,0.4358,2.9821,inf
4MGC,decoy25,27M_redock_4MGC,0.4353,2.8507,inf
4MGC,decoy169,27M_redock_4MGC,0.4351,2.6284,inf
4MGC,decoy97,27M_redock_4MGC,0.4349,2.6518,inf
4MGC,decoy74,27M_redock_4MGC,0.4314,2.9835,inf
4MGC,decoy333,27M_redock_4MGC,0.4266,2.7375,inf
4MGC,decoy139,27M_redock_4MGC,0.4253,2.8641,inf
4MGC,decoy354,27M_redock_4MGC,0.4246,2.7433,inf
4MGC,decoy141,27M_redock_4MGC,0.4245,2.8608,inf
4MGC,decoy406,27M_redock_4MGC,0.4238,3.0957,inf
4MGC,decoy353,27M_redock_4MGC,0.4213,2.8895,inf
4MGC,decoy379,27M_redock_4MGC,0.4204,2.7950,inf
4MGC,decoy323,27M_redock_4MGC,0.4148,2.6310,inf
4MGC,decoy430,27M_redock_4MGC,0.4141,2.6419,inf
4MGC,decoy313,27M_redock_4MGC,0.4133,3.1240,inf
4MGC,decoy343,27M_redock_4MGC,0.4124,2.6676,inf
4MGC,decoy142,27M_redock_4MGC,0.4121,2.7995,inf
4MGC,decoy360,27M_redock_4MGC,0.4108,2.8908,inf
4MGC,decoy426,27M_redock_4MGC,0.4105,2.7677,inf
4MGC,72-33-3_min,27M_redock_4MGC,0.4093,3.0574,inf
4MGC,decoy35,27M_redock_4MGC,0.4079,2.7511,inf
4MGC,decoy247,27M_redock_4MGC,0.4062,2.7322,inf
4MGC,decoy124,27M_redock_4MGC,0.4047,2.6016,inf
4MGC,decoy402,27M_redock_4MGC,0.4023,2.5983,inf
4MGC,decoy398,27M_redock_4MGC,0.4010,2.6708,inf
4MGC,decoy65,27M_redock_4MGC,0.4002,2.7590,inf
4MGC,decoy277,27M_redock_4MGC,0.3944,2.8224,inf
4MGC,decoy167,27M_redock_4MGC,0.3917,2.7113,inf
4MGC,decoy284,27M_redock_4MGC,0.3908,2.7521,inf
4MGC,decoy278,27M_redock_4MGC,0.3902,2.6160,inf
4MGC,decoy346,27M_redock_4MGC,0.3864,2.5927,inf
4MGC,decoy423,27M_redock_4MGC,0.3860,2.6162,inf
4MGC,decoy390,27M_redock_4MGC,0.3809,2.7134,inf
4MGC,decoy17,27M_redock_4MGC,0.3755,2.6131,inf
4MGC,decoy286,27M_redock_4MGC,0.3749,2.6116,inf
4MGC,decoy350,27M_redock_4MGC,0.3738,2.5051,inf
4MGC,decoy70,27M_redock_4MGC,0.3637,2.0593,inf
4MGC,decoy432,27M_redock_4MGC,0.3635,2.2830,inf
4MGC,decoy292,27M_redock_4MGC,0.3617,2.4790,inf
4MGC,decoy377,27M_redock_4MGC,0.3572,2.0102,inf
4MGC,decoy378,27M_redock_4MGC,0.3558,2.1604,inf
4MGC,decoy225,27M_redock_4MGC,0.3555,2.4173,inf
4MGC,decoy152,27M_redock_4MGC,0.3554,2.3047,inf
4MGC,decoy293,27M_redock_4MGC,0.3473,2.4684,inf
4MGC,decoy210,27M_redock_4MGC,0.3456,2.4323,inf
4MGC,decoy391,27M_redock_4MGC,0.3432,2.1844,inf
4MGC,decoy207,27M_redock_4MGC,0.3388,2.0884,inf
4MGC,decoy276,27M_redock_4MGC,0.3358,2.2014,inf
4MGC,decoy385,27M_redock_4MGC,0.3340,2.3778,inf
4MGC,decoy182,27M_redock_4MGC,0.3196,2.0130,inf
4MGC,decoy326,27M_redock_4MGC,0.3183,2.3598,inf
4MGC,decoy341,27M_redock_4MGC,0.3131,2.1651,inf
4MGC,decoy133,27M_redock_4MGC,0.3130,1.9971,inf
4MGC,decoy254,27M_redock_4MGC,0.3044,1.7636,inf
4MGC,115-86-6_min,27M_redock_4MGC,0.3013,1.8912,inf
4MGC,decoy211,27M_redock_4MGC,0.2989,2.0234,inf
4MGC,decoy365,27M_redock_4MGC,0.2983,1.8005,inf
4MGC,decoy285,27M_redock_4MGC,0.2713,1.7276,inf
4MGC,1845-11-0_min,27M_redock_4MGC,0.2711,1.9877,inf
4MGC,decoy96,27M_redock_4MGC,0.2459,1.5072,inf
4MGC,decoy98,27M_redock_4MGC,0.2296,1.3486,inf
4MGC,decoy58,27M_redock_4MGC,0.2213,1.3035,inf
4MGC,decoy371,27M_redock_4MGC,0.2179,1.2657,inf
4MGC,decoy372,27M_redock_4MGC,0.2035,1.3645,inf
4MGC,decoy161,27M_redock_4MGC,0.2028,1.3445,inf
4MGC,decoy369,27M_redock_4MGC,0.2018,1.3132,inf
4MGC,911-45-5_min,27M_redock_4MGC,0.1934,1.2666,inf
4MGC,83-46-5_min,27M_redock_4MGC,0.1860,1.4447,inf
4TUZ,67651-34-7_min,36J_redock_4TUZ,0.9802,7.7069,inf
4TUZ,3601-97-6_min,36J_redock_4TUZ,0.9785,7.8710,inf
4TUZ,53-16-7_min,36J_redock_4TUZ,0.9782,7.8868,inf
4TUZ,EST_min,36J_redock_4TUZ,0.9705,8.0251,inf
4TUZ,50-28-2_min,36J_redock_4TUZ,0.9705,8.0251,inf
4TUZ,474-86-2_min,36J_redock_4TUZ,0.9684,7.8438,inf
4TUZ,57-91-0_min,36J_redock_4TUZ,0.9626,7.9547,inf
4TUZ,53-63-4_min,36J_redock_4TUZ,0.9626,7.6836,inf
4TUZ,decoy166,36J_redock_4TUZ,0.9518,7.9259,inf
4TUZ,53-45-2_min,36J_redock_4TUZ,0.9470,6.7799,inf
4TUZ,65118-81-2_min,36J_redock_4TUZ,0.9425,7.1355,inf
4TUZ,decoy336,36J_redock_4TUZ,0.9410,7.2180,inf
4TUZ,53905-28-5_min,36J_redock_4TUZ,0.9406,6.7918,inf
4TUZ,50-27-1_min,36J_redock_4TUZ,0.9399,7.6100,inf
4TUZ,decoy309,36J_redock_4TUZ,0.9390,6.7959,inf
4TUZ,53-19-0_min,36J_redock_4TUZ,0.9357,6.8506,inf
4TUZ,2529-64-8_min,36J_redock_4TUZ,0.9316,7.0640,inf
4TUZ,362-05-0_min,36J_redock_4TUZ,0.9249,7.1641,inf
4TUZ,84-16-2_min,36J_redock_4TUZ,0.9235,7.3405,inf
4TUZ,decoy160,36J_redock_4TUZ,0.9210,6.8450,inf
4TUZ,2971-36-0_min,36J_redock_4TUZ,0.9206,7.3006,inf
4TUZ,789-02-6_min,36J_redock_4TUZ,0.9201,6.8866,inf
4TUZ,DES_min,36J_redock_4TUZ,0.9189,7.4754,inf
4TUZ,decoy388,36J_redock_4TUZ,0.9127,5.8599,inf
4TUZ,56-53-1_min,36J_redock_4TUZ,0.9118,7.4040,inf
4TUZ,decoy174,36J_redock_4TUZ,0.9093,6.5343,inf
4TUZ,decoy1,36J_redock_4TUZ,0.9092,6.2155,inf
4TUZ,decoy116,36J_redock_4TUZ,0.9079,6.2356,inf
4TUZ,58-22-0_min,36J_redock_4TUZ,0.9078,7.2339,inf
4TUZ,Testosterone_min,36J_redock_4TUZ,0.9078,7.2339,inf
4TUZ,28034-99-3_min,36J_redock_4TUZ,0.9059,6.1186,inf
4TUZ,decoy417,36J_redock_4TUZ,0.9059,6.2145,inf
4TUZ,decoy190,36J_redock_4TUZ,0.9038,6.7240,inf
4TUZ,659-22-3_min,36J_redock_4TUZ,0.9024,6.7232,inf
4TUZ,5976-61-4_min,36J_redock_4TUZ,0.9005,6.9493,inf
4TUZ,75938-34-0_min,36J_redock_4TUZ,0.8984,6.9806,inf
4TUZ,123-07-9_min,36J_redock_4TUZ,0.8980,4.6111,inf
4TUZ,6554-98-9_min,36J_redock_4TUZ,0.8972,6.2184,inf
4TUZ,decoy185,36J_redock_4TUZ,0.8948,6.6444,inf
4TUZ,36J_min,36J_redock_4TUZ,0.8945,6.2088,0.5413
4TUZ,104-43-8_min,36J_redock_4TUZ,0.8943,6.9393,inf
4TUZ,120-47-8_min,36J_redock_4TUZ,0.8923,4.8658,inf
4TUZ,decoy101,36J_redock_4TUZ,0.8911,5.9023,inf
4TUZ,decoy253,36J_redock_4TUZ,0.8911,5.8202,inf
4TUZ,decoy155,36J_redock_4TUZ,0.8906,6.6581,inf
4TUZ,27K_min,36J_redock_4TUZ,0.8903,5.3230,inf
4TUZ,94-26-8_min,36J_redock_4TUZ,0.8903,5.3230,inf
4TUZ,decoy206,36J_redock_4TUZ,0.8903,5.8207,inf
4TUZ,decoy94,36J_redock_4TUZ,0.8895,6.7874,inf
4TUZ,1229-24-9_min,36J_redock_4TUZ,0.8881,6.8622,inf
4TUZ,6052-84-2_min,36J_redock_4TUZ,0.8880,6.3365,inf
4TUZ,decoy60,36J_redock_4TUZ,0.8875,5.7029,inf
4TUZ,decoy153,36J_redock_4TUZ,0.8875,6.4943,inf
4TUZ,1570-64-5_min,36J_redock_4TUZ,0.8869,4.1661,inf
4TUZ,521-18-6_min,36J_redock_4TUZ,0.8868,6.9177,inf
4TUZ,99-76-3_min,36J_redock_4TUZ,0.8867,4.6616,inf
4TUZ,98-54-4_min,36J_redock_4TUZ,0.8867,5.1789,inf
4TUZ,decoy312,36J_redock_4TUZ,0.8861,7.0852,inf
4TUZ,decoy13,36J_redock_4TUZ,0.8855,6.6234,inf
4TUZ,27L_min,36J_redock_4TUZ,0.8848,6.3066,inf
4TUZ,140-66-9_min,36J_redock_4TUZ,0.8848,6.3066,inf
4TUZ,5153-25-3_min,36J_redock_4TUZ,0.8848,6.3848,inf
4TUZ,94-13-3_min,36J_redock_4TUZ,0.8813,5.1133,inf
4TUZ,218-01-9_min,36J_redock_4TUZ,0.8804,5.5520,inf
4TUZ,decoy263,36J_redock_4TUZ,0.8803,6.0486,inf
4TUZ,599-64-4_min,36J_redock_4TUZ,0.8798,6.1451,inf
4TUZ,571-20-0_min,36J_redock_4TUZ,0.8790,7.2076,inf
4TUZ,1806-26-4_min,36J_redock_4TUZ,0.8789,6.3553,inf
4TUZ,decoy368,36J_redock_4TUZ,0.8779,6.4520,inf
4TUZ,59-50-7_min,36J_redock_4TUZ,0.8760,4.2887,inf
4TUZ,decoy244,36J_redock_4TUZ,0.8752,6.4378,inf
4TUZ,decoy274,36J_redock_4TUZ,0.8732,5.7427,inf
4TUZ,81-90-3_min,36J_redock_4TUZ,0.8732,6.4104,inf
4TUZ,decoy240,36J_redock_4TUZ,0.8731,5.9417,inf
4TUZ,decoy187,36J_redock_4TUZ,0.8700,5.8767,inf
4TUZ,80-46-6_min,36J_redock_4TUZ,0.8695,5.3669,inf
4TUZ,85-68-7_min,36J_redock_4TUZ,0.8691,5.4572,inf
4TUZ,decoy269,36J_redock_4TUZ,0.8679,5.9984,inf
4TUZ,72-54-8_min,36J_redock_4TUZ,0.8675,5.9889,inf
4TUZ,decoy245,36J_redock_4TUZ,0.8667,6.7455,inf
4TUZ,decoy331,36J_redock_4TUZ,0.8636,7.2096,inf
4TUZ,decoy72,36J_redock_4TUZ,0.8636,6.8653,inf
4TUZ,decoy24,36J_redock_4TUZ,0.8619,6.3954,inf
4TUZ,decoy64,36J_redock_4TUZ,0.8612,5.9146,inf
4TUZ,99-71-8_min,36J_redock_4TUZ,0.8610,4.8636,inf
4TUZ,decoy78,36J_redock_4TUZ,0.8610,6.4685,inf
4TUZ,decoy397,36J_redock_4TUZ,0.8602,6.2611,inf
4TUZ,84-17-3_min,36J_redock_4TUZ,0.8592,6.8016,inf
4TUZ,decoy279,36J_redock_4TUZ,0.8586,5.8941,inf
4TUZ,243-17-4_min,36J_redock_4TUZ,0.8577,5.3726,inf
4TUZ,94-18-8_min,36J_redock_4TUZ,0.8572,5.7254,inf
4TUZ,decoy48,36J_redock_4TUZ,0.8557,5.5567,inf
4TUZ,decoy434,36J_redock_4TUZ,0.8557,5.9868,inf
4TUZ,103-16-2_min,36J_redock_4TUZ,0.8535,5.4364,inf
4TUZ,decoy250,36J_redock_4TUZ,0.8521,5.8931,inf
4TUZ,decoy227,36J_redock_4TUZ,0.8518,5.8660,inf
4TUZ,decoy18,36J_redock_4TUZ,0.8508,3.7779,inf
4TUZ,34816-55-2_min,36J_redock_4TUZ,0.8506,7.0605,inf
4TUZ,decoy62,36J_redock_4TUZ,0.8495,5.4879,inf
4TUZ,1085-12-7_min,36J_redock_4TUZ,0.8493,5.8809,inf
4TUZ,84-74-2_min,36J_redock_4TUZ,0.8480,4.5545,inf
4TUZ,decoy243,36J_redock_4TUZ,0.8453,5.9360,inf
4TUZ,92-69-3_min,36J_redock_4TUZ,0.8451,4.8592,inf
4TUZ,EE2_min,36J_redock_4TUZ,0.8450,7.0344,inf
4TUZ,57-63-6_min,36J_redock_4TUZ,0.8450,7.0344,inf
4TUZ,50-29-3_min,36J_redock_4TUZ,0.8447,5.7185,inf
4TUZ,5394-98-9_min,36J_redock_4TUZ,0.8438,5.5213,inf
4TUZ,decoy173,36J_redock_4TUZ,0.8416,5.9756,inf
4TUZ,57-83-0_min,36J_redock_4TUZ,0.8414,6.6559,inf
4TUZ,decoy282,36J_redock_4TUZ,0.8399,5.9032,inf
4TUZ,decoy87,36J_redock_4TUZ,0.8378,5.8645,inf
4TUZ,decoy291,36J_redock_4TUZ,0.8367,5.5462,inf
4TUZ,126-00-1_min,36J_redock_4TUZ,0.8357,5.9242,inf
4TUZ,decoy178,36J_redock_4TUZ,0.8350,5.7501,inf
4TUZ,decoy168,36J_redock_4TUZ,0.8350,6.2125,inf
4TUZ,decoy92,36J_redock_4TUZ,0.8334,5.9937,inf
4TUZ,25154-52-3_min,36J_redock_4TUZ,0.8332,5.8908,inf
4TUZ,13037-86-0_min,36J_redock_4TUZ,0.8301,5.5026,inf
4TUZ,decoy334,36J_redock_4TUZ,0.8298,6.7843,inf
4TUZ,580-51-8_min,36J_redock_4TUZ,0.8288,4.4193,inf
4TUZ,27M_min,36J_redock_4TUZ,0.8277,5.0583,inf
4TUZ,decoy289,36J_redock_4TUZ,0.8243,5.7401,inf
4TUZ,decoy54,36J_redock_4TUZ,0.8234,5.8417,inf
4TUZ,58-72-0_min,36J_redock_4TUZ,0.8217,5.4447,inf
4TUZ,decoy156,36J_redock_4TUZ,0.8217,5.8077,inf
4TUZ,decoy419,36J_redock_4TUZ,0.8176,5.6510,inf
4TUZ,decoy175,36J_redock_4TUZ,0.8145,5.6015,inf
4TUZ,decoy128,36J_redock_4TUZ,0.8121,5.5428,inf
4TUZ,decoy123,36J_redock_4TUZ,0.8093,6.1350,inf
4TUZ,decoy410,36J_redock_4TUZ,0.8079,5.3782,inf
4TUZ,decoy266,36J_redock_4TUZ,0.8073,5.9986,inf
4TUZ,decoy6,36J_redock_4TUZ,0.8071,5.1828,inf
4TUZ,decoy230,36J_redock_4TUZ,0.8070,5.2299,inf
4TUZ,decoy121,36J_redock_4TUZ,0.8068,5.4258,inf
4TUZ,decoy257,36J_redock_4TUZ,0.8052,5.9676,inf
4TUZ,decoy288,36J_redock_4TUZ,0.8048,5.6812,inf
4TUZ,decoy21,36J_redock_4TUZ,0.8044,5.3366,inf
4TUZ,94-25-7_min,36J_redock_4TUZ,0.8041,4.3693,inf
4TUZ,481-30-1_min,36J_redock_4TUZ,0.8019,6.0991,inf
4TUZ,decoy416,36J_redock_4TUZ,0.8011,4.9159,inf
4TUZ,92-04-6_min,36J_redock_4TUZ,0.7983,4.3831,inf
4TUZ,decoy83,36J_redock_4TUZ,0.7972,6.0278,inf
4TUZ,decoy382,36J_redock_4TUZ,0.7956,5.8974,inf
4TUZ,decoy394,36J_redock_4TUZ,0.7951,5.7904,inf
4TUZ,decoy4,36J_redock_4TUZ,0.7931,5.6239,inf
4TUZ,decoy63,36J_redock_4TUZ,0.7929,5.1109,inf
4TUZ,97-53-0_min,36J_redock_4TUZ,0.7922,4.0504,inf
4TUZ,decoy345,36J_redock_4TUZ,0.7887,6.0055,inf
4TUZ,decoy280,36J_redock_4TUZ,0.7877,5.7123,inf
4TUZ,decoy5,36J_redock_4TUZ,0.7867,5.7320,inf
4TUZ,decoy281,36J_redock_4TUZ,0.7860,5.0852,inf
4TUZ,500-38-9_min,36J_redock_4TUZ,0.7856,5.7225,inf
4TUZ,decoy223,36J_redock_4TUZ,0.7851,5.4383,inf
4TUZ,decoy431,36J_redock_4TUZ,0.7839,5.7040,inf
4TUZ,decoy355,36J_redock_4TUZ,0.7826,5.6009,inf
4TUZ,decoy204,36J_redock_4TUZ,0.7822,5.5216,inf
4TUZ,decoy150,36J_redock_4TUZ,0.7812,5.5758,inf
4TUZ,decoy183,36J_redock_4TUZ,0.7810,5.5381,inf
4TUZ,decoy313,36J_redock_4TUZ,0.7807,6.1946,inf
4TUZ,decoy154,36J_redock_4TUZ,0.7802,5.3685,inf
4TUZ,decoy186,36J_redock_4TUZ,0.7799,5.7122,inf
4TUZ,97-54-1_min,36J_redock_4TUZ,0.7788,4.3407,inf
4TUZ,decoy118,36J_redock_4TUZ,0.7780,5.7582,inf
4TUZ,decoy236,36J_redock_4TUZ,0.7775,5.0447,inf
4TUZ,611-99-4_min,36J_redock_4TUZ,0.7774,5.3443,inf
4TUZ,77-40-7_min,36J_redock_4TUZ,0.7758,5.7947,inf
4TUZ,decoy297,36J_redock_4TUZ,0.7750,5.1594,inf
4TUZ,decoy171,36J_redock_4TUZ,0.7727,4.7105,inf
4TUZ,2OH_min,36J_redock_4TUZ,0.7726,5.5700,inf
4TUZ,80-05-7_min,36J_redock_4TUZ,0.7726,5.5700,inf
4TUZ,84-69-5_min,36J_redock_4TUZ,0.7721,4.4548,inf
4TUZ,decoy184,36J_redock_4TUZ,0.7720,5.4745,inf
4TUZ,decoy3,36J_redock_4TUZ,0.7714,4.8642,inf
4TUZ,decoy44,36J_redock_4TUZ,0.7710,5.3036,inf
4TUZ,131-56-6_min,36J_redock_4TUZ,0.7691,4.7966,inf
4TUZ,28463-03-8_min,36J_redock_4TUZ,0.7681,5.7312,inf
4TUZ,decoy384,36J_redock_4TUZ,0.7678,5.6671,inf
4TUZ,72-43-5_min,36J_redock_4TUZ,0.7675,5.4584,inf
4TUZ,decoy34,36J_redock_4TUZ,0.7672,5.3262,inf
4TUZ,decoy381,36J_redock_4TUZ,0.7670,5.6628,inf
4TUZ,decoy169,36J_redock_4TUZ,0.7665,5.0860,inf
4TUZ,decoy322,36J_redock_4TUZ,0.7663,5.6449,inf
4TUZ,decoy102,36J_redock_4TUZ,0.7637,5.3258,inf
4TUZ,decoy29,36J_redock_4TUZ,0.7590,5.0374,inf
4TUZ,decoy61,36J_redock_4TUZ,0.7587,5.6154,inf
4TUZ,decoy265,36J_redock_4TUZ,0.7573,5.4034,inf
4TUZ,decoy23,36J_redock_4TUZ,0.7558,5.0063,inf
4TUZ,decoy330,36J_redock_4TUZ,0.7558,5.6288,inf
4TUZ,decoy404,36J_redock_4TUZ,0.7549,5.1772,inf
4TUZ,decoy255,36J_redock_4TUZ,0.7548,5.0232,inf
4TUZ,decoy32,36J_redock_4TUZ,0.7545,5.4972,inf
4TUZ,decoy317,36J_redock_4TUZ,0.7537,5.3773,inf
4TUZ,decoy259,36J_redock_4TUZ,0.7531,5.0817,inf
4TUZ,decoy99,36J_redock_4TUZ,0.7528,5.7318,inf
4TUZ,decoy268,36J_redock_4TUZ,0.7522,4.9408,inf
4TUZ,decoy189,36J_redock_4TUZ,0.7506,5.3740,inf
4TUZ,decoy145,36J_redock_4TUZ,0.7498,5.3257,inf
4TUZ,decoy258,36J_redock_4TUZ,0.7497,5.2309,inf
4TUZ,decoy84,36J_redock_4TUZ,0.7483,5.3334,inf
4TUZ,decoy400,36J_redock_4TUZ,0.7477,5.3866,inf
4TUZ,decoy205,36J_redock_4TUZ,0.7469,4.2835,inf
4TUZ,60-57-1_min,36J_redock_4TUZ,0.7468,5.8869,inf
4TUZ,decoy251,36J_redock_4TUZ,0.7453,4.8380,inf
4TUZ,decoy111,36J_redock_4TUZ,0.7449,4.7467,inf
4TUZ,decoy304,36J_redock_4TUZ,0.7425,5.0086,inf
4TUZ,decoy411,36J_redock_4TUZ,0.7424,5.0267,inf
4TUZ,decoy216,36J_redock_4TUZ,0.7415,5.4023,inf
4TUZ,decoy212,36J_redock_4TUZ,0.7413,5.1421,inf
4TUZ,decoy93,36J_redock_4TUZ,0.7404,4.8007,inf
4TUZ,decoy393,36J_redock_4TUZ,0.7388,4.7823,inf
4TUZ,121-33-5_min,36J_redock_4TUZ,0.7386,3.4240,inf
4TUZ,decoy231,36J_redock_4TUZ,0.7369,5.4338,inf
4TUZ,90-43-7_min,36J_redock_4TUZ,0.7361,3.4787,inf
4TUZ,decoy375,36J_redock_4TUZ,0.7359,5.5326,inf
4TUZ,decoy248,36J_redock_4TUZ,0.7358,4.2397,inf
4TUZ,decoy85,36J_redock_4TUZ,0.7351,5.4086,inf
4TUZ,decoy403,36J_redock_4TUZ,0.7315,4.7805,inf
4TUZ,decoy81,36J_redock_4TUZ,0.7310,5.1744,inf
4TUZ,decoy191,36J_redock_4TUZ,0.7281,4.9333,inf
4TUZ,1852-53-5_min,36J_redock_4TUZ,0.7278,5.5600,inf
4TUZ,decoy235,36J_redock_4TUZ,0.7274,5.1279,inf
4TUZ,decoy314,36J_redock_4TUZ,0.7264,5.0343,inf
4TUZ,decoy413,36J_redock_4TUZ,0.7245,4.0589,inf
4TUZ,2050-68-2_min,36J_redock_4TUZ,0.7240,4.2032,inf
4TUZ,decoy180,36J_redock_4TUZ,0.7233,4.9481,inf
4TUZ,decoy15,36J_redock_4TUZ,0.7178,4.6711,inf
4TUZ,decoy76,36J_redock_4TUZ,0.7175,4.8752,inf
4TUZ,decoy57,36J_redock_4TUZ,0.7174,5.2781,inf
4TUZ,911-45-5_min,36J_redock_4TUZ,0.7174,5.3836,inf
4TUZ,decoy69,36J_redock_4TUZ,0.7171,5.1044,inf
4TUZ,27J_min,36J_redock_4TUZ,0.7166,4.7162,1.4198
4TUZ,decoy36,36J_redock_4TUZ,0.7166,5.1389,inf
4TUZ,decoy71,36J_redock_4TUZ,0.7158,5.1181,inf
4TUZ,50-22-6_min,36J_redock_4TUZ,0.7138,5.3299,inf
4TUZ,decoy376,36J_redock_4TUZ,0.7116,4.6588,inf
4TUZ,decoy75,36J_redock_4TUZ,0.7112,4.7596,inf
4TUZ,7773-34-4_min,36J_redock_4TUZ,0.7098,5.3246,inf
4TUZ,decoy132,36J_redock_4TUZ,0.7052,4.9132,inf
4TUZ,decoy43,36J_redock_4TUZ,0.7047,4.6497,inf
4TUZ,decoy224,36J_redock_4TUZ,0.7036,4.7392,inf
4TUZ,decoy22,36J_redock_4TUZ,0.7024,4.3421,inf
4TUZ,58-89-9_min,36J_redock_4TUZ,0.7017,4.5326,inf
4TUZ,decoy305,36J_redock_4TUZ,0.7011,5.3604,inf
4TUZ,decoy27,36J_redock_4TUZ,0.7011,4.9848,inf
4TUZ,decoy82,36J_redock_4TUZ,0.7009,4.7253,inf
4TUZ,decoy284,36J_redock_4TUZ,0.7003,5.0260,inf
4TUZ,decoy55,36J_redock_4TUZ,0.6990,5.1543,inf
4TUZ,decoy197,36J_redock_4TUZ,0.6964,5.2842,inf
4TUZ,decoy349,36J_redock_4TUZ,0.6927,4.9511,inf
4TUZ,decoy130,36J_redock_4TUZ,0.6918,4.7527,inf
4TUZ,decoy294,36J_redock_4TUZ,0.6915,4.6346,inf
4TUZ,115-29-7_min,36J_redock_4TUZ,0.6913,4.9090,inf
4TUZ,decoy389,36J_redock_4TUZ,0.6906,4.9987,inf
4TUZ,80-09-1_min,36J_redock_4TUZ,0.6901,4.5765,inf
4TUZ,72-55-9_min,36J_redock_4TUZ,0.6888,4.5559,inf
4TUZ,decoy260,36J_redock_4TUZ,0.6881,5.2372,inf
4TUZ,143-74-8_min,36J_redock_4TUZ,0.6878,4.6852,inf
4TUZ,decoy415,36J_redock_4TUZ,0.6864,4.6270,inf
4TUZ,decoy109,36J_redock_4TUZ,0.6854,4.5835,inf
4TUZ,decoy405,36J_redock_4TUZ,0.6853,4.5057,inf
4TUZ,decoy329,36J_redock_4TUZ,0.6845,5.4585,inf
4TUZ,decoy68,36J_redock_4TUZ,0.6827,4.6166,inf
4TUZ,5108-94-1_min,36J_redock_4TUZ,0.6819,5.3099,inf
4TUZ,decoy9,36J_redock_4TUZ,0.6802,4.9749,inf
4TUZ,decoy261,36J_redock_4TUZ,0.6768,4.8090,inf
4TUZ,3434-79-5_min,36J_redock_4TUZ,0.6759,5.3123,inf
4TUZ,decoy311,36J_redock_4TUZ,0.6735,4.8947,inf
4TUZ,decoy95,36J_redock_4TUZ,0.6728,4.5535,inf
4TUZ,decoy151,36J_redock_4TUZ,0.6728,4.7707,inf
4TUZ,decoy362,36J_redock_4TUZ,0.6715,4.8661,inf
4TUZ,decoy428,36J_redock_4TUZ,0.6676,4.6753,inf
4TUZ,decoy319,36J_redock_4TUZ,0.6665,4.7577,inf
4TUZ,decoy414,36J_redock_4TUZ,0.6661,4.4887,inf
4TUZ,decoy90,36J_redock_4TUZ,0.6634,4.5651,inf
4TUZ,decoy28,36J_redock_4TUZ,0.6633,5.0753,inf
4TUZ,decoy42,36J_redock_4TUZ,0.6608,4.7558,inf
4TUZ,decoy429,36J_redock_4TUZ,0.6600,4.8473,inf
4TUZ,decoy193,36J_redock_4TUZ,0.6597,4.6742,inf
4TUZ,decoy119,36J_redock_4TUZ,0.6590,3.9610,inf
4TUZ,decoy220,36J_redock_4TUZ,0.6583,4.5072,inf
4TUZ,decoy308,36J_redock_4TUZ,0.6564,4.6812,inf
4TUZ,decoy275,36J_redock_4TUZ,0.6563,4.7344,inf
4TUZ,decoy246,36J_redock_4TUZ,0.6562,4.7357,inf
4TUZ,decoy363,36J_redock_4TUZ,0.6534,4.8184,inf
4TUZ,decoy213,36J_redock_4TUZ,0.6534,4.5957,inf
4TUZ,decoy19,36J_redock_4TUZ,0.6525,3.8001,inf
4TUZ,decoy196,36J_redock_4TUZ,0.6510,4.4942,inf
4TUZ,decoy158,36J_redock_4TUZ,0.6495,3.6828,inf
4TUZ,decoy252,36J_redock_4TUZ,0.6472,4.2849,inf
4TUZ,decoy374,36J_redock_4TUZ,0.6434,4.1784,inf
4TUZ,decoy222,36J_redock_4TUZ,0.6402,4.3403,inf
4TUZ,143-50-0_min,36J_redock_4TUZ,0.6386,5.3976,inf
4TUZ,207-13-4_min,36J_redock_4TUZ,0.6384,3.4626,inf
4TUZ,decoy120,36J_redock_4TUZ,0.6371,4.4554,inf
4TUZ,decoy203,36J_redock_4TUZ,0.6344,4.3657,inf
4TUZ,decoy425,36J_redock_4TUZ,0.6334,4.4652,inf
4TUZ,decoy367,36J_redock_4TUZ,0.6331,4.4821,inf
4TUZ,decoy359,36J_redock_4TUZ,0.6312,3.9776,inf
4TUZ,decoy107,36J_redock_4TUZ,0.6303,4.8431,inf
4TUZ,decoy165,36J_redock_4TUZ,0.6302,3.9880,inf
4TUZ,decoy386,36J_redock_4TUZ,0.6297,4.3830,inf
4TUZ,decoy226,36J_redock_4TUZ,0.6292,4.2717,inf
4TUZ,68-23-5_min,36J_redock_4TUZ,0.6282,4.7697,inf
4TUZ,decoy144,36J_redock_4TUZ,0.6255,4.7478,inf
4TUZ,decoy300,36J_redock_4TUZ,0.6230,4.4265,inf
4TUZ,decoy287,36J_redock_4TUZ,0.6229,3.7125,inf
4TUZ,decoy364,36J_redock_4TUZ,0.6226,4.4574,inf
4TUZ,decoy179,36J_redock_4TUZ,0.6223,4.4606,inf
4TUZ,decoy40,36J_redock_4TUZ,0.6220,4.4232,inf
4TUZ,decoy298,36J_redock_4TUZ,0.6212,3.9582,inf
4TUZ,decoy239,36J_redock_4TUZ,0.6210,4.1185,inf
4TUZ,decoy396,36J_redock_4TUZ,0.6201,4.0369,inf
4TUZ,decoy73,36J_redock_4TUZ,0.6175,3.4694,inf
4TUZ,decoy356,36J_redock_4TUZ,0.6174,4.2894,inf
4TUZ,decoy401,36J_redock_4TUZ,0.6160,4.2504,inf
4TUZ,decoy50,36J_redock_4TUZ,0.6157,4.3799,inf
4TUZ,140-10-3_min,36J_redock_4TUZ,0.6154,2.7537,inf
4TUZ,decoy11,36J_redock_4TUZ,0.6149,4.2109,inf
4TUZ,decoy45,36J_redock_4TUZ,0.6137,4.0346,inf
4TUZ,decoy176,36J_redock_4TUZ,0.6120,4.0687,inf
4TUZ,decoy399,36J_redock_4TUZ,0.6119,4.2625,inf
4TUZ,decoy38,36J_redock_4TUZ,0.6113,3.8493,inf
4TUZ,decoy105,36J_redock_4TUZ,0.6108,3.8418,inf
4TUZ,decoy12,36J_redock_4TUZ,0.6104,4.0334,inf
4TUZ,decoy195,36J_redock_4TUZ,0.6092,4.4257,inf
4TUZ,decoy342,36J_redock_4TUZ,0.6091,4.5087,inf
4TUZ,decoy208,36J_redock_4TUZ,0.6086,4.0188,inf
4TUZ,decoy37,36J_redock_4TUZ,0.6069,3.4846,inf
4TUZ,decoy67,36J_redock_4TUZ,0.6039,3.7766,inf
4TUZ,decoy137,36J_redock_4TUZ,0.6018,3.6051,inf
4TUZ,decoy41,36J_redock_4TUZ,0.6001,4.0702,inf
4TUZ,decoy318,36J_redock_4TUZ,0.5999,4.5606,inf
4TUZ,decoy7,36J_redock_4TUZ,0.5985,4.2742,inf
4TUZ,603-45-2_min,36J_redock_4TUZ,0.5984,4.6383,inf
4TUZ,decoy162,36J_redock_4TUZ,0.5982,3.9583,inf
4TUZ,decoy267,36J_redock_4TUZ,0.5971,4.1786,inf
4TUZ,decoy131,36J_redock_4TUZ,0.5949,3.8612,inf
4TUZ,decoy135,36J_redock_4TUZ,0.5941,4.2915,inf
4TUZ,decoy407,36J_redock_4TUZ,0.5912,3.9757,inf
4TUZ,decoy198,36J_redock_4TUZ,0.5888,4.1636,inf
4TUZ,decoy249,36J_redock_4TUZ,0.5858,3.5027,inf
4TUZ,decoy51,36J_redock_4TUZ,0.5838,4.1603,inf
4TUZ,decoy341,36J_redock_4TUZ,0.5824,4.1400,inf
4TUZ,decoy228,36J_redock_4TUZ,0.5821,4.0386,inf
4TUZ,decoy337,36J_redock_4TUZ,0.5818,4.4804,inf
4TUZ,decoy392,36J_redock_4TUZ,0.5794,4.0898,inf
4TUZ,decoy31,36J_redock_4TUZ,0.5778,4.0159,inf
4TUZ,decoy8,36J_redock_4TUZ,0.5770,3.8391,inf
4TUZ,decoy91,36J_redock_4TUZ,0.5765,3.8668,inf
4TUZ,decoy52,36J_redock_4TUZ,0.5744,3.7329,inf
4TUZ,decoy219,36J_redock_4TUZ,0.5738,3.9278,inf
4TUZ,decoy361,36J_redock_4TUZ,0.5723,4.2488,inf
4TUZ,decoy172,36J_redock_4TUZ,0.5718,3.8458,inf
4TUZ,77-09-8_min,36J_redock_4TUZ,0.5705,3.9778,inf
4TUZ,decoy112,36J_redock_4TUZ,0.5683,3.9947,inf
4TUZ,decoy124,36J_redock_4TUZ,0.5667,3.7658,inf
4TUZ,decoy360,36J_redock_4TUZ,0.5659,4.0581,inf
4TUZ,decoy221,36J_redock_4TUZ,0.5649,3.7767,inf
4TUZ,decoy272,36J_redock_4TUZ,0.5639,3.4784,inf
4TUZ,decoy49,36J_redock_4TUZ,0.5622,3.7310,inf
4TUZ,decoy241,36J_redock_4TUZ,0.5606,3.0396,inf
4TUZ,decoy114,36J_redock_4TUZ,0.5595,4.2053,inf
4TUZ,571-22-2_min,36J_redock_4TUZ,0.5593,4.1851,inf
4TUZ,decoy406,36J_redock_4TUZ,0.5552,4.1964,inf
4TUZ,Caffeine_min,36J_redock_4TUZ,0.5542,2.7015,inf
4TUZ,decoy210,36J_redock_4TUZ,0.5532,4.0284,inf
4TUZ,decoy418,36J_redock_4TUZ,0.5527,3.8055,inf
4TUZ,50-02-2_min,36J_redock_4TUZ,0.5501,4.0535,inf
4TUZ,decoy108,36J_redock_4TUZ,0.5500,3.7483,inf
4TUZ,decoy232,36J_redock_4TUZ,0.5462,2.9386,inf
4TUZ,decoy295,36J_redock_4TUZ,0.5451,3.5265,inf
4TUZ,decoy33,36J_redock_4TUZ,0.5446,3.8462,inf
4TUZ,decoy271,36J_redock_4TUZ,0.5443,4.0173,inf
4TUZ,57-88-5_min,36J_redock_4TUZ,0.5430,4.3602,inf
4TUZ,decoy164,36J_redock_4TUZ,0.5426,3.2746,inf
4TUZ,decoy159,36J_redock_4TUZ,0.5424,4.0086,inf
4TUZ,decoy427,36J_redock_4TUZ,0.5422,3.4734,inf
4TUZ,decoy420,36J_redock_4TUZ,0.5417,3.5641,inf
4TUZ,decoy194,36J_redock_4TUZ,0.5416,3.8269,inf
4TUZ,decoy147,36J_redock_4TUZ,0.5412,3.8768,inf
4TUZ,decoy234,36J_redock_4TUZ,0.5408,3.9482,inf
4TUZ,decoy215,36J_redock_4TUZ,0.5397,3.8721,inf
4TUZ,decoy14,36J_redock_4TUZ,0.5395,3.8089,inf
4TUZ,decoy273,36J_redock_4TUZ,0.5392,3.9116,inf
4TUZ,decoy270,36J_redock_4TUZ,0.5390,3.6092,inf
4TUZ,decoy56,36J_redock_4TUZ,0.5351,2.7807,inf
4TUZ,decoy387,36J_redock_4TUZ,0.5341,3.6826,inf
4TUZ,decoy207,36J_redock_4TUZ,0.5323,3.6305,inf
4TUZ,115-86-6_min,36J_redock_4TUZ,0.5316,3.2992,inf
4TUZ,decoy290,36J_redock_4TUZ,0.5298,3.0620,inf
4TUZ,decoy30,36J_redock_4TUZ,0.5289,3.7265,inf
4TUZ,decoy214,36J_redock_4TUZ,0.5276,3.7385,inf
4TUZ,decoy125,36J_redock_4TUZ,0.5266,3.7245,inf
4TUZ,decoy242,36J_redock_4TUZ,0.5251,3.5552,inf
4TUZ,decoy2,36J_redock_4TUZ,0.5231,3.6539,inf
4TUZ,decoy141,36J_redock_4TUZ,0.5229,3.1988,inf
4TUZ,decoy426,36J_redock_4TUZ,0.5225,3.6348,inf
4TUZ,15372-34-6_min,36J_redock_4TUZ,0.5224,3.5100,inf
4TUZ,decoy326,36J_redock_4TUZ,0.5220,3.8454,inf
4TUZ,Melatonin_min,36J_redock_4TUZ,0.5218,3.6095,inf
4TUZ,decoy301,36J_redock_4TUZ,0.5185,3.9011,inf
4TUZ,decoy126,36J_redock_4TUZ,0.5177,3.5245,inf
4TUZ,decoy79,36J_redock_4TUZ,0.5146,2.6658,inf
4TUZ,decoy307,36J_redock_4TUZ,0.5119,3.9111,inf
4TUZ,decoy77,36J_redock_4TUZ,0.5109,3.4762,inf
4TUZ,decoy373,36J_redock_4TUZ,0.5108,2.6205,inf
4TUZ,decoy237,36J_redock_4TUZ,0.5057,2.9393,inf
4TUZ,decoy422,36J_redock_4TUZ,0.5053,3.4563,inf
4TUZ,decoy409,36J_redock_4TUZ,0.5013,3.7198,inf
4TUZ,decoy285,36J_redock_4TUZ,0.5000,3.6300,inf
4TUZ,decoy353,36J_redock_4TUZ,0.4993,3.1317,inf
4TUZ,decoy320,36J_redock_4TUZ,0.4982,3.6237,inf
4TUZ,decoy408,36J_redock_4TUZ,0.4960,3.6435,inf
4TUZ,decoy332,36J_redock_4TUZ,0.4960,3.5806,inf
4TUZ,decoy351,36J_redock_4TUZ,0.4954,3.1337,inf
4TUZ,decoy238,36J_redock_4TUZ,0.4946,3.8123,inf
4TUZ,decoy53,36J_redock_4TUZ,0.4945,3.4986,inf
4TUZ,decoy302,36J_redock_4TUZ,0.4931,3.0215,inf
4TUZ,decoy103,36J_redock_4TUZ,0.4923,3.5569,inf
4TUZ,131-57-7_min,36J_redock_4TUZ,0.4901,2.8829,inf
4TUZ,decoy412,36J_redock_4TUZ,0.4895,3.4876,inf
4TUZ,decoy104,36J_redock_4TUZ,0.4890,3.3437,inf
4TUZ,decoy152,36J_redock_4TUZ,0.4884,3.2132,inf
4TUZ,decoy315,36J_redock_4TUZ,0.4869,3.3895,inf
4TUZ,decoy149,36J_redock_4TUZ,0.4869,2.7830,inf
4TUZ,decoy333,36J_redock_4TUZ,0.4868,3.2966,inf
4TUZ,decoy192,36J_redock_4TUZ,0.4854,3.3965,inf
4TUZ,decoy80,36J_redock_4TUZ,0.4823,3.5526,inf
4TUZ,decoy229,36J_redock_4TUZ,0.4815,3.3564,inf
4TUZ,decoy201,36J_redock_4TUZ,0.4792,2.7355,inf
4TUZ,decoy200,36J_redock_4TUZ,0.4783,3.0155,inf
4TUZ,decoy348,36J_redock_4TUZ,0.4761,3.1327,inf
4TUZ,decoy20,36J_redock_4TUZ,0.4755,3.3302,inf
4TUZ,decoy66,36J_redock_4TUZ,0.4746,2.7820,inf
4TUZ,decoy140,36J_redock_4TUZ,0.4733,3.2839,inf
4TUZ,decoy209,36J_redock_4TUZ,0.4727,3.1744,inf
4TUZ,decoy335,36J_redock_4TUZ,0.4713,3.5074,inf
4TUZ,decoy199,36J_redock_4TUZ,0.4701,3.2664,inf
4TUZ,decoy379,36J_redock_4TUZ,0.4694,3.2240,inf
4TUZ,decoy117,36J_redock_4TUZ,0.4687,3.0702,inf
4TUZ,decoy306,36J_redock_4TUZ,0.4687,3.4244,inf
4TUZ,decoy129,36J_redock_4TUZ,0.4661,2.9022,inf
4TUZ,decoy163,36J_redock_4TUZ,0.4644,3.2618,inf
4TUZ,decoy433,36J_redock_4TUZ,0.4605,3.1265,inf
4TUZ,72-33-3_min,36J_redock_4TUZ,0.4580,3.4749,inf
4TUZ,decoy86,36J_redock_4TUZ,0.4580,2.8844,inf
4TUZ,decoy391,36J_redock_4TUZ,0.4558,3.0307,inf
4TUZ,decoy347,36J_redock_4TUZ,0.4536,3.0969,inf
4TUZ,decoy157,36J_redock_4TUZ,0.4536,3.2499,inf
4TUZ,decoy299,36J_redock_4TUZ,0.4530,3.0314,inf
4TUZ,decoy357,36J_redock_4TUZ,0.4530,2.9498,inf
4TUZ,decoy327,36J_redock_4TUZ,0.4515,3.2130,inf
4TUZ,decoy316,36J_redock_4TUZ,0.4492,3.4488,inf
4TUZ,decoy177,36J_redock_4TUZ,0.4472,2.9152,inf
4TUZ,decoy217,36J_redock_4TUZ,0.4469,2.9273,inf
4TUZ,decoy25,36J_redock_4TUZ,0.4467,3.1007,inf
4TUZ,decoy113,36J_redock_4TUZ,0.4462,3.1303,inf
4TUZ,decoy88,36J_redock_4TUZ,0.4433,2.9399,inf
4TUZ,decoy136,36J_redock_4TUZ,0.4433,3.3268,inf
4TUZ,decoy96,36J_redock_4TUZ,0.4420,2.8908,inf
4TUZ,decoy143,36J_redock_4TUZ,0.4401,3.0950,inf
4TUZ,decoy59,36J_redock_4TUZ,0.4401,2.8132,inf
4TUZ,decoy98,36J_redock_4TUZ,0.4391,2.8279,inf
4TUZ,decoy16,36J_redock_4TUZ,0.4389,3.0904,inf
4TUZ,decoy296,36J_redock_4TUZ,0.4372,3.2384,inf
4TUZ,decoy256,36J_redock_4TUZ,0.4367,2.9123,inf
4TUZ,decoy182,36J_redock_4TUZ,0.4360,2.8403,inf
4TUZ,decoy338,36J_redock_4TUZ,0.4349,2.9379,inf
4TUZ,decoy325,36J_redock_4TUZ,0.4336,2.8950,inf
4TUZ,decoy89,36J_redock_4TUZ,0.4291,2.6139,inf
4TUZ,decoy35,36J_redock_4TUZ,0.4287,2.9838,inf
4TUZ,decoy100,36J_redock_4TUZ,0.4274,2.8455,inf
4TUZ,decoy283,36J_redock_4TUZ,0.4269,2.8202,inf
4TUZ,decoy424,36J_redock_4TUZ,0.4261,2.4652,inf
4TUZ,83-46-5_min,36J_redock_4TUZ,0.4246,3.3311,inf
4TUZ,decoy26,36J_redock_4TUZ,0.4232,2.9296,inf
4TUZ,decoy74,36J_redock_4TUZ,0.4216,2.8763,inf
4TUZ,decoy233,36J_redock_4TUZ,0.4204,2.5792,inf
4TUZ,decoy366,36J_redock_4TUZ,0.4200,2.3590,inf
4TUZ,decoy211,36J_redock_4TUZ,0.4195,2.9123,inf
4TUZ,decoy188,36J_redock_4TUZ,0.4157,2.8845,inf
4TUZ,decoy346,36J_redock_4TUZ,0.4129,2.7900,inf
4TUZ,decoy146,36J_redock_4TUZ,0.4095,2.7403,inf
4TUZ,decoy218,36J_redock_4TUZ,0.4085,2.8880,inf
4TUZ,decoy352,36J_redock_4TUZ,0.4085,2.6646,inf
4TUZ,decoy354,36J_redock_4TUZ,0.4066,2.5780,inf
4TUZ,decoy398,36J_redock_4TUZ,0.4018,2.5636,inf
4TUZ,decoy264,36J_redock_4TUZ,0.4006,2.7686,inf
4TUZ,decoy369,36J_redock_4TUZ,0.3990,2.0635,inf
4TUZ,decoy46,36J_redock_4TUZ,0.3954,2.6232,inf
4TUZ,decoy134,36J_redock_4TUZ,0.3951,2.3754,inf
4TUZ,decoy138,36J_redock_4TUZ,0.3922,2.6855,inf
4TUZ,decoy421,36J_redock_4TUZ,0.3918,2.5440,inf
4TUZ,decoy323,36J_redock_4TUZ,0.3903,2.7008,inf
4TUZ,decoy247,36J_redock_4TUZ,0.3877,2.4222,inf
4TUZ,decoy110,36J_redock_4TUZ,0.3875,2.4509,inf
4TUZ,decoy167,36J_redock_4TUZ,0.3856,2.6635,inf
4TUZ,decoy202,36J_redock_4TUZ,0.3827,2.5220,inf
4TUZ,decoy277,36J_redock_4TUZ,0.3818,2.6865,inf
4TUZ,decoy370,36J_redock_4TUZ,0.3752,2.3490,inf
4TUZ,decoy328,36J_redock_4TUZ,0.3749,2.6747,inf
4TUZ,decoy139,36J_redock_4TUZ,0.3747,2.6107,inf
4TUZ,decoy17,36J_redock_4TUZ,0.3720,2.4811,inf
4TUZ,decoy383,36J_redock_4TUZ,0.3715,2.3832,inf
4TUZ,decoy39,36J_redock_4TUZ,0.3693,2.6109,inf
4TUZ,decoy344,36J_redock_4TUZ,0.3669,2.5119,inf
4TUZ,decoy10,36J_redock_4TUZ,0.3665,2.5769,inf
4TUZ,decoy385,36J_redock_4TUZ,0.3650,2.6357,inf
4TUZ,decoy402,36J_redock_4TUZ,0.3649,2.4179,inf
4TUZ,decoy65,36J_redock_4TUZ,0.3644,2.5912,inf
4TUZ,decoy254,36J_redock_4TUZ,0.3643,2.0137,inf
4TUZ,decoy286,36J_redock_4TUZ,0.3637,2.3966,inf
4TUZ,decoy372,36J_redock_4TUZ,0.3586,2.5131,inf
4TUZ,decoy276,36J_redock_4TUZ,0.3541,2.3703,inf
4TUZ,decoy350,36J_redock_4TUZ,0.3536,2.3274,inf
4TUZ,decoy340,36J_redock_4TUZ,0.3481,2.6145,inf
4TUZ,decoy170,36J_redock_4TUZ,0.3452,2.2774,inf
4TUZ,decoy142,36J_redock_4TUZ,0.3448,2.4923,inf
4TUZ,decoy390,36J_redock_4TUZ,0.3436,2.5390,inf
4TUZ,decoy423,36J_redock_4TUZ,0.3400,2.2989,inf
4TUZ,decoy303,36J_redock_4TUZ,0.3395,2.3737,inf
4TUZ,decoy430,36J_redock_4TUZ,0.3392,2.2642,inf
4TUZ,decoy339,36J_redock_4TUZ,0.3373,2.1411,inf
4TUZ,decoy47,36J_redock_4TUZ,0.3372,2.2604,inf
4TUZ,decoy358,36J_redock_4TUZ,0.3323,2.1861,inf
4TUZ,decoy70,36J_redock_4TUZ,0.3289,2.1678,inf
4TUZ,decoy324,36J_redock_4TUZ,0.3264,2.1645,inf
4TUZ,decoy225,36J_redock_4TUZ,0.3216,2.1651,inf
4TUZ,decoy58,36J_redock_4TUZ,0.3183,1.6717,inf
4TUZ,decoy365,36J_redock_4TUZ,0.3175,1.7077,inf
4TUZ,decoy292,36J_redock_4TUZ,0.3157,2.2228,inf
4TUZ,decoy380,36J_redock_4TUZ,0.3143,2.0158,inf
4TUZ,decoy278,36J_redock_4TUZ,0.3125,2.1048,inf
4TUZ,decoy133,36J_redock_4TUZ,0.3123,2.0557,inf
4TUZ,decoy161,36J_redock_4TUZ,0.3119,2.0149,inf
4TUZ,decoy262,36J_redock_4TUZ,0.3113,2.1173,inf
4TUZ,decoy378,36J_redock_4TUZ,0.3102,2.0023,inf
4TUZ,decoy97,36J_redock_4TUZ,0.3091,1.9378,inf
4TUZ,decoy181,36J_redock_4TUZ,0.3034,2.1791,inf
4TUZ,decoy148,36J_redock_4TUZ,0.3017,1.8495,inf
4TUZ,decoy343,36J_redock_4TUZ,0.2967,2.0887,inf
4TUZ,decoy432,36J_redock_4TUZ,0.2923,1.7791,inf
4TUZ,decoy371,36J_redock_4TUZ,0.2774,1.4959,inf
4TUZ,decoy106,36J_redock_4TUZ,0.2771,1.8839,inf
4TUZ,decoy377,36J_redock_4TUZ,0.2762,1.8432,inf
4TUZ,decoy293,36J_redock_4TUZ,0.2740,1.9123,inf
4TUZ,decoy395,36J_redock_4TUZ,0.2669,1.7766,inf
4TUZ,decoy115,36J_redock_4TUZ,0.2569,1.8897,inf
4TUZ,decoy127,36J_redock_4TUZ,0.2281,1.5854,inf
4TUZ,decoy122,36J_redock_4TUZ,0.2144,1.4795,inf
4TUZ,decoy310,36J_redock_4TUZ,0.2083,1.5265,inf
4TUZ,1845-11-0_min,36J_redock_4TUZ,0.2038,1.3531,inf
4TUZ,decoy321,36J_redock_4TUZ,0.2016,1.4844,inf
4ZN7,67651-34-7_min,DES_redock_4ZN7,0.9919,7.9918,inf
4ZN7,3601-97-6_min,DES_redock_4ZN7,0.9881,8.3563,inf
4ZN7,84-16-2_min,DES_redock_4ZN7,0.9858,8.3861,2.3310
4ZN7,84-17-3_min,DES_redock_4ZN7,0.9849,8.4305,0.5522
4ZN7,53-16-7_min,DES_redock_4ZN7,0.9848,8.0464,inf
4ZN7,DES_min,DES_redock_4ZN7,0.9840,8.3963,0.4677
4ZN7,56-53-1_min,DES_redock_4ZN7,0.9824,8.3163,0.4520
4ZN7,EST_min,DES_redock_4ZN7,0.9763,8.3095,inf
4ZN7,50-28-2_min,DES_redock_4ZN7,0.9763,8.3095,inf
4ZN7,57-91-0_min,DES_redock_4ZN7,0.9754,8.0391,inf
4ZN7,474-86-2_min,DES_redock_4ZN7,0.9713,8.1406,inf
4ZN7,53-63-4_min,DES_redock_4ZN7,0.9709,7.8754,inf
4ZN7,2971-36-0_min,DES_redock_4ZN7,0.9659,7.6452,inf
4ZN7,decoy1,DES_redock_4ZN7,0.9628,6.8131,inf
4ZN7,65118-81-2_min,DES_redock_4ZN7,0.9626,7.4994,inf
4ZN7,decoy174,DES_redock_4ZN7,0.9583,6.9294,inf
4ZN7,decoy78,DES_redock_4ZN7,0.9568,7.4167,inf
4ZN7,decoy312,DES_redock_4ZN7,0.9565,7.9036,inf
4ZN7,53905-28-5_min,DES_redock_4ZN7,0.9560,6.7569,inf
4ZN7,659-22-3_min,DES_redock_4ZN7,0.9549,7.2310,inf
4ZN7,6052-84-2_min,DES_redock_4ZN7,0.9537,7.1685,inf
4ZN7,50-27-1_min,DES_redock_4ZN7,0.9533,7.9881,inf
4ZN7,120-47-8_min,DES_redock_4ZN7,0.9529,4.9267,inf
4ZN7,140-66-9_min,DES_redock_4ZN7,0.9496,6.9114,inf
4ZN7,27L_min,DES_redock_4ZN7,0.9496,6.9114,inf
4ZN7,104-43-8_min,DES_redock_4ZN7,0.9488,7.6721,inf
4ZN7,6554-98-9_min,DES_redock_4ZN7,0.9462,6.7013,inf
4ZN7,decoy13,DES_redock_4ZN7,0.9448,7.0579,inf
4ZN7,28034-99-3_min,DES_redock_4ZN7,0.9439,6.3591,inf
4ZN7,53-19-0_min,DES_redock_4ZN7,0.9430,6.5300,inf
4ZN7,80-46-6_min,DES_redock_4ZN7,0.9389,5.6563,inf
4ZN7,599-64-4_min,DES_redock_4ZN7,0.9374,6.6319,inf
4ZN7,53-45-2_min,DES_redock_4ZN7,0.9356,6.8195,inf
4ZN7,decoy253,DES_redock_4ZN7,0.9336,6.4284,inf
4ZN7,77-40-7_min,DES_redock_4ZN7,0.9326,6.9740,inf
4ZN7,decoy61,DES_redock_4ZN7,0.9325,7.0163,inf
4ZN7,94-13-3_min,DES_redock_4ZN7,0.9309,5.2838,inf
4ZN7,123-07-9_min,DES_redock_4ZN7,0.9305,4.7507,inf
4ZN7,99-76-3_min,DES_redock_4ZN7,0.9286,4.6254,inf
4ZN7,5153-25-3_min,DES_redock_4ZN7,0.9259,6.5878,inf
4ZN7,98-54-4_min,DES_redock_4ZN7,0.9255,5.1559,inf
4ZN7,decoy431,DES_redock_4ZN7,0.9244,6.8004,inf
4ZN7,94-18-8_min,DES_redock_4ZN7,0.9242,6.3280,inf
4ZN7,decoy166,DES_redock_4ZN7,0.9237,7.4775,inf
4ZN7,decoy72,DES_redock_4ZN7,0.9234,7.5368,inf
4ZN7,decoy240,DES_redock_4ZN7,0.9224,6.1477,inf
4ZN7,decoy206,DES_redock_4ZN7,0.9209,6.0210,inf
4ZN7,28463-03-8_min,DES_redock_4ZN7,0.9196,7.3953,inf
4ZN7,decoy71,DES_redock_4ZN7,0.9191,6.7650,inf
4ZN7,99-71-8_min,DES_redock_4ZN7,0.9183,5.2061,inf
4ZN7,1806-26-4_min,DES_redock_4ZN7,0.9178,6.6963,inf
4ZN7,2OH_min,DES_redock_4ZN7,0.9174,6.6105,inf
4ZN7,80-05-7_min,DES_redock_4ZN7,0.9174,6.6105,inf
4ZN7,5976-61-4_min,DES_redock_4ZN7,0.9169,7.4652,inf
4ZN7,75938-34-0_min,DES_redock_4ZN7,0.9146,7.3821,inf
4ZN7,94-26-8_min,DES_redock_4ZN7,0.9142,5.6135,inf
4ZN7,27K_min,DES_redock_4ZN7,0.9142,5.6135,inf
4ZN7,1085-12-7_min,DES_redock_4ZN7,0.9135,6.3790,inf
4ZN7,decoy250,DES_redock_4ZN7,0.9133,6.1586,inf
4ZN7,decoy48,DES_redock_4ZN7,0.9119,6.0419,inf
4ZN7,362-05-0_min,DES_redock_4ZN7,0.9116,7.2814,inf
4ZN7,243-17-4_min,DES_redock_4ZN7,0.9105,5.7757,inf
4ZN7,13037-86-0_min,DES_redock_4ZN7,0.9095,6.4058,inf
4ZN7,1570-64-5_min,DES_redock_4ZN7,0.9091,4.4572,inf
4ZN7,5394-98-9_min,DES_redock_4ZN7,0.9085,6.1045,inf
4ZN7,decoy81,DES_redock_4ZN7,0.9067,6.5217,inf
4ZN7,decoy99,DES_redock_4ZN7,0.9050,6.6380,inf
4ZN7,571-20-0_min,DES_redock_4ZN7,0.9030,7.5339,inf
4ZN7,decoy187,DES_redock_4ZN7,0.9021,5.8822,inf
4ZN7,decoy434,DES_redock_4ZN7,0.8999,6.2031,inf
4ZN7,126-00-1_min,DES_redock_4ZN7,0.8989,6.5871,inf
4ZN7,1229-24-9_min,DES_redock_4ZN7,0.8982,7.2250,inf
4ZN7,decoy245,DES_redock_4ZN7,0.8973,7.0773,inf
4ZN7,decoy269,DES_redock_4ZN7,0.8956,6.3428,inf
4ZN7,decoy410,DES_redock_4ZN7,0.8942,5.8420,inf
4ZN7,218-01-9_min,DES_redock_4ZN7,0.8933,5.6180,inf
4ZN7,decoy34,DES_redock_4ZN7,0.8921,6.2523,inf
4ZN7,decoy397,DES_redock_4ZN7,0.8919,6.3023,inf
4ZN7,decoy274,DES_redock_4ZN7,0.8912,5.8338,inf
4ZN7,decoy363,DES_redock_4ZN7,0.8912,6.8194,inf
4ZN7,611-99-4_min,DES_redock_4ZN7,0.8911,5.7986,inf
4ZN7,59-50-7_min,DES_redock_4ZN7,0.8911,4.3059,inf
4ZN7,92-69-3_min,DES_redock_4ZN7,0.8905,5.0644,inf
4ZN7,decoy376,DES_redock_4ZN7,0.8886,6.3056,inf
4ZN7,103-16-2_min,DES_redock_4ZN7,0.8886,5.6245,inf
4ZN7,decoy6,DES_redock_4ZN7,0.8882,5.6978,inf
4ZN7,decoy155,DES_redock_4ZN7,0.8879,6.6785,inf
4ZN7,131-56-6_min,DES_redock_4ZN7,0.8875,5.3269,inf
4ZN7,decoy123,DES_redock_4ZN7,0.8835,7.0678,inf
4ZN7,94-25-7_min,DES_redock_4ZN7,0.8826,5.0814,inf
4ZN7,decoy368,DES_redock_4ZN7,0.8803,6.6174,inf
4ZN7,decoy186,DES_redock_4ZN7,0.8800,6.6208,inf
4ZN7,decoy244,DES_redock_4ZN7,0.8794,6.5422,inf
4ZN7,decoy90,DES_redock_4ZN7,0.8777,6.3377,inf
4ZN7,EE2_min,DES_redock_4ZN7,0.8767,7.2867,inf
4ZN7,57-63-6_min,DES_redock_4ZN7,0.8767,7.2867,inf
4ZN7,2050-68-2_min,DES_redock_4ZN7,0.8767,5.2000,inf
4ZN7,34816-55-2_min,DES_redock_4ZN7,0.8763,7.3901,inf
4ZN7,decoy297,DES_redock_4ZN7,0.8729,5.7781,inf
4ZN7,7773-34-4_min,DES_redock_4ZN7,0.8728,6.9088,0.6963
4ZN7,decoy330,DES_redock_4ZN7,0.8713,6.6652,inf
4ZN7,decoy417,DES_redock_4ZN7,0.8686,6.3738,inf
4ZN7,92-04-6_min,DES_redock_4ZN7,0.8680,5.2185,inf
4ZN7,2529-64-8_min,DES_redock_4ZN7,0.8668,6.4400,inf
4ZN7,27M_min,DES_redock_4ZN7,0.8653,5.3981,inf
4ZN7,80-09-1_min,DES_redock_4ZN7,0.8636,5.8312,inf
4ZN7,57-83-0_min,DES_redock_4ZN7,0.8620,7.0278,inf
4ZN7,decoy243,DES_redock_4ZN7,0.8588,6.2993,inf
4ZN7,decoy282,DES_redock_4ZN7,0.8575,6.1030,inf
4ZN7,Testosterone_min,DES_redock_4ZN7,0.8539,6.8480,inf
4ZN7,58-22-0_min,DES_redock_4ZN7,0.8539,6.8480,inf
4ZN7,decoy257,DES_redock_4ZN7,0.8538,6.4903,inf
4ZN7,521-18-6_min,DES_redock_4ZN7,0.8530,6.9696,inf
4ZN7,decoy130,DES_redock_4ZN7,0.8530,6.1397,inf
4ZN7,789-02-6_min,DES_redock_4ZN7,0.8529,6.1693,inf
4ZN7,decoy230,DES_redock_4ZN7,0.8499,5.4281,inf
4ZN7,decoy263,DES_redock_4ZN7,0.8430,5.8382,inf
4ZN7,decoy259,DES_redock_4ZN7,0.8416,5.9470,inf
4ZN7,decoy153,DES_redock_4ZN7,0.8399,5.9755,inf
4ZN7,decoy18,DES_redock_4ZN7,0.8380,3.9786,inf
4ZN7,decoy183,DES_redock_4ZN7,0.8370,6.0308,inf
4ZN7,decoy52,DES_redock_4ZN7,0.8337,5.5764,inf
4ZN7,decoy93,DES_redock_4ZN7,0.8311,5.2745,inf
4ZN7,decoy411,DES_redock_4ZN7,0.8302,5.8812,inf
4ZN7,decoy30,DES_redock_4ZN7,0.8286,5.8442,inf
4ZN7,decoy273,DES_redock_4ZN7,0.8273,6.0765,inf
4ZN7,decoy23,DES_redock_4ZN7,0.8247,5.2363,inf
4ZN7,81-90-3_min,DES_redock_4ZN7,0.8241,5.9240,inf
4ZN7,decoy331,DES_redock_4ZN7,0.8232,6.8560,inf
4ZN7,580-51-8_min,DES_redock_4ZN7,0.8231,4.8621,inf
4ZN7,decoy171,DES_redock_4ZN7,0.8208,4.8148,inf
4ZN7,decoy22,DES_redock_4ZN7,0.8193,5.1352,inf
4ZN7,decoy212,DES_redock_4ZN7,0.8190,5.7431,inf
4ZN7,15372-34-6_min,DES_redock_4ZN7,0.8160,5.9730,inf
4ZN7,decoy194,DES_redock_4ZN7,0.8150,6.0852,inf
4ZN7,decoy381,DES_redock_4ZN7,0.8145,5.6271,inf
4ZN7,decoy173,DES_redock_4ZN7,0.8141,5.9874,inf
4ZN7,58-89-9_min,DES_redock_4ZN7,0.8137,4.9519,inf
4ZN7,decoy60,DES_redock_4ZN7,0.8131,5.2193,inf
4ZN7,decoy291,DES_redock_4ZN7,0.8130,5.5806,inf
4ZN7,decoy121,DES_redock_4ZN7,0.8120,5.1855,inf
4ZN7,decoy50,DES_redock_4ZN7,0.8094,6.0103,inf
4ZN7,decoy29,DES_redock_4ZN7,0.8087,5.3890,inf
4ZN7,decoy76,DES_redock_4ZN7,0.8079,5.5549,inf
4ZN7,decoy203,DES_redock_4ZN7,0.8067,5.4288,inf
4ZN7,decoy280,DES_redock_4ZN7,0.8062,5.9437,inf
4ZN7,decoy345,DES_redock_4ZN7,0.8043,6.2259,inf
4ZN7,decoy336,DES_redock_4ZN7,0.8041,6.1327,inf
4ZN7,decoy236,DES_redock_4ZN7,0.8030,5.1965,inf
4ZN7,decoy132,DES_redock_4ZN7,0.8005,5.9747,inf
4ZN7,decoy258,DES_redock_4ZN7,0.7987,5.5400,inf
4ZN7,decoy128,DES_redock_4ZN7,0.7983,5.9177,inf
4ZN7,decoy5,DES_redock_4ZN7,0.7913,6.0697,inf
4ZN7,decoy21,DES_redock_4ZN7,0.7877,5.6833,inf
4ZN7,decoy419,DES_redock_4ZN7,0.7876,5.4233,inf
4ZN7,decoy191,DES_redock_4ZN7,0.7858,5.2547,inf
4ZN7,decoy92,DES_redock_4ZN7,0.7848,5.9637,inf
4ZN7,97-53-0_min,DES_redock_4ZN7,0.7831,4.1068,inf
4ZN7,decoy62,DES_redock_4ZN7,0.7803,4.8463,inf
4ZN7,decoy180,DES_redock_4ZN7,0.7763,5.4329,inf
4ZN7,decoy281,DES_redock_4ZN7,0.7739,5.2940,inf
4ZN7,decoy151,DES_redock_4ZN7,0.7721,5.7715,inf
4ZN7,decoy43,DES_redock_4ZN7,0.7718,5.1342,inf
4ZN7,decoy204,DES_redock_4ZN7,0.7696,5.3550,inf
4ZN7,decoy375,DES_redock_4ZN7,0.7674,6.0375,inf
4ZN7,decoy388,DES_redock_4ZN7,0.7673,4.9904,inf
4ZN7,90-43-7_min,DES_redock_4ZN7,0.7663,4.0753,inf
4ZN7,25154-52-3_min,DES_redock_4ZN7,0.7653,5.4127,inf
4ZN7,decoy41,DES_redock_4ZN7,0.7643,5.0478,inf
4ZN7,decoy268,DES_redock_4ZN7,0.7616,5.3552,inf
4ZN7,decoy361,DES_redock_4ZN7,0.7589,5.9241,inf
4ZN7,decoy208,DES_redock_4ZN7,0.7575,5.0684,inf
4ZN7,decoy27,DES_redock_4ZN7,0.7564,5.4926,inf
4ZN7,decoy82,DES_redock_4ZN7,0.7563,5.2893,inf
4ZN7,481-30-1_min,DES_redock_4ZN7,0.7559,5.8538,inf
4ZN7,decoy393,DES_redock_4ZN7,0.7555,4.9652,inf
4ZN7,Caffeine_min,DES_redock_4ZN7,0.7552,4.0611,inf
4ZN7,decoy36,DES_redock_4ZN7,0.7550,5.5100,inf
4ZN7,decoy428,DES_redock_4ZN7,0.7538,5.1760,inf
4ZN7,decoy94,DES_redock_4ZN7,0.7529,5.9027,inf
4ZN7,decoy389,DES_redock_4ZN7,0.7520,5.5336,inf
4ZN7,decoy169,DES_redock_4ZN7,0.7517,5.0679,inf
4ZN7,decoy44,DES_redock_4ZN7,0.7505,4.9714,inf
4ZN7,decoy298,DES_redock_4ZN7,0.7498,4.8319,inf
4ZN7,decoy156,DES_redock_4ZN7,0.7488,5.2669,inf
4ZN7,decoy4,DES_redock_4ZN7,0.7482,5.4152,inf
4ZN7,84-69-5_min,DES_redock_4ZN7,0.7476,3.6219,inf
4ZN7,121-33-5_min,DES_redock_4ZN7,0.7472,3.3707,inf
4ZN7,decoy221,DES_redock_4ZN7,0.7453,4.8495,inf
4ZN7,decoy239,DES_redock_4ZN7,0.7419,5.1955,inf
4ZN7,decoy101,DES_redock_4ZN7,0.7415,4.9950,inf
4ZN7,72-43-5_min,DES_redock_4ZN7,0.7407,5.3691,inf
4ZN7,decoy185,DES_redock_4ZN7,0.7403,5.2621,inf
4ZN7,72-54-8_min,DES_redock_4ZN7,0.7394,4.8121,inf
4ZN7,97-54-1_min,DES_redock_4ZN7,0.7391,3.9259,inf
4ZN7,decoy359,DES_redock_4ZN7,0.7380,4.9640,inf
4ZN7,decoy374,DES_redock_4ZN7,0.7378,4.9599,inf
4ZN7,decoy220,DES_redock_4ZN7,0.7365,5.4270,inf
4ZN7,decoy141,DES_redock_4ZN7,0.7360,4.7804,inf
4ZN7,decoy223,DES_redock_4ZN7,0.7356,5.0229,inf
4ZN7,decoy196,DES_redock_4ZN7,0.7339,5.1333,inf
4ZN7,decoy68,DES_redock_4ZN7,0.7330,4.9388,inf
4ZN7,decoy193,DES_redock_4ZN7,0.7316,5.1770,inf
4ZN7,decoy403,DES_redock_4ZN7,0.7304,5.0468,inf
4ZN7,decoy63,DES_redock_4ZN7,0.7299,4.7133,inf
4ZN7,decoy111,DES_redock_4ZN7,0.7277,4.6556,inf
4ZN7,decoy178,DES_redock_4ZN7,0.7276,5.1626,inf
4ZN7,decoy309,DES_redock_4ZN7,0.7273,5.1216,inf
4ZN7,decoy102,DES_redock_4ZN7,0.7263,5.0045,inf
4ZN7,decoy104,DES_redock_4ZN7,0.7260,5.2413,inf
4ZN7,decoy189,DES_redock_4ZN7,0.7231,5.1211,inf
4ZN7,decoy84,DES_redock_4ZN7,0.7229,5.0354,inf
4ZN7,131-57-7_min,DES_redock_4ZN7,0.7223,4.5763,inf
4ZN7,decoy216,DES_redock_4ZN7,0.7202,5.2211,inf
4ZN7,decoy15,DES_redock_4ZN7,0.7196,4.6203,inf
4ZN7,decoy195,DES_redock_4ZN7,0.7167,5.3707,inf
4ZN7,3434-79-5_min,DES_redock_4ZN7,0.7160,5.7316,inf
4ZN7,58-72-0_min,DES_redock_4ZN7,0.7148,4.7284,inf
4ZN7,decoy116,DES_redock_4ZN7,0.7133,4.9271,inf
4ZN7,decoy85,DES_redock_4ZN7,0.7123,5.2987,inf
4ZN7,77-09-8_min,DES_redock_4ZN7,0.7118,5.0711,inf
4ZN7,decoy262,DES_redock_4ZN7,0.7115,4.9398,inf
4ZN7,decoy349,DES_redock_4ZN7,0.7107,5.1300,inf
4ZN7,decoy24,DES_redock_4ZN7,0.7093,5.1707,inf
4ZN7,50-22-6_min,DES_redock_4ZN7,0.7091,5.2087,inf
4ZN7,207-13-4_min,DES_redock_4ZN7,0.7086,4.3668,inf
4ZN7,decoy318,DES_redock_4ZN7,0.7076,5.1784,inf
4ZN7,decoy261,DES_redock_4ZN7,0.7057,4.9510,inf
4ZN7,decoy184,DES_redock_4ZN7,0.7045,4.8346,inf
4ZN7,decoy279,DES_redock_4ZN7,0.7041,4.7397,inf
4ZN7,decoy168,DES_redock_4ZN7,0.7038,5.3410,inf
4ZN7,500-38-9_min,DES_redock_4ZN7,0.7032,5.4627,inf
4ZN7,decoy226,DES_redock_4ZN7,0.7029,4.8376,inf
4ZN7,decoy329,DES_redock_4ZN7,0.7024,5.6249,inf
4ZN7,decoy45,DES_redock_4ZN7,0.7018,4.7212,inf
4ZN7,decoy413,DES_redock_4ZN7,0.7011,4.3005,inf
4ZN7,decoy54,DES_redock_4ZN7,0.6963,5.1780,inf
4ZN7,115-29-7_min,DES_redock_4ZN7,0.6960,5.0240,inf
4ZN7,decoy429,DES_redock_4ZN7,0.6951,5.2934,inf
4ZN7,5108-94-1_min,DES_redock_4ZN7,0.6943,5.5503,inf
4ZN7,decoy267,DES_redock_4ZN7,0.6941,4.7004,inf
4ZN7,decoy172,DES_redock_4ZN7,0.6926,4.7385,inf
4ZN7,decoy416,DES_redock_4ZN7,0.6925,4.5273,inf
4ZN7,decoy406,DES_redock_4ZN7,0.6916,5.3575,inf
4ZN7,decoy33,DES_redock_4ZN7,0.6898,4.8391,inf
4ZN7,decoy387,DES_redock_4ZN7,0.6895,4.8187,inf
4ZN7,decoy57,DES_redock_4ZN7,0.6883,4.9832,inf
4ZN7,decoy407,DES_redock_4ZN7,0.6875,4.9799,inf
4ZN7,decoy408,DES_redock_4ZN7,0.6867,5.3316,inf
4ZN7,decoy190,DES_redock_4ZN7,0.6858,4.9002,inf
4ZN7,decoy386,DES_redock_4ZN7,0.6854,4.8954,inf
4ZN7,decoy39,DES_redock_4ZN7,0.6847,4.7581,inf
4ZN7,decoy288,DES_redock_4ZN7,0.6823,4.6624,inf
4ZN7,decoy147,DES_redock_4ZN7,0.6822,4.7663,inf
4ZN7,84-74-2_min,DES_redock_4ZN7,0.6819,3.5000,inf
4ZN7,decoy251,DES_redock_4ZN7,0.6798,4.3379,inf
4ZN7,decoy302,DES_redock_4ZN7,0.6783,4.2911,inf
4ZN7,60-57-1_min,DES_redock_4ZN7,0.6780,4.9692,inf
4ZN7,911-45-5_min,DES_redock_4ZN7,0.6757,4.9968,inf
4ZN7,decoy175,DES_redock_4ZN7,0.6728,4.5001,inf
4ZN7,decoy252,DES_redock_4ZN7,0.6719,4.4254,inf
4ZN7,decoy201,DES_redock_4ZN7,0.6716,3.6294,inf
4ZN7,decoy266,DES_redock_4ZN7,0.6704,4.8161,inf
4ZN7,decoy235,DES_redock_4ZN7,0.6703,4.8221,inf
4ZN7,50-29-3_min,DES_redock_4ZN7,0.6690,4.5724,inf
4ZN7,decoy114,DES_redock_4ZN7,0.6686,5.1115,inf
4ZN7,decoy154,DES_redock_4ZN7,0.6681,4.7593,inf
4ZN7,decoy197,DES_redock_4ZN7,0.6669,5.0838,inf
4ZN7,decoy228,DES_redock_4ZN7,0.6669,4.6520,inf
4ZN7,decoy95,DES_redock_4ZN7,0.6666,4.4997,inf
4ZN7,72-33-3_min,DES_redock_4ZN7,0.6665,5.3277,inf
4ZN7,decoy227,DES_redock_4ZN7,0.6655,4.5360,inf
4ZN7,decoy2,DES_redock_4ZN7,0.6640,4.6674,inf
4ZN7,decoy49,DES_redock_4ZN7,0.6625,4.3849,inf
4ZN7,decoy396,DES_redock_4ZN7,0.6609,4.3698,inf
4ZN7,68-23-5_min,DES_redock_4ZN7,0.6587,5.1179,inf
4ZN7,27J_min,DES_redock_4ZN7,0.6563,4.2751,inf
4ZN7,decoy28,DES_redock_4ZN7,0.6559,5.1573,inf
4ZN7,decoy422,DES_redock_4ZN7,0.6557,4.7657,inf
4ZN7,decoy415,DES_redock_4ZN7,0.6548,4.0628,inf
4ZN7,decoy87,DES_redock_4ZN7,0.6534,4.7615,inf
4ZN7,decoy260,DES_redock_4ZN7,0.6528,4.6769,inf
4ZN7,143-74-8_min,DES_redock_4ZN7,0.6506,4.4078,inf
4ZN7,decoy159,DES_redock_4ZN7,0.6506,4.9445,inf
4ZN7,decoy392,DES_redock_4ZN7,0.6498,4.5527,inf
4ZN7,decoy427,DES_redock_4ZN7,0.6483,4.5151,inf
4ZN7,decoy224,DES_redock_4ZN7,0.6476,4.5644,inf
4ZN7,decoy3,DES_redock_4ZN7,0.6469,4.1720,inf
4ZN7,decoy351,DES_redock_4ZN7,0.6465,4.3185,inf
4ZN7,36J_min,DES_redock_4ZN7,0.6440,4.3801,inf
4ZN7,decoy222,DES_redock_4ZN7,0.6438,4.4227,inf
4ZN7,decoy234,DES_redock_4ZN7,0.6438,4.7704,inf
4ZN7,decoy305,DES_redock_4ZN7,0.6419,4.8049,inf
4ZN7,decoy382,DES_redock_4ZN7,0.6412,4.7160,inf
4ZN7,decoy304,DES_redock_4ZN7,0.6409,4.2756,inf
4ZN7,571-22-2_min,DES_redock_4ZN7,0.6406,4.4588,inf
4ZN7,decoy32,DES_redock_4ZN7,0.6398,4.5558,inf
4ZN7,decoy192,DES_redock_4ZN7,0.6383,4.5788,inf
4ZN7,decoy300,DES_redock_4ZN7,0.6376,4.9183,inf
4ZN7,72-55-9_min,DES_redock_4ZN7,0.6366,4.1934,inf
4ZN7,decoy384,DES_redock_4ZN7,0.6355,4.6109,inf
4ZN7,decoy219,DES_redock_4ZN7,0.6347,4.4513,inf
4ZN7,decoy364,DES_redock_4ZN7,0.6347,4.3203,inf
4ZN7,decoy355,DES_redock_4ZN7,0.6307,4.4897,inf
4ZN7,decoy320,DES_redock_4ZN7,0.6298,4.9533,inf
4ZN7,decoy270,DES_redock_4ZN7,0.6289,4.5107,inf
4ZN7,140-10-3_min,DES_redock_4ZN7,0.6286,2.9580,inf
4ZN7,decoy404,DES_redock_4ZN7,0.6261,4.2356,inf
4ZN7,decoy249,DES_redock_4ZN7,0.6250,3.6574,inf
4ZN7,decoy420,DES_redock_4ZN7,0.6243,4.4200,inf
4ZN7,decoy9,DES_redock_4ZN7,0.6239,4.6749,inf
4ZN7,decoy209,DES_redock_4ZN7,0.6222,4.3611,inf
4ZN7,decoy207,DES_redock_4ZN7,0.6215,4.4413,inf
4ZN7,decoy105,DES_redock_4ZN7,0.6212,3.7759,inf
4ZN7,decoy109,DES_redock_4ZN7,0.6209,4.0599,inf
4ZN7,85-68-7_min,DES_redock_4ZN7,0.6196,3.3789,inf
4ZN7,decoy213,DES_redock_4ZN7,0.6173,4.4066,inf
4ZN7,decoy265,DES_redock_4ZN7,0.6171,4.5593,inf
4ZN7,decoy332,DES_redock_4ZN7,0.6166,4.5241,inf
4ZN7,Melatonin_min,DES_redock_4ZN7,0.6162,3.9142,inf
4ZN7,decoy308,DES_redock_4ZN7,0.6158,4.3158,inf
4ZN7,decoy287,DES_redock_4ZN7,0.6155,3.5763,inf
4ZN7,1852-53-5_min,DES_redock_4ZN7,0.6147,4.8752,inf
4ZN7,decoy112,DES_redock_4ZN7,0.6100,4.3002,inf
4ZN7,decoy31,DES_redock_4ZN7,0.6091,3.9416,inf
4ZN7,decoy160,DES_redock_4ZN7,0.6052,4.3707,inf
4ZN7,decoy40,DES_redock_4ZN7,0.6011,4.2759,inf
4ZN7,decoy19,DES_redock_4ZN7,0.6008,3.5648,inf
4ZN7,decoy246,DES_redock_4ZN7,0.5994,4.2328,inf
4ZN7,decoy328,DES_redock_4ZN7,0.5993,4.6732,inf
4ZN7,decoy144,DES_redock_4ZN7,0.5980,4.6621,inf
4ZN7,decoy299,DES_redock_4ZN7,0.5962,4.1825,inf
4ZN7,decoy365,DES_redock_4ZN7,0.5962,3.3187,inf
4ZN7,decoy110,DES_redock_4ZN7,0.5959,3.9629,inf
4ZN7,decoy162,DES_redock_4ZN7,0.5953,4.1673,inf
4ZN7,decoy113,DES_redock_4ZN7,0.5953,4.2301,inf
4ZN7,decoy59,DES_redock_4ZN7,0.5949,4.1593,inf
4ZN7,603-45-2_min,DES_redock_4ZN7,0.5944,4.5750,inf
4ZN7,decoy248,DES_redock_4ZN7,0.5943,3.7569,inf
4ZN7,decoy394,DES_redock_4ZN7,0.5936,3.5355,inf
4ZN7,decoy25,DES_redock_4ZN7,0.5900,4.3607,inf
4ZN7,decoy242,DES_redock_4ZN7,0.5897,3.9844,inf
4ZN7,decoy131,DES_redock_4ZN7,0.5886,3.9624,inf
4ZN7,decoy325,DES_redock_4ZN7,0.5883,4.5562,inf
4ZN7,decoy399,DES_redock_4ZN7,0.5882,3.8596,inf
4ZN7,decoy357,DES_redock_4ZN7,0.5867,4.0879,inf
4ZN7,decoy217,DES_redock_4ZN7,0.5850,3.9513,inf
4ZN7,decoy218,DES_redock_4ZN7,0.5815,4.2192,inf
4ZN7,decoy295,DES_redock_4ZN7,0.5814,3.3557,inf
4ZN7,decoy56,DES_redock_4ZN7,0.5809,3.1113,inf
4ZN7,decoy64,DES_redock_4ZN7,0.5798,3.9333,inf
4ZN7,decoy238,DES_redock_4ZN7,0.5786,4.5212,inf
4ZN7,decoy42,DES_redock_4ZN7,0.5757,3.8447,inf
4ZN7,decoy317,DES_redock_4ZN7,0.5754,4.0025,inf
4ZN7,decoy163,DES_redock_4ZN7,0.5720,4.1543,inf
4ZN7,decoy51,DES_redock_4ZN7,0.5716,4.0274,inf
4ZN7,decoy129,DES_redock_4ZN7,0.5702,3.3059,inf
4ZN7,decoy255,DES_redock_4ZN7,0.5681,3.8783,inf
4ZN7,decoy16,DES_redock_4ZN7,0.5676,4.0077,inf
4ZN7,decoy150,DES_redock_4ZN7,0.5662,4.0120,inf
4ZN7,decoy425,DES_redock_4ZN7,0.5661,3.5812,inf
4ZN7,decoy334,DES_redock_4ZN7,0.5637,4.2610,inf
4ZN7,decoy108,DES_redock_4ZN7,0.5587,3.4603,inf
4ZN7,decoy125,DES_redock_4ZN7,0.5547,3.8867,inf
4ZN7,decoy362,DES_redock_4ZN7,0.5542,3.8578,inf
4ZN7,decoy46,DES_redock_4ZN7,0.5540,3.5780,inf
4ZN7,decoy275,DES_redock_4ZN7,0.5535,3.9496,inf
4ZN7,decoy307,DES_redock_4ZN7,0.5508,4.1095,inf
4ZN7,decoy344,DES_redock_4ZN7,0.5508,3.7328,inf
4ZN7,decoy409,DES_redock_4ZN7,0.5500,4.0609,inf
4ZN7,decoy356,DES_redock_4ZN7,0.5491,3.9603,inf
4ZN7,decoy67,DES_redock_4ZN7,0.5460,3.4016,inf
4ZN7,decoy107,DES_redock_4ZN7,0.5447,4.1506,inf
4ZN7,decoy146,DES_redock_4ZN7,0.5435,3.7573,inf
4ZN7,decoy296,DES_redock_4ZN7,0.5434,4.1747,inf
4ZN7,decoy75,DES_redock_4ZN7,0.5431,3.7860,inf
4ZN7,decoy83,DES_redock_4ZN7,0.5417,3.9562,inf
4ZN7,143-50-0_min,DES_redock_4ZN7,0.5397,4.4308,inf
4ZN7,decoy241,DES_redock_4ZN7,0.5393,3.2962,inf
4ZN7,decoy326,DES_redock_4ZN7,0.5380,4.2044,inf
4ZN7,decoy231,DES_redock_4ZN7,0.5349,3.9776,inf
4ZN7,decoy38,DES_redock_4ZN7,0.5341,3.7264,inf
4ZN7,decoy405,DES_redock_4ZN7,0.5339,3.2874,inf
4ZN7,decoy292,DES_redock_4ZN7,0.5335,3.8787,inf
4ZN7,decoy277,DES_redock_4ZN7,0.5331,3.9276,inf
4ZN7,decoy77,DES_redock_4ZN7,0.5325,3.3085,inf
4ZN7,decoy120,DES_redock_4ZN7,0.5317,3.6725,inf
4ZN7,decoy8,DES_redock_4ZN7,0.5315,3.5424,inf
4ZN7,decoy136,DES_redock_4ZN7,0.5304,4.0472,inf
4ZN7,decoy12,DES_redock_4ZN7,0.5303,3.7821,inf
4ZN7,decoy158,DES_redock_4ZN7,0.5289,2.9351,inf
4ZN7,decoy14,DES_redock_4ZN7,0.5287,3.7170,inf
4ZN7,decoy414,DES_redock_4ZN7,0.5256,3.7093,inf
4ZN7,decoy138,DES_redock_4ZN7,0.5249,3.4214,inf
4ZN7,decoy202,DES_redock_4ZN7,0.5240,3.4318,inf
4ZN7,decoy322,DES_redock_4ZN7,0.5236,3.6349,inf
4ZN7,decoy200,DES_redock_4ZN7,0.5230,3.4997,inf
4ZN7,decoy165,DES_redock_4ZN7,0.5216,3.0810,inf
4ZN7,decoy283,DES_redock_4ZN7,0.5214,3.4933,inf
4ZN7,decoy142,DES_redock_4ZN7,0.5199,3.5484,inf
4ZN7,decoy367,DES_redock_4ZN7,0.5197,3.6889,inf
4ZN7,decoy316,DES_redock_4ZN7,0.5181,4.0706,inf
4ZN7,decoy79,DES_redock_4ZN7,0.5161,2.9398,inf
4ZN7,decoy134,DES_redock_4ZN7,0.5160,3.2902,inf
4ZN7,decoy26,DES_redock_4ZN7,0.5159,3.5091,inf
4ZN7,decoy89,DES_redock_4ZN7,0.5137,3.0382,inf
4ZN7,decoy164,DES_redock_4ZN7,0.5133,3.5397,inf
4ZN7,decoy10,DES_redock_4ZN7,0.5121,3.7430,inf
4ZN7,decoy301,DES_redock_4ZN7,0.5114,3.6959,inf
4ZN7,decoy289,DES_redock_4ZN7,0.5102,3.3959,inf
4ZN7,decoy199,DES_redock_4ZN7,0.5069,3.5972,inf
4ZN7,decoy311,DES_redock_4ZN7,0.5066,3.7178,inf
4ZN7,decoy157,DES_redock_4ZN7,0.5059,3.6897,inf
4ZN7,decoy271,DES_redock_4ZN7,0.5050,3.8196,inf
4ZN7,decoy145,DES_redock_4ZN7,0.5049,3.3963,inf
4ZN7,decoy7,DES_redock_4ZN7,0.5039,3.4721,inf
4ZN7,decoy11,DES_redock_4ZN7,0.5039,3.4880,inf
4ZN7,decoy272,DES_redock_4ZN7,0.5035,3.2574,inf
4ZN7,decoy37,DES_redock_4ZN7,0.5026,2.9219,inf
4ZN7,decoy118,DES_redock_4ZN7,0.5014,3.6879,inf
4ZN7,decoy400,DES_redock_4ZN7,0.5011,3.7753,inf
4ZN7,decoy69,DES_redock_4ZN7,0.4999,3.4963,inf
4ZN7,decoy373,DES_redock_4ZN7,0.4985,2.7936,inf
4ZN7,decoy205,DES_redock_4ZN7,0.4981,3.3041,inf
4ZN7,decoy122,DES_redock_4ZN7,0.4974,3.5417,inf
4ZN7,decoy35,DES_redock_4ZN7,0.4970,3.4544,inf
4ZN7,decoy346,DES_redock_4ZN7,0.4959,3.4248,inf
4ZN7,decoy358,DES_redock_4ZN7,0.4935,3.2807,inf
4ZN7,decoy53,DES_redock_4ZN7,0.4928,3.0982,inf
4ZN7,decoy103,DES_redock_4ZN7,0.4910,3.3296,inf
4ZN7,decoy424,DES_redock_4ZN7,0.4892,2.9784,inf
4ZN7,decoy176,DES_redock_4ZN7,0.4880,3.3440,inf
4ZN7,decoy210,DES_redock_4ZN7,0.4880,3.5515,inf
4ZN7,decoy17,DES_redock_4ZN7,0.4877,3.5155,inf
4ZN7,decoy313,DES_redock_4ZN7,0.4872,3.7226,inf
4ZN7,decoy70,DES_redock_4ZN7,0.4871,2.9239,inf
4ZN7,decoy390,DES_redock_4ZN7,0.4870,3.7265,inf
4ZN7,decoy106,DES_redock_4ZN7,0.4869,3.3137,inf
4ZN7,115-86-6_min,DES_redock_4ZN7,0.4865,3.0054,inf
4ZN7,decoy348,DES_redock_4ZN7,0.4858,2.8050,inf
4ZN7,decoy343,DES_redock_4ZN7,0.4854,3.3953,inf
4ZN7,decoy286,DES_redock_4ZN7,0.4839,3.3452,inf
4ZN7,decoy341,DES_redock_4ZN7,0.4820,3.5152,inf
4ZN7,decoy214,DES_redock_4ZN7,0.4812,3.4781,inf
4ZN7,decoy177,DES_redock_4ZN7,0.4806,3.0564,inf
4ZN7,decoy303,DES_redock_4ZN7,0.4797,2.8994,inf
4ZN7,decoy179,DES_redock_4ZN7,0.4785,3.3003,inf
4ZN7,decoy139,DES_redock_4ZN7,0.4775,3.4301,inf
4ZN7,decoy124,DES_redock_4ZN7,0.4775,3.0819,inf
4ZN7,decoy256,DES_redock_4ZN7,0.4768,3.1414,inf
4ZN7,decoy314,DES_redock_4ZN7,0.4737,3.1336,inf
4ZN7,decoy73,DES_redock_4ZN7,0.4733,2.3613,inf
4ZN7,decoy402,DES_redock_4ZN7,0.4728,3.2992,inf
4ZN7,decoy433,DES_redock_4ZN7,0.4719,3.2453,inf
4ZN7,decoy398,DES_redock_4ZN7,0.4681,3.1367,inf
4ZN7,decoy167,DES_redock_4ZN7,0.4667,3.3386,inf
4ZN7,decoy119,DES_redock_4ZN7,0.4637,3.1308,inf
4ZN7,decoy418,DES_redock_4ZN7,0.4631,3.2534,inf
4ZN7,decoy319,DES_redock_4ZN7,0.4628,3.2669,inf
4ZN7,decoy335,DES_redock_4ZN7,0.4624,3.3849,inf
4ZN7,decoy20,DES_redock_4ZN7,0.4609,3.1175,inf
4ZN7,decoy327,DES_redock_4ZN7,0.4587,2.9468,inf
4ZN7,decoy80,DES_redock_4ZN7,0.4559,3.0874,inf
4ZN7,decoy350,DES_redock_4ZN7,0.4547,2.7045,inf
4ZN7,decoy135,DES_redock_4ZN7,0.4521,3.2502,inf
4ZN7,decoy294,DES_redock_4ZN7,0.4512,2.8712,inf
4ZN7,decoy352,DES_redock_4ZN7,0.4511,3.2903,inf
4ZN7,decoy339,DES_redock_4ZN7,0.4499,3.1769,inf
4ZN7,decoy342,DES_redock_4ZN7,0.4481,3.2341,inf
4ZN7,decoy430,DES_redock_4ZN7,0.4462,3.1790,inf
4ZN7,decoy285,DES_redock_4ZN7,0.4456,3.2113,inf
4ZN7,decoy100,DES_redock_4ZN7,0.4453,3.0066,inf
4ZN7,decoy353,DES_redock_4ZN7,0.4423,3.1975,inf
4ZN7,decoy412,DES_redock_4ZN7,0.4412,3.0661,inf
4ZN7,decoy127,DES_redock_4ZN7,0.4390,3.1250,inf
4ZN7,decoy383,DES_redock_4ZN7,0.4360,2.8030,inf
4ZN7,decoy229,DES_redock_4ZN7,0.4356,2.9727,inf
4ZN7,decoy126,DES_redock_4ZN7,0.4326,2.9404,inf
4ZN7,decoy66,DES_redock_4ZN7,0.4261,2.3216,inf
4ZN7,decoy198,DES_redock_4ZN7,0.4250,2.8870,inf
4ZN7,decoy97,DES_redock_4ZN7,0.4219,2.6435,inf
4ZN7,decoy148,DES_redock_4ZN7,0.4217,2.5904,inf
4ZN7,decoy140,DES_redock_4ZN7,0.4212,2.9718,inf
4ZN7,decoy225,DES_redock_4ZN7,0.4210,2.9686,inf
4ZN7,decoy74,DES_redock_4ZN7,0.4183,2.9131,inf
4ZN7,decoy133,DES_redock_4ZN7,0.4175,2.7089,inf
4ZN7,decoy233,DES_redock_4ZN7,0.4168,2.7131,inf
4ZN7,decoy293,DES_redock_4ZN7,0.4131,2.8996,inf
4ZN7,decoy338,DES_redock_4ZN7,0.4089,2.7411,inf
4ZN7,decoy379,DES_redock_4ZN7,0.4087,2.8634,inf
4ZN7,decoy306,DES_redock_4ZN7,0.4078,2.8552,inf
4ZN7,decoy117,DES_redock_4ZN7,0.4077,2.5467,inf
4ZN7,decoy55,DES_redock_4ZN7,0.4069,2.8503,inf
4ZN7,decoy401,DES_redock_4ZN7,0.4061,2.7262,inf
4ZN7,decoy284,DES_redock_4ZN7,0.3998,2.7771,inf
4ZN7,decoy371,DES_redock_4ZN7,0.3984,2.6378,inf
4ZN7,decoy65,DES_redock_4ZN7,0.3979,2.7878,inf
4ZN7,decoy88,DES_redock_4ZN7,0.3968,2.7557,inf
4ZN7,decoy232,DES_redock_4ZN7,0.3945,2.4760,inf
4ZN7,83-46-5_min,DES_redock_4ZN7,0.3931,3.1083,inf
4ZN7,decoy290,DES_redock_4ZN7,0.3886,2.3362,inf
4ZN7,decoy423,DES_redock_4ZN7,0.3871,2.6450,inf
4ZN7,decoy149,DES_redock_4ZN7,0.3863,2.4639,inf
4ZN7,decoy360,DES_redock_4ZN7,0.3850,2.7576,inf
4ZN7,decoy137,DES_redock_4ZN7,0.3844,2.5911,inf
4ZN7,decoy340,DES_redock_4ZN7,0.3835,2.7561,inf
4ZN7,decoy354,DES_redock_4ZN7,0.3825,2.6361,inf
4ZN7,decoy378,DES_redock_4ZN7,0.3783,2.4945,inf
4ZN7,decoy98,DES_redock_4ZN7,0.3763,2.4469,inf
4ZN7,decoy152,DES_redock_4ZN7,0.3749,2.5541,inf
4ZN7,50-02-2_min,DES_redock_4ZN7,0.3746,2.6954,inf
4ZN7,decoy315,DES_redock_4ZN7,0.3742,2.6506,inf
4ZN7,decoy347,DES_redock_4ZN7,0.3708,2.3922,inf
4ZN7,decoy254,DES_redock_4ZN7,0.3695,2.1263,inf
4ZN7,decoy188,DES_redock_4ZN7,0.3690,2.5008,inf
4ZN7,decoy380,DES_redock_4ZN7,0.3669,2.2845,inf
4ZN7,decoy426,DES_redock_4ZN7,0.3637,2.4884,inf
4ZN7,decoy47,DES_redock_4ZN7,0.3613,2.3805,inf
4ZN7,decoy333,DES_redock_4ZN7,0.3608,2.3788,inf
4ZN7,decoy391,DES_redock_4ZN7,0.3588,2.4459,inf
4ZN7,decoy366,DES_redock_4ZN7,0.3577,2.2625,inf
4ZN7,decoy170,DES_redock_4ZN7,0.3525,2.1789,inf
4ZN7,decoy247,DES_redock_4ZN7,0.3507,2.3488,inf
4ZN7,decoy421,DES_redock_4ZN7,0.3504,2.0863,inf
4ZN7,decoy276,DES_redock_4ZN7,0.3439,2.2668,inf
4ZN7,decoy237,DES_redock_4ZN7,0.3420,2.3194,inf
4ZN7,decoy215,DES_redock_4ZN7,0.3369,2.1743,inf
4ZN7,decoy337,DES_redock_4ZN7,0.3365,2.3950,inf
4ZN7,decoy86,DES_redock_4ZN7,0.3328,2.2786,inf
4ZN7,decoy143,DES_redock_4ZN7,0.3309,2.3393,inf
4ZN7,decoy211,DES_redock_4ZN7,0.3303,2.3343,inf
4ZN7,decoy91,DES_redock_4ZN7,0.3278,2.2669,inf
4ZN7,decoy115,DES_redock_4ZN7,0.3229,2.0840,inf
4ZN7,decoy321,DES_redock_4ZN7,0.3195,2.3716,inf
4ZN7,decoy264,DES_redock_4ZN7,0.3149,2.1596,inf
4ZN7,decoy182,DES_redock_4ZN7,0.3109,2.0286,inf
4ZN7,decoy323,DES_redock_4ZN7,0.3071,1.8942,inf
4ZN7,decoy372,DES_redock_4ZN7,0.3004,1.8040,inf
4ZN7,decoy161,DES_redock_4ZN7,0.2990,2.0279,inf
4ZN7,decoy181,DES_redock_4ZN7,0.2781,1.8469,inf
4ZN7,decoy432,DES_redock_4ZN7,0.2771,1.7473,inf
4ZN7,decoy96,DES_redock_4ZN7,0.2684,1.7955,inf
4ZN7,1845-11-0_min,DES_redock_4ZN7,0.2671,1.9879,inf
4ZN7,decoy395,DES_redock_4ZN7,0.2655,1.7259,inf
4ZN7,57-88-5_min,DES_redock_4ZN7,0.2648,1.9943,inf
4ZN7,decoy385,DES_redock_4ZN7,0.2622,1.8124,inf
4ZN7,decoy310,DES_redock_4ZN7,0.2617,1.7140,inf
4ZN7,decoy370,DES_redock_4ZN7,0.2589,1.7996,inf
4ZN7,decoy377,DES_redock_4ZN7,0.2574,1.6656,inf
4ZN7,decoy58,DES_redock_4ZN7,0.2476,1.7056,inf
4ZN7,decoy369,DES_redock_4ZN7,0.2143,1.2717,inf
4ZN7,decoy278,DES_redock_4ZN7,0.1823,1.1981,inf
4ZN7,decoy324,DES_redock_4ZN7,0.1796,1.2097,inf
6CBZ,53-16-7_min,EST_redock_6CBZ,0.9874,7.9654,0.5623
6CBZ,67651-34-7_min,EST_redock_6CBZ,0.9874,7.8846,inf
6CBZ,474-86-2_min,EST_redock_6CBZ,0.9870,7.9257,0.7749
6CBZ,3601-97-6_min,EST_redock_6CBZ,0.9866,7.9945,inf
6CBZ,50-28-2_min,EST_redock_6CBZ,0.9833,8.2554,0.5213
6CBZ,EST_min,EST_redock_6CBZ,0.9833,8.2554,0.5213
6CBZ,57-91-0_min,EST_redock_6CBZ,0.9790,8.1477,0.6064
6CBZ,50-27-1_min,EST_redock_6CBZ,0.9752,7.9621,0.4214
6CBZ,53-63-4_min,EST_redock_6CBZ,0.9643,7.6754,inf
6CBZ,53-19-0_min,EST_redock_6CBZ,0.9612,6.9503,inf
6CBZ,decoy166,EST_redock_6CBZ,0.9608,7.8417,inf
6CBZ,decoy78,EST_redock_6CBZ,0.9576,7.3723,inf
6CBZ,53-45-2_min,EST_redock_6CBZ,0.9544,6.9050,inf
6CBZ,decoy168,EST_redock_6CBZ,0.9538,7.1095,inf
6CBZ,65118-81-2_min,EST_redock_6CBZ,0.9527,7.0755,inf
6CBZ,5976-61-4_min,EST_redock_6CBZ,0.9525,7.5988,0.4482
6CBZ,84-16-2_min,EST_redock_6CBZ,0.9516,7.8213,inf
6CBZ,571-20-0_min,EST_redock_6CBZ,0.9515,8.0801,0.4491
6CBZ,53905-28-5_min,EST_redock_6CBZ,0.9513,6.8666,inf
6CBZ,56-53-1_min,EST_redock_6CBZ,0.9503,7.7402,inf
6CBZ,521-18-6_min,EST_redock_6CBZ,0.9475,7.6383,0.4174
6CBZ,1229-24-9_min,EST_redock_6CBZ,0.9469,7.5599,0.3606
6CBZ,789-02-6_min,EST_redock_6CBZ,0.9451,7.0465,inf
6CBZ,2529-64-8_min,EST_redock_6CBZ,0.9434,7.1132,inf
6CBZ,decoy245,EST_redock_6CBZ,0.9405,7.1959,inf
6CBZ,DES_min,EST_redock_6CBZ,0.9384,7.6916,inf
6CBZ,84-17-3_min,EST_redock_6CBZ,0.9376,7.7568,inf
6CBZ,5153-25-3_min,EST_redock_6CBZ,0.9329,6.6930,inf
6CBZ,decoy13,EST_redock_6CBZ,0.9318,6.9474,inf
6CBZ,decoy417,EST_redock_6CBZ,0.9305,6.5586,inf
6CBZ,362-05-0_min,EST_redock_6CBZ,0.9303,7.4451,0.6157
6CBZ,decoy18,EST_redock_6CBZ,0.9299,4.4002,inf
6CBZ,2971-36-0_min,EST_redock_6CBZ,0.9294,7.3390,inf
6CBZ,decoy309,EST_redock_6CBZ,0.9262,6.2469,inf
6CBZ,decoy336,EST_redock_6CBZ,0.9254,7.0344,inf
6CBZ,decoy1,EST_redock_6CBZ,0.9235,6.3880,inf
6CBZ,104-43-8_min,EST_redock_6CBZ,0.9230,7.1888,inf
6CBZ,27K_min,EST_redock_6CBZ,0.9211,5.4796,inf
6CBZ,94-26-8_min,EST_redock_6CBZ,0.9211,5.4796,inf
6CBZ,decoy190,EST_redock_6CBZ,0.9195,6.8832,inf
6CBZ,6554-98-9_min,EST_redock_6CBZ,0.9194,6.3663,inf
6CBZ,84-69-5_min,EST_redock_6CBZ,0.9179,4.9086,inf
6CBZ,72-54-8_min,EST_redock_6CBZ,0.9153,6.2178,inf
6CBZ,decoy206,EST_redock_6CBZ,0.9145,6.2001,inf
6CBZ,123-07-9_min,EST_redock_6CBZ,0.9137,4.6779,inf
6CBZ,120-47-8_min,EST_redock_6CBZ,0.9129,4.7849,inf
6CBZ,decoy410,EST_redock_6CBZ,0.9124,6.2695,inf
6CBZ,94-13-3_min,EST_redock_6CBZ,0.9115,5.2351,inf
6CBZ,599-64-4_min,EST_redock_6CBZ,0.9108,6.1843,inf
6CBZ,decoy263,EST_redock_6CBZ,0.9101,6.1330,inf
6CBZ,59-50-7_min,EST_redock_6CBZ,0.9088,4.4949,inf
6CBZ,28463-03-8_min,EST_redock_6CBZ,0.9086,6.9878,inf
6CBZ,659-22-3_min,EST_redock_6CBZ,0.9059,6.7715,inf
6CBZ,75938-34-0_min,EST_redock_6CBZ,0.9044,6.9425,inf
6CBZ,Testosterone_min,EST_redock_6CBZ,0.9043,7.2466,0.6536
6CBZ,58-22-0_min,EST_redock_6CBZ,0.9043,7.2466,0.6536
6CBZ,1570-64-5_min,EST_redock_6CBZ,0.9031,4.2393,inf
6CBZ,decoy48,EST_redock_6CBZ,0.9022,5.8607,inf
6CBZ,decoy185,EST_redock_6CBZ,0.9021,6.6739,inf
6CBZ,99-71-8_min,EST_redock_6CBZ,0.9021,5.3117,inf
6CBZ,decoy312,EST_redock_6CBZ,0.9018,7.2432,inf
6CBZ,decoy174,EST_redock_6CBZ,0.9007,6.3357,inf
6CBZ,decoy173,EST_redock_6CBZ,0.8999,6.7397,inf
6CBZ,580-51-8_min,EST_redock_6CBZ,0.8996,5.0203,inf
6CBZ,decoy60,EST_redock_6CBZ,0.8990,5.6297,inf
6CBZ,decoy434,EST_redock_6CBZ,0.8979,6.1812,inf
6CBZ,decoy331,EST_redock_6CBZ,0.8973,7.4011,inf
6CBZ,27L_min,EST_redock_6CBZ,0.8972,6.2809,inf
6CBZ,140-66-9_min,EST_redock_6CBZ,0.8972,6.2809,inf
6CBZ,28034-99-3_min,EST_redock_6CBZ,0.8955,5.7834,inf
6CBZ,98-54-4_min,EST_redock_6CBZ,0.8938,5.1406,inf
6CBZ,57-63-6_min,EST_redock_6CBZ,0.8922,7.3047,0.8486
6CBZ,EE2_min,EST_redock_6CBZ,0.8922,7.3047,0.8486
6CBZ,decoy123,EST_redock_6CBZ,0.8921,6.8749,inf
6CBZ,decoy244,EST_redock_6CBZ,0.8916,6.6456,inf
6CBZ,decoy268,EST_redock_6CBZ,0.8907,5.9506,inf
6CBZ,80-46-6_min,EST_redock_6CBZ,0.8899,5.5335,inf
6CBZ,decoy397,EST_redock_6CBZ,0.8892,6.2135,inf
6CBZ,decoy253,EST_redock_6CBZ,0.8860,5.8308,inf
6CBZ,decoy21,EST_redock_6CBZ,0.8857,6.0041,inf
6CBZ,103-16-2_min,EST_redock_6CBZ,0.8851,5.2663,inf
6CBZ,1806-26-4_min,EST_redock_6CBZ,0.8839,6.3624,inf
6CBZ,decoy71,EST_redock_6CBZ,0.8833,6.3397,inf
6CBZ,decoy193,EST_redock_6CBZ,0.8822,6.2898,inf
6CBZ,218-01-9_min,EST_redock_6CBZ,0.8816,5.5328,inf
6CBZ,decoy57,EST_redock_6CBZ,0.8802,6.4597,inf
6CBZ,92-69-3_min,EST_redock_6CBZ,0.8802,4.9322,inf
6CBZ,99-76-3_min,EST_redock_6CBZ,0.8797,4.4894,inf
6CBZ,decoy388,EST_redock_6CBZ,0.8796,5.7086,inf
6CBZ,decoy240,EST_redock_6CBZ,0.8785,5.9005,inf
6CBZ,decoy72,EST_redock_6CBZ,0.8777,7.0325,inf
6CBZ,6052-84-2_min,EST_redock_6CBZ,0.8776,6.3781,inf
6CBZ,decoy81,EST_redock_6CBZ,0.8769,6.2790,inf
6CBZ,decoy368,EST_redock_6CBZ,0.8755,6.4892,inf
6CBZ,34816-55-2_min,EST_redock_6CBZ,0.8752,7.4315,0.8863
6CBZ,decoy99,EST_redock_6CBZ,0.8751,6.6554,inf
6CBZ,243-17-4_min,EST_redock_6CBZ,0.8737,5.4060,inf
6CBZ,decoy187,EST_redock_6CBZ,0.8733,5.7004,inf
6CBZ,77-40-7_min,EST_redock_6CBZ,0.8721,6.3624,inf
6CBZ,58-72-0_min,EST_redock_6CBZ,0.8713,5.7653,inf
6CBZ,decoy54,EST_redock_6CBZ,0.8687,6.2216,inf
6CBZ,1085-12-7_min,EST_redock_6CBZ,0.8685,5.8986,inf
6CBZ,94-18-8_min,EST_redock_6CBZ,0.8674,5.7013,inf
6CBZ,5394-98-9_min,EST_redock_6CBZ,0.8651,5.6915,inf
6CBZ,481-30-1_min,EST_redock_6CBZ,0.8622,6.6270,0.8042
6CBZ,13037-86-0_min,EST_redock_6CBZ,0.8618,5.8081,inf
6CBZ,decoy227,EST_redock_6CBZ,0.8601,5.9814,inf
6CBZ,decoy87,EST_redock_6CBZ,0.8590,5.9061,inf
6CBZ,94-25-7_min,EST_redock_6CBZ,0.8575,4.7439,inf
6CBZ,decoy265,EST_redock_6CBZ,0.8559,6.0841,inf
6CBZ,131-56-6_min,EST_redock_6CBZ,0.8552,4.8630,inf
6CBZ,decoy189,EST_redock_6CBZ,0.8552,6.0067,inf
6CBZ,decoy269,EST_redock_6CBZ,0.8542,6.0744,inf
6CBZ,decoy94,EST_redock_6CBZ,0.8541,6.4503,inf
6CBZ,decoy259,EST_redock_6CBZ,0.8534,6.1436,inf
6CBZ,611-99-4_min,EST_redock_6CBZ,0.8534,5.7244,inf
6CBZ,decoy419,EST_redock_6CBZ,0.8527,5.8273,inf
6CBZ,decoy153,EST_redock_6CBZ,0.8498,6.3500,inf
6CBZ,decoy236,EST_redock_6CBZ,0.8491,5.6327,inf
6CBZ,decoy179,EST_redock_6CBZ,0.8490,6.2703,inf
6CBZ,decoy274,EST_redock_6CBZ,0.8461,5.3145,inf
6CBZ,decoy204,EST_redock_6CBZ,0.8456,6.0494,inf
6CBZ,decoy180,EST_redock_6CBZ,0.8439,5.8512,inf
6CBZ,decoy128,EST_redock_6CBZ,0.8421,5.9638,inf
6CBZ,decoy416,EST_redock_6CBZ,0.8416,5.0614,inf
6CBZ,decoy23,EST_redock_6CBZ,0.8379,5.5228,inf
6CBZ,decoy155,EST_redock_6CBZ,0.8376,6.2852,inf
6CBZ,decoy61,EST_redock_6CBZ,0.8362,6.2868,inf
6CBZ,decoy34,EST_redock_6CBZ,0.8330,5.9343,inf
6CBZ,80-05-7_min,EST_redock_6CBZ,0.8313,5.9759,inf
6CBZ,2OH_min,EST_redock_6CBZ,0.8313,5.9759,inf
6CBZ,97-54-1_min,EST_redock_6CBZ,0.8303,4.3845,inf
6CBZ,decoy291,EST_redock_6CBZ,0.8294,5.5541,inf
6CBZ,decoy282,EST_redock_6CBZ,0.8276,5.8492,inf
6CBZ,decoy375,EST_redock_6CBZ,0.8264,6.2091,inf
6CBZ,decoy63,EST_redock_6CBZ,0.8253,5.2149,inf
6CBZ,decoy250,EST_redock_6CBZ,0.8191,5.5597,inf
6CBZ,decoy345,EST_redock_6CBZ,0.8191,6.2237,inf
6CBZ,decoy6,EST_redock_6CBZ,0.8190,5.0784,inf
6CBZ,decoy93,EST_redock_6CBZ,0.8187,4.8631,inf
6CBZ,decoy273,EST_redock_6CBZ,0.8152,6.0145,inf
6CBZ,72-43-5_min,EST_redock_6CBZ,0.8151,5.5525,inf
6CBZ,decoy329,EST_redock_6CBZ,0.8126,6.5524,inf
6CBZ,decoy280,EST_redock_6CBZ,0.8123,5.8823,inf
6CBZ,decoy261,EST_redock_6CBZ,0.8115,5.5562,inf
6CBZ,decoy330,EST_redock_6CBZ,0.8115,6.2763,inf
6CBZ,1852-53-5_min,EST_redock_6CBZ,0.8099,6.2553,0.8978
6CBZ,decoy288,EST_redock_6CBZ,0.8090,5.6807,inf
6CBZ,85-68-7_min,EST_redock_6CBZ,0.8085,5.1112,inf
6CBZ,decoy178,EST_redock_6CBZ,0.8074,5.6150,inf
6CBZ,decoy431,EST_redock_6CBZ,0.8067,5.9846,inf
6CBZ,decoy28,EST_redock_6CBZ,0.8066,6.2757,inf
6CBZ,decoy239,EST_redock_6CBZ,0.8060,5.4952,inf
6CBZ,decoy169,EST_redock_6CBZ,0.8032,5.2175,inf
6CBZ,decoy279,EST_redock_6CBZ,0.8017,5.5015,inf
6CBZ,decoy156,EST_redock_6CBZ,0.8003,5.5406,inf
6CBZ,84-74-2_min,EST_redock_6CBZ,0.8000,4.6120,inf
6CBZ,90-43-7_min,EST_redock_6CBZ,0.7994,3.9359,inf
6CBZ,decoy361,EST_redock_6CBZ,0.7981,6.0826,inf
6CBZ,decoy266,EST_redock_6CBZ,0.7975,5.8413,inf
6CBZ,27M_min,EST_redock_6CBZ,0.7969,4.9555,inf
6CBZ,decoy171,EST_redock_6CBZ,0.7957,4.8192,inf
6CBZ,92-04-6_min,EST_redock_6CBZ,0.7956,4.8284,inf
6CBZ,decoy230,EST_redock_6CBZ,0.7950,5.0992,inf
6CBZ,decoy75,EST_redock_6CBZ,0.7947,5.3878,inf
6CBZ,decoy175,EST_redock_6CBZ,0.7938,5.3314,inf
6CBZ,36J_min,EST_redock_6CBZ,0.7926,5.5448,inf
6CBZ,911-45-5_min,EST_redock_6CBZ,0.7914,5.8157,inf
6CBZ,decoy184,EST_redock_6CBZ,0.7884,5.6038,inf
6CBZ,decoy381,EST_redock_6CBZ,0.7881,5.7297,inf
6CBZ,500-38-9_min,EST_redock_6CBZ,0.7876,5.4956,inf
6CBZ,97-53-0_min,EST_redock_6CBZ,0.7871,4.6057,inf
6CBZ,decoy258,EST_redock_6CBZ,0.7863,5.3856,inf
6CBZ,decoy29,EST_redock_6CBZ,0.7860,5.1511,inf
6CBZ,decoy428,EST_redock_6CBZ,0.7845,5.3794,inf
6CBZ,25154-52-3_min,EST_redock_6CBZ,0.7842,5.5286,inf
6CBZ,57-83-0_min,EST_redock_6CBZ,0.7816,6.1158,inf
6CBZ,50-29-3_min,EST_redock_6CBZ,0.7810,5.7235,inf
6CBZ,decoy305,EST_redock_6CBZ,0.7800,5.9209,inf
6CBZ,decoy92,EST_redock_6CBZ,0.7797,5.5032,inf
6CBZ,126-00-1_min,EST_redock_6CBZ,0.7793,5.5984,inf
6CBZ,decoy186,EST_redock_6CBZ,0.7752,5.6367,inf
6CBZ,decoy130,EST_redock_6CBZ,0.7730,5.3080,inf
6CBZ,decoy64,EST_redock_6CBZ,0.7706,5.1451,inf
6CBZ,80-09-1_min,EST_redock_6CBZ,0.7694,4.9020,inf
6CBZ,decoy118,EST_redock_6CBZ,0.7690,5.6924,inf
6CBZ,81-90-3_min,EST_redock_6CBZ,0.7665,5.4326,inf
6CBZ,decoy32,EST_redock_6CBZ,0.7654,5.5179,inf
6CBZ,decoy183,EST_redock_6CBZ,0.7640,5.2405,inf
6CBZ,decoy216,EST_redock_6CBZ,0.7632,5.5243,inf
6CBZ,decoy191,EST_redock_6CBZ,0.7617,5.1976,inf
6CBZ,decoy407,EST_redock_6CBZ,0.7599,5.3136,inf
6CBZ,decoy243,EST_redock_6CBZ,0.7598,5.4053,inf
6CBZ,decoy226,EST_redock_6CBZ,0.7598,5.2554,inf
6CBZ,decoy76,EST_redock_6CBZ,0.7587,5.0424,inf
6CBZ,decoy224,EST_redock_6CBZ,0.7583,4.9615,inf
6CBZ,decoy15,EST_redock_6CBZ,0.7582,4.9353,inf
6CBZ,58-89-9_min,EST_redock_6CBZ,0.7551,4.5239,inf
6CBZ,3434-79-5_min,EST_redock_6CBZ,0.7547,5.9969,6.2293
6CBZ,50-22-6_min,EST_redock_6CBZ,0.7540,5.5686,inf
6CBZ,decoy429,EST_redock_6CBZ,0.7515,5.5193,inf
6CBZ,decoy36,EST_redock_6CBZ,0.7510,5.4161,inf
6CBZ,decoy85,EST_redock_6CBZ,0.7477,5.3338,inf
6CBZ,decoy304,EST_redock_6CBZ,0.7472,5.1704,inf
6CBZ,decoy176,EST_redock_6CBZ,0.7446,5.0786,inf
6CBZ,decoy62,EST_redock_6CBZ,0.7426,4.5636,inf
6CBZ,decoy24,EST_redock_6CBZ,0.7392,5.3531,inf
6CBZ,decoy42,EST_redock_6CBZ,0.7392,4.8991,inf
6CBZ,decoy231,EST_redock_6CBZ,0.7378,5.3311,inf
6CBZ,decoy235,EST_redock_6CBZ,0.7367,5.2214,inf
6CBZ,decoy393,EST_redock_6CBZ,0.7300,4.7213,inf
6CBZ,decoy425,EST_redock_6CBZ,0.7297,5.1168,inf
6CBZ,decoy257,EST_redock_6CBZ,0.7285,5.5444,inf
6CBZ,decoy44,EST_redock_6CBZ,0.7275,4.9295,inf
6CBZ,decoy101,EST_redock_6CBZ,0.7270,4.7845,inf
6CBZ,decoy55,EST_redock_6CBZ,0.7263,5.0984,inf
6CBZ,decoy246,EST_redock_6CBZ,0.7263,5.1840,inf
6CBZ,decoy359,EST_redock_6CBZ,0.7259,4.6243,inf
6CBZ,decoy121,EST_redock_6CBZ,0.7258,4.8500,inf
6CBZ,68-23-5_min,EST_redock_6CBZ,0.7239,5.6239,0.8720
6CBZ,5108-94-1_min,EST_redock_6CBZ,0.7186,5.6511,6.2308
6CBZ,decoy111,EST_redock_6CBZ,0.7164,4.4363,inf
6CBZ,decoy255,EST_redock_6CBZ,0.7164,4.8040,inf
6CBZ,decoy411,EST_redock_6CBZ,0.7158,4.8567,inf
6CBZ,decoy107,EST_redock_6CBZ,0.7144,5.6760,inf
6CBZ,143-74-8_min,EST_redock_6CBZ,0.7140,4.9461,inf
6CBZ,decoy151,EST_redock_6CBZ,0.7095,5.0208,inf
6CBZ,7773-34-4_min,EST_redock_6CBZ,0.7094,5.2515,inf
6CBZ,571-22-2_min,EST_redock_6CBZ,0.7094,5.4329,1.2020
6CBZ,decoy322,EST_redock_6CBZ,0.7053,5.1600,inf
6CBZ,decoy3,EST_redock_6CBZ,0.7040,4.3923,inf
6CBZ,decoy5,EST_redock_6CBZ,0.7029,5.0777,inf
6CBZ,decoy213,EST_redock_6CBZ,0.7013,5.0202,inf
6CBZ,decoy27,EST_redock_6CBZ,0.7010,5.0187,inf
6CBZ,decoy313,EST_redock_6CBZ,0.6996,5.4077,inf
6CBZ,decoy196,EST_redock_6CBZ,0.6993,4.6756,inf
6CBZ,decoy251,EST_redock_6CBZ,0.6985,4.5003,inf
6CBZ,decoy112,EST_redock_6CBZ,0.6978,5.0925,inf
6CBZ,27J_min,EST_redock_6CBZ,0.6975,4.6609,inf
6CBZ,decoy384,EST_redock_6CBZ,0.6967,4.9618,inf
6CBZ,decoy33,EST_redock_6CBZ,0.6955,5.2132,inf
6CBZ,decoy223,EST_redock_6CBZ,0.6950,4.6657,inf
6CBZ,decoy396,EST_redock_6CBZ,0.6946,4.7513,inf
6CBZ,decoy272,EST_redock_6CBZ,0.6919,3.8547,inf
6CBZ,decoy84,EST_redock_6CBZ,0.6890,4.7670,inf
6CBZ,decoy389,EST_redock_6CBZ,0.6865,5.0519,inf
6CBZ,decoy37,EST_redock_6CBZ,0.6850,4.2410,inf
6CBZ,decoy144,EST_redock_6CBZ,0.6842,5.1563,inf
6CBZ,decoy376,EST_redock_6CBZ,0.6836,4.5534,inf
6CBZ,decoy197,EST_redock_6CBZ,0.6828,5.1898,inf
6CBZ,decoy45,EST_redock_6CBZ,0.6821,4.3890,inf
6CBZ,decoy43,EST_redock_6CBZ,0.6807,4.4817,inf
6CBZ,decoy382,EST_redock_6CBZ,0.6802,4.8807,inf
6CBZ,decoy298,EST_redock_6CBZ,0.6793,4.5753,inf
6CBZ,decoy294,EST_redock_6CBZ,0.6782,4.3689,inf
6CBZ,decoy349,EST_redock_6CBZ,0.6771,4.8782,inf
6CBZ,decoy132,EST_redock_6CBZ,0.6754,4.7338,inf
6CBZ,60-57-1_min,EST_redock_6CBZ,0.6745,5.1684,inf
6CBZ,decoy4,EST_redock_6CBZ,0.6744,4.5234,inf
6CBZ,decoy73,EST_redock_6CBZ,0.6742,3.4890,inf
6CBZ,decoy50,EST_redock_6CBZ,0.6742,4.8914,inf
6CBZ,decoy404,EST_redock_6CBZ,0.6709,4.5130,inf
6CBZ,decoy160,EST_redock_6CBZ,0.6704,4.7540,inf
6CBZ,decoy284,EST_redock_6CBZ,0.6698,4.7904,inf
6CBZ,decoy41,EST_redock_6CBZ,0.6685,4.3305,inf
6CBZ,207-13-4_min,EST_redock_6CBZ,0.6684,3.9296,inf
6CBZ,decoy12,EST_redock_6CBZ,0.6677,4.4961,inf
6CBZ,decoy290,EST_redock_6CBZ,0.6668,4.0573,inf
6CBZ,decoy281,EST_redock_6CBZ,0.6650,4.4257,inf
6CBZ,Caffeine_min,EST_redock_6CBZ,0.6644,3.3024,inf
6CBZ,decoy205,EST_redock_6CBZ,0.6633,4.3472,inf
6CBZ,decoy30,EST_redock_6CBZ,0.6632,4.5703,inf
6CBZ,decoy363,EST_redock_6CBZ,0.6625,4.7175,inf
6CBZ,121-33-5_min,EST_redock_6CBZ,0.6620,2.9641,inf
6CBZ,72-55-9_min,EST_redock_6CBZ,0.6620,4.4862,inf
6CBZ,2050-68-2_min,EST_redock_6CBZ,0.6608,3.7585,inf
6CBZ,decoy114,EST_redock_6CBZ,0.6593,5.0232,inf
6CBZ,decoy314,EST_redock_6CBZ,0.6588,4.5612,inf
6CBZ,decoy289,EST_redock_6CBZ,0.6584,4.5860,inf
6CBZ,decoy297,EST_redock_6CBZ,0.6584,4.2303,inf
6CBZ,decoy90,EST_redock_6CBZ,0.6571,4.4990,inf
6CBZ,decoy374,EST_redock_6CBZ,0.6528,4.2296,inf
6CBZ,decoy412,EST_redock_6CBZ,0.6514,3.9667,inf
6CBZ,decoy252,EST_redock_6CBZ,0.6505,4.2602,inf
6CBZ,decoy22,EST_redock_6CBZ,0.6491,4.0395,inf
6CBZ,decoy364,EST_redock_6CBZ,0.6482,4.8271,inf
6CBZ,decoy373,EST_redock_6CBZ,0.6462,3.3340,inf
6CBZ,decoy83,EST_redock_6CBZ,0.6458,4.7289,inf
6CBZ,decoy201,EST_redock_6CBZ,0.6456,3.6058,inf
6CBZ,decoy157,EST_redock_6CBZ,0.6453,4.5911,inf
6CBZ,decoy120,EST_redock_6CBZ,0.6452,4.5063,inf
6CBZ,115-29-7_min,EST_redock_6CBZ,0.6406,4.3492,inf
6CBZ,decoy82,EST_redock_6CBZ,0.6402,4.5031,inf
6CBZ,decoy400,EST_redock_6CBZ,0.6402,4.5917,inf
6CBZ,decoy426,EST_redock_6CBZ,0.6388,4.4885,inf
6CBZ,decoy9,EST_redock_6CBZ,0.6386,4.6680,inf
6CBZ,decoy256,EST_redock_6CBZ,0.6386,4.4309,inf
6CBZ,decoy215,EST_redock_6CBZ,0.6377,4.1382,inf
6CBZ,decoy88,EST_redock_6CBZ,0.6373,4.5400,inf
6CBZ,decoy208,EST_redock_6CBZ,0.6372,4.2500,inf
6CBZ,decoy311,EST_redock_6CBZ,0.6368,4.5928,inf
6CBZ,decoy172,EST_redock_6CBZ,0.6365,4.2878,inf
6CBZ,decoy287,EST_redock_6CBZ,0.6363,3.5107,inf
6CBZ,decoy260,EST_redock_6CBZ,0.6337,4.7831,inf
6CBZ,15372-34-6_min,EST_redock_6CBZ,0.6336,4.3636,inf
6CBZ,decoy367,EST_redock_6CBZ,0.6331,4.4780,inf
6CBZ,decoy167,EST_redock_6CBZ,0.6324,4.4227,inf
6CBZ,decoy150,EST_redock_6CBZ,0.6306,4.4297,inf
6CBZ,decoy415,EST_redock_6CBZ,0.6294,4.2368,inf
6CBZ,72-33-3_min,EST_redock_6CBZ,0.6290,4.8885,0.5952
6CBZ,143-50-0_min,EST_redock_6CBZ,0.6273,5.1845,inf
6CBZ,decoy212,EST_redock_6CBZ,0.6256,4.1195,inf
6CBZ,decoy19,EST_redock_6CBZ,0.6247,3.6837,inf
6CBZ,decoy131,EST_redock_6CBZ,0.6247,4.1851,inf
6CBZ,decoy420,EST_redock_6CBZ,0.6221,4.2660,inf
6CBZ,decoy188,EST_redock_6CBZ,0.6209,4.4901,inf
6CBZ,decoy105,EST_redock_6CBZ,0.6195,3.9298,inf
6CBZ,decoy264,EST_redock_6CBZ,0.6192,4.3500,inf
6CBZ,decoy7,EST_redock_6CBZ,0.6185,4.3099,inf
6CBZ,decoy113,EST_redock_6CBZ,0.6174,4.4412,inf
6CBZ,decoy362,EST_redock_6CBZ,0.6163,4.3902,inf
6CBZ,decoy38,EST_redock_6CBZ,0.6153,3.7386,inf
6CBZ,decoy248,EST_redock_6CBZ,0.6136,3.9292,inf
6CBZ,decoy355,EST_redock_6CBZ,0.6123,4.2300,inf
6CBZ,decoy249,EST_redock_6CBZ,0.6119,3.9012,inf
6CBZ,decoy116,EST_redock_6CBZ,0.6105,4.1234,inf
6CBZ,140-10-3_min,EST_redock_6CBZ,0.6095,2.7333,inf
6CBZ,decoy145,EST_redock_6CBZ,0.6077,4.2053,inf
6CBZ,decoy140,EST_redock_6CBZ,0.6056,4.1114,inf
6CBZ,decoy306,EST_redock_6CBZ,0.6049,4.4658,inf
6CBZ,decoy207,EST_redock_6CBZ,0.6031,3.8973,inf
6CBZ,decoy46,EST_redock_6CBZ,0.6031,4.0692,inf
6CBZ,decoy56,EST_redock_6CBZ,0.6014,3.3459,inf
6CBZ,603-45-2_min,EST_redock_6CBZ,0.6000,4.6246,inf
6CBZ,decoy394,EST_redock_6CBZ,0.5998,4.3787,inf
6CBZ,decoy242,EST_redock_6CBZ,0.5974,3.8871,inf
6CBZ,decoy141,EST_redock_6CBZ,0.5973,4.0145,inf
6CBZ,decoy125,EST_redock_6CBZ,0.5940,3.9560,inf
6CBZ,decoy11,EST_redock_6CBZ,0.5939,4.0605,inf
6CBZ,decoy68,EST_redock_6CBZ,0.5906,3.9288,inf
6CBZ,decoy220,EST_redock_6CBZ,0.5896,4.2295,inf
6CBZ,decoy317,EST_redock_6CBZ,0.5887,4.0912,inf
6CBZ,decoy401,EST_redock_6CBZ,0.5884,4.0476,inf
6CBZ,decoy421,EST_redock_6CBZ,0.5870,3.6713,inf
6CBZ,decoy219,EST_redock_6CBZ,0.5869,4.1564,inf
6CBZ,decoy320,EST_redock_6CBZ,0.5860,4.2890,inf
6CBZ,115-86-6_min,EST_redock_6CBZ,0.5854,3.5940,inf
6CBZ,decoy31,EST_redock_6CBZ,0.5854,3.8294,inf
6CBZ,decoy302,EST_redock_6CBZ,0.5838,3.6412,inf
6CBZ,decoy102,EST_redock_6CBZ,0.5834,4.0290,inf
6CBZ,131-57-7_min,EST_redock_6CBZ,0.5832,3.1983,inf
6CBZ,77-09-8_min,EST_redock_6CBZ,0.5824,3.9349,inf
6CBZ,decoy385,EST_redock_6CBZ,0.5805,4.3652,inf
6CBZ,decoy95,EST_redock_6CBZ,0.5803,3.8564,inf
6CBZ,decoy338,EST_redock_6CBZ,0.5802,3.7384,inf
6CBZ,decoy80,EST_redock_6CBZ,0.5787,4.0650,inf
6CBZ,decoy342,EST_redock_6CBZ,0.5773,4.2363,inf
6CBZ,decoy2,EST_redock_6CBZ,0.5771,3.8577,inf
6CBZ,decoy164,EST_redock_6CBZ,0.5761,3.6662,inf
6CBZ,decoy25,EST_redock_6CBZ,0.5759,4.1773,inf
6CBZ,decoy14,EST_redock_6CBZ,0.5749,4.0157,inf
6CBZ,decoy52,EST_redock_6CBZ,0.5749,3.5495,inf
6CBZ,decoy67,EST_redock_6CBZ,0.5741,3.5980,inf
6CBZ,decoy154,EST_redock_6CBZ,0.5733,3.8648,inf
6CBZ,decoy211,EST_redock_6CBZ,0.5728,3.2440,inf
6CBZ,decoy49,EST_redock_6CBZ,0.5700,3.6902,inf
6CBZ,decoy203,EST_redock_6CBZ,0.5698,3.8447,inf
6CBZ,decoy69,EST_redock_6CBZ,0.5687,3.9781,inf
6CBZ,decoy51,EST_redock_6CBZ,0.5681,4.0195,inf
6CBZ,decoy392,EST_redock_6CBZ,0.5663,3.6879,inf
6CBZ,decoy91,EST_redock_6CBZ,0.5661,3.9444,inf
6CBZ,decoy334,EST_redock_6CBZ,0.5658,4.3114,inf
6CBZ,decoy146,EST_redock_6CBZ,0.5654,3.9947,inf
6CBZ,decoy308,EST_redock_6CBZ,0.5647,3.8714,inf
6CBZ,decoy278,EST_redock_6CBZ,0.5614,3.6130,inf
6CBZ,decoy275,EST_redock_6CBZ,0.5613,3.9576,inf
6CBZ,decoy39,EST_redock_6CBZ,0.5611,4.0206,inf
6CBZ,decoy328,EST_redock_6CBZ,0.5608,4.0985,inf
6CBZ,decoy104,EST_redock_6CBZ,0.5608,3.7157,inf
6CBZ,decoy318,EST_redock_6CBZ,0.5572,4.2044,inf
6CBZ,decoy267,EST_redock_6CBZ,0.5570,3.8002,inf
6CBZ,decoy352,EST_redock_6CBZ,0.5569,4.2483,inf
6CBZ,decoy271,EST_redock_6CBZ,0.5566,4.0026,inf
6CBZ,decoy110,EST_redock_6CBZ,0.5554,3.2483,inf
6CBZ,decoy134,EST_redock_6CBZ,0.5502,3.0945,inf
6CBZ,decoy406,EST_redock_6CBZ,0.5450,3.8512,inf
6CBZ,decoy403,EST_redock_6CBZ,0.5444,3.4544,inf
6CBZ,decoy222,EST_redock_6CBZ,0.5444,3.6552,inf
6CBZ,decoy8,EST_redock_6CBZ,0.5441,3.5325,inf
6CBZ,decoy159,EST_redock_6CBZ,0.5430,3.9830,inf
6CBZ,decoy221,EST_redock_6CBZ,0.5430,3.6028,inf
6CBZ,decoy241,EST_redock_6CBZ,0.5414,3.6584,inf
6CBZ,decoy228,EST_redock_6CBZ,0.5402,3.6726,inf
6CBZ,decoy300,EST_redock_6CBZ,0.5401,3.8548,inf
6CBZ,decoy100,EST_redock_6CBZ,0.5399,3.6683,inf
6CBZ,decoy194,EST_redock_6CBZ,0.5399,4.0376,inf
6CBZ,decoy59,EST_redock_6CBZ,0.5394,3.5458,inf
6CBZ,decoy135,EST_redock_6CBZ,0.5392,3.9628,inf
6CBZ,decoy319,EST_redock_6CBZ,0.5389,3.8685,inf
6CBZ,decoy53,EST_redock_6CBZ,0.5380,3.2220,inf
6CBZ,decoy108,EST_redock_6CBZ,0.5362,3.4956,inf
6CBZ,decoy165,EST_redock_6CBZ,0.5345,3.2212,inf
6CBZ,decoy16,EST_redock_6CBZ,0.5315,3.8179,inf
6CBZ,decoy332,EST_redock_6CBZ,0.5306,3.9161,inf
6CBZ,decoy152,EST_redock_6CBZ,0.5290,2.8835,inf
6CBZ,decoy295,EST_redock_6CBZ,0.5275,2.9983,inf
6CBZ,decoy315,EST_redock_6CBZ,0.5251,3.6508,inf
6CBZ,decoy408,EST_redock_6CBZ,0.5236,3.8981,inf
6CBZ,decoy40,EST_redock_6CBZ,0.5234,3.7630,inf
6CBZ,decoy143,EST_redock_6CBZ,0.5217,3.5879,inf
6CBZ,decoy198,EST_redock_6CBZ,0.5204,3.6951,inf
6CBZ,decoy195,EST_redock_6CBZ,0.5173,3.7098,inf
6CBZ,decoy109,EST_redock_6CBZ,0.5171,3.3518,inf
6CBZ,decoy162,EST_redock_6CBZ,0.5154,3.3435,inf
6CBZ,decoy214,EST_redock_6CBZ,0.5147,3.6694,inf
6CBZ,decoy20,EST_redock_6CBZ,0.5134,3.4076,inf
6CBZ,decoy422,EST_redock_6CBZ,0.5131,3.6058,inf
6CBZ,Melatonin_min,EST_redock_6CBZ,0.5122,3.1509,inf
6CBZ,decoy390,EST_redock_6CBZ,0.5098,3.8669,inf
6CBZ,decoy418,EST_redock_6CBZ,0.5077,3.5461,inf
6CBZ,decoy192,EST_redock_6CBZ,0.5061,3.6049,inf
6CBZ,decoy386,EST_redock_6CBZ,0.5053,3.3188,inf
6CBZ,decoy199,EST_redock_6CBZ,0.5037,3.5175,inf
6CBZ,decoy414,EST_redock_6CBZ,0.5020,3.3311,inf
6CBZ,decoy356,EST_redock_6CBZ,0.4997,3.3588,inf
6CBZ,decoy427,EST_redock_6CBZ,0.4990,3.1846,inf
6CBZ,decoy296,EST_redock_6CBZ,0.4980,3.7203,inf
6CBZ,decoy413,EST_redock_6CBZ,0.4969,3.0304,inf
6CBZ,decoy103,EST_redock_6CBZ,0.4960,3.4893,inf
6CBZ,decoy307,EST_redock_6CBZ,0.4952,3.7631,inf
6CBZ,decoy301,EST_redock_6CBZ,0.4931,3.6726,inf
6CBZ,decoy117,EST_redock_6CBZ,0.4919,3.1742,inf
6CBZ,decoy254,EST_redock_6CBZ,0.4906,2.7620,inf
6CBZ,decoy234,EST_redock_6CBZ,0.4904,3.5082,inf
6CBZ,decoy337,EST_redock_6CBZ,0.4877,3.5823,inf
6CBZ,decoy270,EST_redock_6CBZ,0.4865,3.1704,inf
6CBZ,decoy276,EST_redock_6CBZ,0.4828,3.1664,inf
6CBZ,decoy47,EST_redock_6CBZ,0.4809,3.2062,inf
6CBZ,decoy124,EST_redock_6CBZ,0.4783,3.1271,inf
6CBZ,decoy348,EST_redock_6CBZ,0.4772,3.2448,inf
6CBZ,decoy424,EST_redock_6CBZ,0.4759,2.5387,inf
6CBZ,decoy326,EST_redock_6CBZ,0.4756,3.6561,inf
6CBZ,decoy409,EST_redock_6CBZ,0.4754,3.4975,inf
6CBZ,decoy398,EST_redock_6CBZ,0.4753,3.1968,inf
6CBZ,decoy247,EST_redock_6CBZ,0.4738,2.9710,inf
6CBZ,decoy96,EST_redock_6CBZ,0.4701,3.2334,inf
6CBZ,50-02-2_min,EST_redock_6CBZ,0.4669,3.4426,6.4950
6CBZ,decoy158,EST_redock_6CBZ,0.4660,2.7120,inf
6CBZ,decoy119,EST_redock_6CBZ,0.4639,3.1484,inf
6CBZ,decoy405,EST_redock_6CBZ,0.4605,2.9332,inf
6CBZ,decoy360,EST_redock_6CBZ,0.4588,3.2404,inf
6CBZ,decoy399,EST_redock_6CBZ,0.4582,2.9199,inf
6CBZ,decoy77,EST_redock_6CBZ,0.4580,3.1099,inf
6CBZ,decoy285,EST_redock_6CBZ,0.4567,3.2453,inf
6CBZ,decoy238,EST_redock_6CBZ,0.4526,3.3849,inf
6CBZ,decoy209,EST_redock_6CBZ,0.4516,2.8685,inf
6CBZ,decoy147,EST_redock_6CBZ,0.4511,3.2008,inf
6CBZ,decoy351,EST_redock_6CBZ,0.4473,2.8329,inf
6CBZ,decoy333,EST_redock_6CBZ,0.4440,2.9568,inf
6CBZ,decoy344,EST_redock_6CBZ,0.4411,3.0229,inf
6CBZ,decoy316,EST_redock_6CBZ,0.4408,3.3848,inf
6CBZ,decoy343,EST_redock_6CBZ,0.4398,3.1146,inf
6CBZ,decoy122,EST_redock_6CBZ,0.4369,3.0693,inf
6CBZ,decoy10,EST_redock_6CBZ,0.4348,2.8744,inf
6CBZ,decoy433,EST_redock_6CBZ,0.4332,2.9377,inf
6CBZ,decoy137,EST_redock_6CBZ,0.4327,2.7862,inf
6CBZ,decoy232,EST_redock_6CBZ,0.4277,2.9260,inf
6CBZ,decoy387,EST_redock_6CBZ,0.4275,2.9529,inf
6CBZ,decoy182,EST_redock_6CBZ,0.4263,2.4535,inf
6CBZ,decoy229,EST_redock_6CBZ,0.4240,2.8692,inf
6CBZ,decoy358,EST_redock_6CBZ,0.4177,2.6623,inf
6CBZ,decoy286,EST_redock_6CBZ,0.4175,2.6607,inf
6CBZ,decoy97,EST_redock_6CBZ,0.4163,2.5517,inf
6CBZ,decoy283,EST_redock_6CBZ,0.4162,2.8495,inf
6CBZ,decoy339,EST_redock_6CBZ,0.4162,2.6907,inf
6CBZ,decoy66,EST_redock_6CBZ,0.4141,2.3279,inf
6CBZ,decoy79,EST_redock_6CBZ,0.4123,2.4922,inf
6CBZ,decoy357,EST_redock_6CBZ,0.4114,2.4380,inf
6CBZ,decoy126,EST_redock_6CBZ,0.4109,2.6736,inf
6CBZ,decoy225,EST_redock_6CBZ,0.4092,2.8625,inf
6CBZ,decoy366,EST_redock_6CBZ,0.4064,2.3758,inf
6CBZ,decoy148,EST_redock_6CBZ,0.4032,2.4245,inf
6CBZ,decoy210,EST_redock_6CBZ,0.4019,2.8630,inf
6CBZ,decoy277,EST_redock_6CBZ,0.3986,2.8495,inf
6CBZ,decoy89,EST_redock_6CBZ,0.3986,2.3747,inf
6CBZ,decoy379,EST_redock_6CBZ,0.3945,2.7282,inf
6CBZ,decoy380,EST_redock_6CBZ,0.3943,2.3507,inf
6CBZ,decoy299,EST_redock_6CBZ,0.3913,2.6526,inf
6CBZ,decoy106,EST_redock_6CBZ,0.3862,2.6921,inf
6CBZ,57-88-5_min,EST_redock_6CBZ,0.3858,2.9729,inf
6CBZ,decoy17,EST_redock_6CBZ,0.3810,2.4516,inf
6CBZ,decoy177,EST_redock_6CBZ,0.3801,2.5009,inf
6CBZ,decoy202,EST_redock_6CBZ,0.3746,2.5411,inf
6CBZ,decoy138,EST_redock_6CBZ,0.3742,2.2750,inf
6CBZ,decoy163,EST_redock_6CBZ,0.3687,2.5652,inf
6CBZ,decoy129,EST_redock_6CBZ,0.3654,2.2048,inf
6CBZ,decoy217,EST_redock_6CBZ,0.3636,2.4135,inf
6CBZ,decoy142,EST_redock_6CBZ,0.3625,2.4721,inf
6CBZ,decoy327,EST_redock_6CBZ,0.3611,2.5058,inf
6CBZ,decoy170,EST_redock_6CBZ,0.3598,2.4532,inf
6CBZ,decoy262,EST_redock_6CBZ,0.3584,1.6247,inf
6CBZ,decoy233,EST_redock_6CBZ,0.3582,1.9301,inf
6CBZ,decoy139,EST_redock_6CBZ,0.3567,2.4731,inf
6CBZ,decoy218,EST_redock_6CBZ,0.3548,2.5776,inf
6CBZ,decoy323,EST_redock_6CBZ,0.3536,2.5088,inf
6CBZ,decoy383,EST_redock_6CBZ,0.3528,2.1962,inf
6CBZ,decoy292,EST_redock_6CBZ,0.3524,2.4148,inf
6CBZ,decoy237,EST_redock_6CBZ,0.3521,2.4319,inf
6CBZ,decoy378,EST_redock_6CBZ,0.3495,2.2561,inf
6CBZ,decoy74,EST_redock_6CBZ,0.3486,2.3001,inf
6CBZ,decoy303,EST_redock_6CBZ,0.3461,2.3676,inf
6CBZ,decoy402,EST_redock_6CBZ,0.3433,2.3355,inf
6CBZ,decoy377,EST_redock_6CBZ,0.3425,1.9169,inf
6CBZ,decoy293,EST_redock_6CBZ,0.3336,2.3538,inf
6CBZ,decoy341,EST_redock_6CBZ,0.3329,2.3035,inf
6CBZ,decoy181,EST_redock_6CBZ,0.3316,2.3566,inf
6CBZ,decoy353,EST_redock_6CBZ,0.3301,2.2946,inf
6CBZ,decoy346,EST_redock_6CBZ,0.3289,2.0184,inf
6CBZ,decoy340,EST_redock_6CBZ,0.3267,2.5110,inf
6CBZ,decoy98,EST_redock_6CBZ,0.3254,2.0750,inf
6CBZ,decoy65,EST_redock_6CBZ,0.3245,2.2188,inf
6CBZ,decoy430,EST_redock_6CBZ,0.3218,2.0450,inf
6CBZ,decoy321,EST_redock_6CBZ,0.3212,2.3402,inf
6CBZ,decoy136,EST_redock_6CBZ,0.3211,2.3173,inf
6CBZ,decoy423,EST_redock_6CBZ,0.3207,2.1505,inf
6CBZ,decoy335,EST_redock_6CBZ,0.3188,2.1149,inf
6CBZ,decoy365,EST_redock_6CBZ,0.3164,2.0145,inf
6CBZ,decoy350,EST_redock_6CBZ,0.3163,1.9789,inf
6CBZ,decoy200,EST_redock_6CBZ,0.3154,2.1284,inf
6CBZ,decoy70,EST_redock_6CBZ,0.3135,1.8062,inf
6CBZ,decoy133,EST_redock_6CBZ,0.3119,2.0305,inf
6CBZ,decoy35,EST_redock_6CBZ,0.3081,2.0989,inf
6CBZ,decoy395,EST_redock_6CBZ,0.3071,1.8031,inf
6CBZ,decoy26,EST_redock_6CBZ,0.3008,2.0131,inf
6CBZ,decoy115,EST_redock_6CBZ,0.3007,2.1942,inf
6CBZ,decoy354,EST_redock_6CBZ,0.2989,1.9218,inf
6CBZ,decoy149,EST_redock_6CBZ,0.2832,1.7524,inf
6CBZ,decoy347,EST_redock_6CBZ,0.2809,1.5913,inf
6CBZ,decoy310,EST_redock_6CBZ,0.2733,1.8445,inf
6CBZ,1845-11-0_min,EST_redock_6CBZ,0.2673,1.8862,inf
6CBZ,83-46-5_min,EST_redock_6CBZ,0.2665,2.0054,inf
6CBZ,decoy86,EST_redock_6CBZ,0.2623,1.7321,inf
6CBZ,decoy391,EST_redock_6CBZ,0.2592,1.7294,inf
6CBZ,decoy369,EST_redock_6CBZ,0.2508,1.4228,inf
6CBZ,decoy372,EST_redock_6CBZ,0.2418,1.6009,inf
6CBZ,decoy370,EST_redock_6CBZ,0.2350,1.6336,inf
6CBZ,decoy371,EST_redock_6CBZ,0.2277,1.3141,inf
6CBZ,decoy58,EST_redock_6CBZ,0.2243,1.4829,inf
6CBZ,decoy325,EST_redock_6CBZ,0.2077,1.5324,inf
6CBZ,decoy127,EST_redock_6CBZ,0.2041,1.4050,inf
6CBZ,decoy161,EST_redock_6CBZ,0.1999,1.3165,inf
6CBZ,decoy324,EST_redock_6CBZ,0.1919,1.2715,inf
6CBZ,decoy432,EST_redock_6CBZ,0.1784,1.2118,inf
